file,source,split,author,licence,link
aq_IMG_2274_jpeg_jpg.rf.3d9a327d4097cfb70691313b0aa76fb5.jpg,Aquarium Combined v6 (Roboflow),train,Roboflow,CC BY 4.0,https://universe.roboflow.com/brad-dwyer/aquarium-combined
aq_IMG_2275_jpeg_jpg.rf.f4762f03b3e9c9b4de86823b6e82abb6.jpg,Aquarium Combined v6 (Roboflow),train,Roboflow,CC BY 4.0,https://universe.roboflow.com/brad-dwyer/aquarium-combined
aq_IMG_2276_jpeg_jpg.rf.fc86b3e1e32fde4eb36d34b56d2b1600.jpg,Aquarium Combined v6 (Roboflow),train,Roboflow,CC BY 4.0,https://universe.roboflow.com/brad-dwyer/aquarium-combined
aq_IMG_2280_jpeg_jpg.rf.dc8cdba3c183ecafc288b7e541e1ae51.jpg,Aquarium Combined v6 (Roboflow),train,Roboflow,CC BY 4.0,https://universe.roboflow.com/brad-dwyer/aquarium-combined
aq_IMG_2282_jpeg_jpg.rf.7144b899cc667f23319396411a086eae.jpg,Aquarium Combined v6 (Roboflow),train,Roboflow,CC BY 4.0,https://universe.roboflow.com/brad-dwyer/aquarium-combined
aq_IMG_2283_jpeg_jpg.rf.3c31b131e2e7f5fa43917de407560292.jpg,Aquarium Combined v6 (Roboflow),train,Roboflow,CC BY 4.0,https://universe.roboflow.com/brad-dwyer/aquarium-combined
aq_IMG_2284_jpeg_jpg.rf.e962cdcd4df810f9f4667366f8c533db.jpg,Aquarium Combined v6 (Roboflow),train,Roboflow,CC BY 4.0,https://universe.roboflow.com/brad-dwyer/aquarium-combined
aq_IMG_2285_jpeg_jpg.rf.f0e3a62b8ed8651386c643ef10419ab1.jpg,Aquarium Combined v6 (Roboflow),train,Roboflow,CC BY 4.0,https://universe.roboflow.com/brad-dwyer/aquarium-combined
aq_IMG_2286_jpeg_jpg.rf.9b777f2ef1d9846b75d72d30c911c052.jpg,Aquarium Combined v6 (Roboflow),train,Roboflow,CC BY 4.0,https://universe.roboflow.com/brad-dwyer/aquarium-combined
aq_IMG_2287_jpeg_jpg.rf.e9775e20dcfec5d1381ddb576e6b5846.jpg,Aquarium Combined v6 (Roboflow),train,Roboflow,CC BY 4.0,https://universe.roboflow.com/brad-dwyer/aquarium-combined
aq_IMG_2290_jpeg_jpg.rf.6cfc59b4cdb4a2ccb7c81aff3783d6cf.jpg,Aquarium Combined v6 (Roboflow),train,Roboflow,CC BY 4.0,https://universe.roboflow.com/brad-dwyer/aquarium-combined
aq_IMG_2291_jpeg_jpg.rf.f99ae59b4503917f86d03451095af8e2.jpg,Aquarium Combined v6 (Roboflow),train,Roboflow,CC BY 4.0,https://universe.roboflow.com/brad-dwyer/aquarium-combined
aq_IMG_2292_jpeg_jpg.rf.c23ca5963dbd7b57ce1145006018a6bd.jpg,Aquarium Combined v6 (Roboflow),train,Roboflow,CC BY 4.0,https://universe.roboflow.com/brad-dwyer/aquarium-combined
aq_IMG_2293_jpeg_jpg.rf.7d8c13c0ab3237f407d937bde9e8f524.jpg,Aquarium Combined v6 (Roboflow),train,Roboflow,CC BY 4.0,https://universe.roboflow.com/brad-dwyer/aquarium-combined
aq_IMG_2294_jpeg_jpg.rf.7c2b1fd49dfbac934008838cf56970b6.jpg,Aquarium Combined v6 (Roboflow),train,Roboflow,CC BY 4.0,https://universe.roboflow.com/brad-dwyer/aquarium-combined
aq_IMG_2295_jpeg_jpg.rf.f339b5fe7a5e3eea3ca3f4c7fcce4f82.jpg,Aquarium Combined v6 (Roboflow),train,Roboflow,CC BY 4.0,https://universe.roboflow.com/brad-dwyer/aquarium-combined
aq_IMG_2296_jpeg_jpg.rf.0d98ecb0b01153681557a7f5ddd8d5bb.jpg,Aquarium Combined v6 (Roboflow),train,Roboflow,CC BY 4.0,https://universe.roboflow.com/brad-dwyer/aquarium-combined
aq_IMG_2298_jpeg_jpg.rf.ca575e93ad215a0f68700edc3e58689f.jpg,Aquarium Combined v6 (Roboflow),train,Roboflow,CC BY 4.0,https://universe.roboflow.com/brad-dwyer/aquarium-combined
aq_IMG_2299_jpeg_jpg.rf.20a135d0342170cc8f6bc19c74a35ac7.jpg,Aquarium Combined v6 (Roboflow),train,Roboflow,CC BY 4.0,https://universe.roboflow.com/brad-dwyer/aquarium-combined
aq_IMG_2302_jpeg_jpg.rf.dcac099b91137ebd030621d253fe8c3f.jpg,Aquarium Combined v6 (Roboflow),train,Roboflow,CC BY 4.0,https://universe.roboflow.com/brad-dwyer/aquarium-combined
aq_IMG_2303_jpeg_jpg.rf.1ab89de6f923fe24ff9258a976cc68d0.jpg,Aquarium Combined v6 (Roboflow),train,Roboflow,CC BY 4.0,https://universe.roboflow.com/brad-dwyer/aquarium-combined
aq_IMG_2304_jpeg_jpg.rf.c285b50d97fd53fe6d0c67389ca80ab4.jpg,Aquarium Combined v6 (Roboflow),train,Roboflow,CC BY 4.0,https://universe.roboflow.com/brad-dwyer/aquarium-combined
aq_IMG_2306_jpeg_jpg.rf.a39e949b49f6d02a14e86044af244c77.jpg,Aquarium Combined v6 (Roboflow),train,Roboflow,CC BY 4.0,https://universe.roboflow.com/brad-dwyer/aquarium-combined
aq_IMG_2307_jpeg_jpg.rf.3b5284e8b85be59d12e7f5a88068024d.jpg,Aquarium Combined v6 (Roboflow),train,Roboflow,CC BY 4.0,https://universe.roboflow.com/brad-dwyer/aquarium-combined
aq_IMG_2308_jpeg_jpg.rf.fa03adccb4ba923a629ab352b9a4051b.jpg,Aquarium Combined v6 (Roboflow),train,Roboflow,CC BY 4.0,https://universe.roboflow.com/brad-dwyer/aquarium-combined
aq_IMG_2309_jpeg_jpg.rf.ca336d634a3ade7c359560341733e9bb.jpg,Aquarium Combined v6 (Roboflow),train,Roboflow,CC BY 4.0,https://universe.roboflow.com/brad-dwyer/aquarium-combined
aq_IMG_2310_jpeg_jpg.rf.3040a623796dab2e8c1ffbac53533692.jpg,Aquarium Combined v6 (Roboflow),train,Roboflow,CC BY 4.0,https://universe.roboflow.com/brad-dwyer/aquarium-combined
aq_IMG_2311_jpeg_jpg.rf.3e1c1162433f283ee5df3fe9784c4888.jpg,Aquarium Combined v6 (Roboflow),train,Roboflow,CC BY 4.0,https://universe.roboflow.com/brad-dwyer/aquarium-combined
aq_IMG_2312_jpeg_jpg.rf.47b970d04ae790f8d2515e6f64822f93.jpg,Aquarium Combined v6 (Roboflow),train,Roboflow,CC BY 4.0,https://universe.roboflow.com/brad-dwyer/aquarium-combined
aq_IMG_2313_jpeg_jpg.rf.08bb8929c9c312414e109c73033e9639.jpg,Aquarium Combined v6 (Roboflow),train,Roboflow,CC BY 4.0,https://universe.roboflow.com/brad-dwyer/aquarium-combined
aq_IMG_2314_jpeg_jpg.rf.3d1b361d2524914c96b27168eee6c1b0.jpg,Aquarium Combined v6 (Roboflow),train,Roboflow,CC BY 4.0,https://universe.roboflow.com/brad-dwyer/aquarium-combined
aq_IMG_2315_jpeg_jpg.rf.aba4190ab72582ef7f3b6fdcce41db24.jpg,Aquarium Combined v6 (Roboflow),train,Roboflow,CC BY 4.0,https://universe.roboflow.com/brad-dwyer/aquarium-combined
aq_IMG_2316_jpeg_jpg.rf.110fa676fe4c7d46f0f14de121912c0e.jpg,Aquarium Combined v6 (Roboflow),train,Roboflow,CC BY 4.0,https://universe.roboflow.com/brad-dwyer/aquarium-combined
aq_IMG_2320_jpeg_jpg.rf.59cb47e9714627a9af2c71704745561b.jpg,Aquarium Combined v6 (Roboflow),train,Roboflow,CC BY 4.0,https://universe.roboflow.com/brad-dwyer/aquarium-combined
aq_IMG_2321_jpeg_jpg.rf.68d60b9665391f708d51a9859f9476e6.jpg,Aquarium Combined v6 (Roboflow),train,Roboflow,CC BY 4.0,https://universe.roboflow.com/brad-dwyer/aquarium-combined
aq_IMG_2322_jpeg_jpg.rf.1dc976edb702d748bbed6cec3415eda2.jpg,Aquarium Combined v6 (Roboflow),train,Roboflow,CC BY 4.0,https://universe.roboflow.com/brad-dwyer/aquarium-combined
aq_IMG_2324_jpeg_jpg.rf.07b9fd179f9231ebd320c89ad2a0c1e8.jpg,Aquarium Combined v6 (Roboflow),train,Roboflow,CC BY 4.0,https://universe.roboflow.com/brad-dwyer/aquarium-combined
aq_IMG_2326_jpeg_jpg.rf.f3797a5272765c1a1c74175d807fee8d.jpg,Aquarium Combined v6 (Roboflow),train,Roboflow,CC BY 4.0,https://universe.roboflow.com/brad-dwyer/aquarium-combined
aq_IMG_2327_jpeg_jpg.rf.287ec75a90f904647e74d153d02ec8b1.jpg,Aquarium Combined v6 (Roboflow),train,Roboflow,CC BY 4.0,https://universe.roboflow.com/brad-dwyer/aquarium-combined
aq_IMG_2328_jpeg_jpg.rf.6be696901cb324388d66a4d30329c41c.jpg,Aquarium Combined v6 (Roboflow),train,Roboflow,CC BY 4.0,https://universe.roboflow.com/brad-dwyer/aquarium-combined
aq_IMG_2330_jpeg_jpg.rf.8d64aa2342492093489d0373a6e3ac69.jpg,Aquarium Combined v6 (Roboflow),train,Roboflow,CC BY 4.0,https://universe.roboflow.com/brad-dwyer/aquarium-combined
aq_IMG_2331_jpeg_jpg.rf.529f102eddffd50d8787319b5939a28c.jpg,Aquarium Combined v6 (Roboflow),train,Roboflow,CC BY 4.0,https://universe.roboflow.com/brad-dwyer/aquarium-combined
aq_IMG_2332_jpeg_jpg.rf.54f7d2190a6a612a0b609bf4f000b8bc.jpg,Aquarium Combined v6 (Roboflow),train,Roboflow,CC BY 4.0,https://universe.roboflow.com/brad-dwyer/aquarium-combined
aq_IMG_2335_jpeg_jpg.rf.198075641fb7029f6b2350223dae9a7e.jpg,Aquarium Combined v6 (Roboflow),train,Roboflow,CC BY 4.0,https://universe.roboflow.com/brad-dwyer/aquarium-combined
aq_IMG_2336_jpeg_jpg.rf.f0bd7c3eee67a9521a13976b61bf9a74.jpg,Aquarium Combined v6 (Roboflow),train,Roboflow,CC BY 4.0,https://universe.roboflow.com/brad-dwyer/aquarium-combined
aq_IMG_2338_jpeg_jpg.rf.d57a41b260b2c57681f34e3d9baa1f58.jpg,Aquarium Combined v6 (Roboflow),train,Roboflow,CC BY 4.0,https://universe.roboflow.com/brad-dwyer/aquarium-combined
aq_IMG_2341_jpeg_jpg.rf.05dca786d127593f2a7ff91d9200ce9d.jpg,Aquarium Combined v6 (Roboflow),train,Roboflow,CC BY 4.0,https://universe.roboflow.com/brad-dwyer/aquarium-combined
aq_IMG_2343_jpeg_jpg.rf.d7861363c2bbf3a3b493ea21de1aed9c.jpg,Aquarium Combined v6 (Roboflow),train,Roboflow,CC BY 4.0,https://universe.roboflow.com/brad-dwyer/aquarium-combined
aq_IMG_2344_jpeg_jpg.rf.729c5d6ec32af6af493e2af910a9ceac.jpg,Aquarium Combined v6 (Roboflow),train,Roboflow,CC BY 4.0,https://universe.roboflow.com/brad-dwyer/aquarium-combined
aq_IMG_2346_jpeg_jpg.rf.f017e045011cef368fbed65baceaa012.jpg,Aquarium Combined v6 (Roboflow),train,Roboflow,CC BY 4.0,https://universe.roboflow.com/brad-dwyer/aquarium-combined
aq_IMG_2349_jpeg_jpg.rf.2e1d053b4cdceae54b081f470479da78.jpg,Aquarium Combined v6 (Roboflow),train,Roboflow,CC BY 4.0,https://universe.roboflow.com/brad-dwyer/aquarium-combined
aq_IMG_2350_jpeg_jpg.rf.994a919d8289a782b796b76692c3084e.jpg,Aquarium Combined v6 (Roboflow),train,Roboflow,CC BY 4.0,https://universe.roboflow.com/brad-dwyer/aquarium-combined
aq_IMG_2351_jpeg_jpg.rf.f3aa02657aa4793d4c21dcf6f0b00420.jpg,Aquarium Combined v6 (Roboflow),train,Roboflow,CC BY 4.0,https://universe.roboflow.com/brad-dwyer/aquarium-combined
aq_IMG_2352_jpeg_jpg.rf.fdca526fbb6b455b9626aebe6b0ee13e.jpg,Aquarium Combined v6 (Roboflow),train,Roboflow,CC BY 4.0,https://universe.roboflow.com/brad-dwyer/aquarium-combined
aq_IMG_2358_jpeg_jpg.rf.0282a8e122a9b2d03ca68159f0b55705.jpg,Aquarium Combined v6 (Roboflow),train,Roboflow,CC BY 4.0,https://universe.roboflow.com/brad-dwyer/aquarium-combined
aq_IMG_2359_jpeg_jpg.rf.a3d1b4337237ef5e453b33f4aaaf0b50.jpg,Aquarium Combined v6 (Roboflow),train,Roboflow,CC BY 4.0,https://universe.roboflow.com/brad-dwyer/aquarium-combined
aq_IMG_2360_jpeg_jpg.rf.fc0e83f4c45d73d0bd9816ec76dfe110.jpg,Aquarium Combined v6 (Roboflow),train,Roboflow,CC BY 4.0,https://universe.roboflow.com/brad-dwyer/aquarium-combined
aq_IMG_2361_jpeg_jpg.rf.f9d07954356ea458058fa89d8406fa8d.jpg,Aquarium Combined v6 (Roboflow),train,Roboflow,CC BY 4.0,https://universe.roboflow.com/brad-dwyer/aquarium-combined
aq_IMG_2362_jpeg_jpg.rf.28c6e41090047ff0c72a52c8d88cfb19.jpg,Aquarium Combined v6 (Roboflow),train,Roboflow,CC BY 4.0,https://universe.roboflow.com/brad-dwyer/aquarium-combined
aq_IMG_2363_jpeg_jpg.rf.dc8e6ee9421440ebf509789e4bf8c0a7.jpg,Aquarium Combined v6 (Roboflow),train,Roboflow,CC BY 4.0,https://universe.roboflow.com/brad-dwyer/aquarium-combined
aq_IMG_2364_jpeg_jpg.rf.fd2e0098ae80ab8c63af203e9bb31b83.jpg,Aquarium Combined v6 (Roboflow),train,Roboflow,CC BY 4.0,https://universe.roboflow.com/brad-dwyer/aquarium-combined
aq_IMG_2365_jpeg_jpg.rf.8e70e3e7325143ea21460ff357eafe93.jpg,Aquarium Combined v6 (Roboflow),train,Roboflow,CC BY 4.0,https://universe.roboflow.com/brad-dwyer/aquarium-combined
aq_IMG_2368_jpeg_jpg.rf.bcfca06eb8ea845a64d8ee932d51109c.jpg,Aquarium Combined v6 (Roboflow),train,Roboflow,CC BY 4.0,https://universe.roboflow.com/brad-dwyer/aquarium-combined
aq_IMG_2369_jpeg_jpg.rf.4172a481ce0e8029ee9b1cf35a99d186.jpg,Aquarium Combined v6 (Roboflow),train,Roboflow,CC BY 4.0,https://universe.roboflow.com/brad-dwyer/aquarium-combined
aq_IMG_2370_jpeg_jpg.rf.967053348e04bd71d036d25032e61be1.jpg,Aquarium Combined v6 (Roboflow),train,Roboflow,CC BY 4.0,https://universe.roboflow.com/brad-dwyer/aquarium-combined
aq_IMG_2372_jpeg_jpg.rf.fafbb5375749a8e39107b2c4a14889e3.jpg,Aquarium Combined v6 (Roboflow),train,Roboflow,CC BY 4.0,https://universe.roboflow.com/brad-dwyer/aquarium-combined
aq_IMG_2373_jpeg_jpg.rf.7b2655d7a0a8a2637415910727695675.jpg,Aquarium Combined v6 (Roboflow),train,Roboflow,CC BY 4.0,https://universe.roboflow.com/brad-dwyer/aquarium-combined
aq_IMG_2374_jpeg_jpg.rf.a2aaca341fb294b6f35b67fe4666d1b1.jpg,Aquarium Combined v6 (Roboflow),train,Roboflow,CC BY 4.0,https://universe.roboflow.com/brad-dwyer/aquarium-combined
aq_IMG_2375_jpeg_jpg.rf.b57c829184766cb23f9e560a9b0b598c.jpg,Aquarium Combined v6 (Roboflow),train,Roboflow,CC BY 4.0,https://universe.roboflow.com/brad-dwyer/aquarium-combined
aq_IMG_2376_jpeg_jpg.rf.a67d3b9ed7952f00b1b348b79634512a.jpg,Aquarium Combined v6 (Roboflow),train,Roboflow,CC BY 4.0,https://universe.roboflow.com/brad-dwyer/aquarium-combined
aq_IMG_2377_jpeg_jpg.rf.c4ad9f3339efc5aa2492402c7b2b7c69.jpg,Aquarium Combined v6 (Roboflow),train,Roboflow,CC BY 4.0,https://universe.roboflow.com/brad-dwyer/aquarium-combined
aq_IMG_2378_jpeg_jpg.rf.7ec34ddfc213c922b355e9378324ee7f.jpg,Aquarium Combined v6 (Roboflow),train,Roboflow,CC BY 4.0,https://universe.roboflow.com/brad-dwyer/aquarium-combined
aq_IMG_2382_jpeg_jpg.rf.c0aedfe8fe8ed7cfeeeb392f706aad50.jpg,Aquarium Combined v6 (Roboflow),train,Roboflow,CC BY 4.0,https://universe.roboflow.com/brad-dwyer/aquarium-combined
aq_IMG_2383_jpeg_jpg.rf.e9bbd05155dcac8430a11232df9ec552.jpg,Aquarium Combined v6 (Roboflow),train,Roboflow,CC BY 4.0,https://universe.roboflow.com/brad-dwyer/aquarium-combined
aq_IMG_2384_jpeg_jpg.rf.fdeacf82b1cb2a4c23cd66ac839b0a74.jpg,Aquarium Combined v6 (Roboflow),train,Roboflow,CC BY 4.0,https://universe.roboflow.com/brad-dwyer/aquarium-combined
aq_IMG_2385_jpeg_jpg.rf.1fa747cd278e3a447c66cae8ef0ca199.jpg,Aquarium Combined v6 (Roboflow),train,Roboflow,CC BY 4.0,https://universe.roboflow.com/brad-dwyer/aquarium-combined
aq_IMG_2386_jpeg_jpg.rf.b81b72e1d80be48dc9d0d164d9be9a2b.jpg,Aquarium Combined v6 (Roboflow),train,Roboflow,CC BY 4.0,https://universe.roboflow.com/brad-dwyer/aquarium-combined
aq_IMG_2389_jpeg_jpg.rf.1ddf3973892b4459302215fc94e3fc40.jpg,Aquarium Combined v6 (Roboflow),train,Roboflow,CC BY 4.0,https://universe.roboflow.com/brad-dwyer/aquarium-combined
aq_IMG_2390_jpeg_jpg.rf.afe3744c0f3db820ac6a867c12d70d81.jpg,Aquarium Combined v6 (Roboflow),train,Roboflow,CC BY 4.0,https://universe.roboflow.com/brad-dwyer/aquarium-combined
aq_IMG_2393_jpeg_jpg.rf.1c52f1b134cebf8599afb226eb2dfbb1.jpg,Aquarium Combined v6 (Roboflow),train,Roboflow,CC BY 4.0,https://universe.roboflow.com/brad-dwyer/aquarium-combined
aq_IMG_2394_jpeg_jpg.rf.ab6221256fdb922831385f7fb4c4c954.jpg,Aquarium Combined v6 (Roboflow),train,Roboflow,CC BY 4.0,https://universe.roboflow.com/brad-dwyer/aquarium-combined
aq_IMG_2399_jpeg_jpg.rf.6ddf89c58ac77d7894fa0ac1092c2e2e.jpg,Aquarium Combined v6 (Roboflow),train,Roboflow,CC BY 4.0,https://universe.roboflow.com/brad-dwyer/aquarium-combined
aq_IMG_2400_jpeg_jpg.rf.282f5f55dc57c89f264f11b412f8bec9.jpg,Aquarium Combined v6 (Roboflow),train,Roboflow,CC BY 4.0,https://universe.roboflow.com/brad-dwyer/aquarium-combined
aq_IMG_2401_jpeg_jpg.rf.231e379ac238aca0dfe76ddc70079c4f.jpg,Aquarium Combined v6 (Roboflow),train,Roboflow,CC BY 4.0,https://universe.roboflow.com/brad-dwyer/aquarium-combined
aq_IMG_2402_jpeg_jpg.rf.a7b489eaaaf6723fa051e885f31fe657.jpg,Aquarium Combined v6 (Roboflow),train,Roboflow,CC BY 4.0,https://universe.roboflow.com/brad-dwyer/aquarium-combined
aq_IMG_2403_jpeg_jpg.rf.319280a2148a48c37ecc4dfcbb2cfb96.jpg,Aquarium Combined v6 (Roboflow),train,Roboflow,CC BY 4.0,https://universe.roboflow.com/brad-dwyer/aquarium-combined
aq_IMG_2405_jpeg_jpg.rf.767ab12cb159e2dca055a8ed06837dc6.jpg,Aquarium Combined v6 (Roboflow),train,Roboflow,CC BY 4.0,https://universe.roboflow.com/brad-dwyer/aquarium-combined
aq_IMG_2406_jpeg_jpg.rf.b136d80814023e28864def9cce601be1.jpg,Aquarium Combined v6 (Roboflow),train,Roboflow,CC BY 4.0,https://universe.roboflow.com/brad-dwyer/aquarium-combined
aq_IMG_2408_jpeg_jpg.rf.cffc3ddb276417d3cdaa22947aee0db0.jpg,Aquarium Combined v6 (Roboflow),train,Roboflow,CC BY 4.0,https://universe.roboflow.com/brad-dwyer/aquarium-combined
aq_IMG_2409_jpeg_jpg.rf.51cefdd85f4320ad4f5f7db9639b7b87.jpg,Aquarium Combined v6 (Roboflow),train,Roboflow,CC BY 4.0,https://universe.roboflow.com/brad-dwyer/aquarium-combined
aq_IMG_2410_jpeg_jpg.rf.f6dcf8d19e8bfc59f84c75023a81bece.jpg,Aquarium Combined v6 (Roboflow),train,Roboflow,CC BY 4.0,https://universe.roboflow.com/brad-dwyer/aquarium-combined
aq_IMG_2412_jpeg_jpg.rf.0c57a5e783549d9f84468107832c9530.jpg,Aquarium Combined v6 (Roboflow),train,Roboflow,CC BY 4.0,https://universe.roboflow.com/brad-dwyer/aquarium-combined
aq_IMG_2413_jpeg_jpg.rf.d8945ff197025d94570163bf700e3d91.jpg,Aquarium Combined v6 (Roboflow),train,Roboflow,CC BY 4.0,https://universe.roboflow.com/brad-dwyer/aquarium-combined
aq_IMG_2414_jpeg_jpg.rf.75555d258968558b749c258fca749231.jpg,Aquarium Combined v6 (Roboflow),train,Roboflow,CC BY 4.0,https://universe.roboflow.com/brad-dwyer/aquarium-combined
aq_IMG_2415_jpeg_jpg.rf.1e5be76b408923a86caeddb246dc292b.jpg,Aquarium Combined v6 (Roboflow),train,Roboflow,CC BY 4.0,https://universe.roboflow.com/brad-dwyer/aquarium-combined
aq_IMG_2417_jpeg_jpg.rf.1cffa10e779b34996f3fa1116d4f11d4.jpg,Aquarium Combined v6 (Roboflow),train,Roboflow,CC BY 4.0,https://universe.roboflow.com/brad-dwyer/aquarium-combined
aq_IMG_2418_jpeg_jpg.rf.2c977aa75de14e6a78b8dc0f9b0c117e.jpg,Aquarium Combined v6 (Roboflow),train,Roboflow,CC BY 4.0,https://universe.roboflow.com/brad-dwyer/aquarium-combined
aq_IMG_2419_jpeg_jpg.rf.1ab083eb2a550348546bfb41452ec8fa.jpg,Aquarium Combined v6 (Roboflow),train,Roboflow,CC BY 4.0,https://universe.roboflow.com/brad-dwyer/aquarium-combined
aq_IMG_2420_jpeg_jpg.rf.16ef4653c1139c74e84ba934adcb37a7.jpg,Aquarium Combined v6 (Roboflow),train,Roboflow,CC BY 4.0,https://universe.roboflow.com/brad-dwyer/aquarium-combined
aq_IMG_2421_jpeg_jpg.rf.4f38737c5ff00d948b450e75c64c5f9a.jpg,Aquarium Combined v6 (Roboflow),train,Roboflow,CC BY 4.0,https://universe.roboflow.com/brad-dwyer/aquarium-combined
aq_IMG_2422_jpeg_jpg.rf.5c92d0e358323bde0efd62670567f5ba.jpg,Aquarium Combined v6 (Roboflow),train,Roboflow,CC BY 4.0,https://universe.roboflow.com/brad-dwyer/aquarium-combined
aq_IMG_2426_jpeg_jpg.rf.27319abb388b65b241856165eb779044.jpg,Aquarium Combined v6 (Roboflow),train,Roboflow,CC BY 4.0,https://universe.roboflow.com/brad-dwyer/aquarium-combined
aq_IMG_2427_jpeg_jpg.rf.3ea8d4035c8d786a23c3118b53b22449.jpg,Aquarium Combined v6 (Roboflow),train,Roboflow,CC BY 4.0,https://universe.roboflow.com/brad-dwyer/aquarium-combined
aq_IMG_2429_jpeg_jpg.rf.4167be6385b7a00a92c28ab2c5908f3e.jpg,Aquarium Combined v6 (Roboflow),train,Roboflow,CC BY 4.0,https://universe.roboflow.com/brad-dwyer/aquarium-combined
aq_IMG_2430_jpeg_jpg.rf.801bbb3c0d1804b5741bdfb8f082d85d.jpg,Aquarium Combined v6 (Roboflow),train,Roboflow,CC BY 4.0,https://universe.roboflow.com/brad-dwyer/aquarium-combined
aq_IMG_2432_jpeg_jpg.rf.fc62be06e814d72e7c4d1484b90f5da0.jpg,Aquarium Combined v6 (Roboflow),train,Roboflow,CC BY 4.0,https://universe.roboflow.com/brad-dwyer/aquarium-combined
aq_IMG_2433_jpeg_jpg.rf.4c5cde0f9fb52386fcda6c4db45aa863.jpg,Aquarium Combined v6 (Roboflow),train,Roboflow,CC BY 4.0,https://universe.roboflow.com/brad-dwyer/aquarium-combined
aq_IMG_2435_jpeg_jpg.rf.30151745cd631bb16999ec43161a84e5.jpg,Aquarium Combined v6 (Roboflow),train,Roboflow,CC BY 4.0,https://universe.roboflow.com/brad-dwyer/aquarium-combined
aq_IMG_2436_jpeg_jpg.rf.0b308af4eb7a3edbeb9c3b57e1aca04f.jpg,Aquarium Combined v6 (Roboflow),train,Roboflow,CC BY 4.0,https://universe.roboflow.com/brad-dwyer/aquarium-combined
aq_IMG_2437_jpeg_jpg.rf.c3d22bfdddb74501ee49e0843dad0717.jpg,Aquarium Combined v6 (Roboflow),train,Roboflow,CC BY 4.0,https://universe.roboflow.com/brad-dwyer/aquarium-combined
aq_IMG_2438_jpeg_jpg.rf.10f0b674df8a3ecdd62f5c8de4ef83e6.jpg,Aquarium Combined v6 (Roboflow),train,Roboflow,CC BY 4.0,https://universe.roboflow.com/brad-dwyer/aquarium-combined
aq_IMG_2439_jpeg_jpg.rf.0b6c92e736a48692a4411c9eec58990f.jpg,Aquarium Combined v6 (Roboflow),train,Roboflow,CC BY 4.0,https://universe.roboflow.com/brad-dwyer/aquarium-combined
aq_IMG_2440_jpeg_jpg.rf.83f667588567105b98198c835f7f6575.jpg,Aquarium Combined v6 (Roboflow),train,Roboflow,CC BY 4.0,https://universe.roboflow.com/brad-dwyer/aquarium-combined
aq_IMG_2441_jpeg_jpg.rf.6e35b644c4ade4e5abb93be8d98d4b1d.jpg,Aquarium Combined v6 (Roboflow),train,Roboflow,CC BY 4.0,https://universe.roboflow.com/brad-dwyer/aquarium-combined
aq_IMG_2443_jpeg_jpg.rf.6246b5cc9b3a6dc048605aaf9e66e779.jpg,Aquarium Combined v6 (Roboflow),train,Roboflow,CC BY 4.0,https://universe.roboflow.com/brad-dwyer/aquarium-combined
aq_IMG_2444_jpeg_jpg.rf.1d65cb47c3cb8ce2edc9502819b7a027.jpg,Aquarium Combined v6 (Roboflow),train,Roboflow,CC BY 4.0,https://universe.roboflow.com/brad-dwyer/aquarium-combined
aq_IMG_2445_jpeg_jpg.rf.a289020df935f8178c2e64ac3b330da8.jpg,Aquarium Combined v6 (Roboflow),train,Roboflow,CC BY 4.0,https://universe.roboflow.com/brad-dwyer/aquarium-combined
aq_IMG_2447_jpeg_jpg.rf.33dc512269bcd6a15b4751c3c3f0d1c4.jpg,Aquarium Combined v6 (Roboflow),train,Roboflow,CC BY 4.0,https://universe.roboflow.com/brad-dwyer/aquarium-combined
aq_IMG_2449_jpeg_jpg.rf.31bf2fcfdd805c7bb31014507daa47f3.jpg,Aquarium Combined v6 (Roboflow),train,Roboflow,CC BY 4.0,https://universe.roboflow.com/brad-dwyer/aquarium-combined
aq_IMG_2451_jpeg_jpg.rf.217804ae3d710cc274fa195717a5dbbe.jpg,Aquarium Combined v6 (Roboflow),train,Roboflow,CC BY 4.0,https://universe.roboflow.com/brad-dwyer/aquarium-combined
aq_IMG_2452_jpeg_jpg.rf.1529b28a8e2997461dc8724130f5ac9c.jpg,Aquarium Combined v6 (Roboflow),train,Roboflow,CC BY 4.0,https://universe.roboflow.com/brad-dwyer/aquarium-combined
aq_IMG_2456_jpeg_jpg.rf.2b10dfc651abac872f500142c4c47840.jpg,Aquarium Combined v6 (Roboflow),train,Roboflow,CC BY 4.0,https://universe.roboflow.com/brad-dwyer/aquarium-combined
aq_IMG_2458_jpeg_jpg.rf.23da7ecbbb543ca47f6f2534cfcb34e5.jpg,Aquarium Combined v6 (Roboflow),train,Roboflow,CC BY 4.0,https://universe.roboflow.com/brad-dwyer/aquarium-combined
aq_IMG_2459_jpeg_jpg.rf.3ebf3eb2ca0336f663513aaf8b5182f7.jpg,Aquarium Combined v6 (Roboflow),train,Roboflow,CC BY 4.0,https://universe.roboflow.com/brad-dwyer/aquarium-combined
aq_IMG_2460_jpeg_jpg.rf.54b3c26495cc175ea16f9bbf850d23a8.jpg,Aquarium Combined v6 (Roboflow),train,Roboflow,CC BY 4.0,https://universe.roboflow.com/brad-dwyer/aquarium-combined
aq_IMG_2461_jpeg_jpg.rf.48e72ea5e777f66e78638cf097250090.jpg,Aquarium Combined v6 (Roboflow),train,Roboflow,CC BY 4.0,https://universe.roboflow.com/brad-dwyer/aquarium-combined
aq_IMG_2462_jpeg_jpg.rf.b1d6d1d6cb173c6369c96d2d2ab8e238.jpg,Aquarium Combined v6 (Roboflow),train,Roboflow,CC BY 4.0,https://universe.roboflow.com/brad-dwyer/aquarium-combined
aq_IMG_2463_jpeg_jpg.rf.36bddb4fb94398044047b7345fc6c420.jpg,Aquarium Combined v6 (Roboflow),train,Roboflow,CC BY 4.0,https://universe.roboflow.com/brad-dwyer/aquarium-combined
aq_IMG_2467_jpeg_jpg.rf.8326eafc20c103fd6889f4e5d019c294.jpg,Aquarium Combined v6 (Roboflow),train,Roboflow,CC BY 4.0,https://universe.roboflow.com/brad-dwyer/aquarium-combined
aq_IMG_2471_jpeg_jpg.rf.da1875fc6f219b1136ebd34a4ad6e7c1.jpg,Aquarium Combined v6 (Roboflow),train,Roboflow,CC BY 4.0,https://universe.roboflow.com/brad-dwyer/aquarium-combined
aq_IMG_2472_jpeg_jpg.rf.8c8559810f3dbc8c4e67ac1fdc524584.jpg,Aquarium Combined v6 (Roboflow),train,Roboflow,CC BY 4.0,https://universe.roboflow.com/brad-dwyer/aquarium-combined
aq_IMG_2475_jpeg_jpg.rf.1383f0804e5e9ceb208eb49f8d8e472a.jpg,Aquarium Combined v6 (Roboflow),train,Roboflow,CC BY 4.0,https://universe.roboflow.com/brad-dwyer/aquarium-combined
aq_IMG_2476_jpeg_jpg.rf.ce07efb50989485f8cb0c1c415aff195.jpg,Aquarium Combined v6 (Roboflow),train,Roboflow,CC BY 4.0,https://universe.roboflow.com/brad-dwyer/aquarium-combined
aq_IMG_2478_jpeg_jpg.rf.7ae05b4c8cc3fca7e02fd07e96f82e54.jpg,Aquarium Combined v6 (Roboflow),train,Roboflow,CC BY 4.0,https://universe.roboflow.com/brad-dwyer/aquarium-combined
aq_IMG_2480_jpeg_jpg.rf.4a3e35b287305f2ef6a7bd93ef98cd12.jpg,Aquarium Combined v6 (Roboflow),train,Roboflow,CC BY 4.0,https://universe.roboflow.com/brad-dwyer/aquarium-combined
aq_IMG_2481_jpeg_jpg.rf.a3fe8fa3d006c099aea50e203698983f.jpg,Aquarium Combined v6 (Roboflow),train,Roboflow,CC BY 4.0,https://universe.roboflow.com/brad-dwyer/aquarium-combined
aq_IMG_2482_jpeg_jpg.rf.895389220ec005d35f32b01c9687392f.jpg,Aquarium Combined v6 (Roboflow),train,Roboflow,CC BY 4.0,https://universe.roboflow.com/brad-dwyer/aquarium-combined
aq_IMG_2483_jpeg_jpg.rf.23368ec356f7d39ab1e17845b66a54b8.jpg,Aquarium Combined v6 (Roboflow),train,Roboflow,CC BY 4.0,https://universe.roboflow.com/brad-dwyer/aquarium-combined
aq_IMG_2485_jpeg_jpg.rf.5c67f65929286874942cb7fd5685f7a4.jpg,Aquarium Combined v6 (Roboflow),train,Roboflow,CC BY 4.0,https://universe.roboflow.com/brad-dwyer/aquarium-combined
aq_IMG_2486_jpeg_jpg.rf.c406b5a9c3ac154ba0c3eb6c2e95b9d3.jpg,Aquarium Combined v6 (Roboflow),train,Roboflow,CC BY 4.0,https://universe.roboflow.com/brad-dwyer/aquarium-combined
aq_IMG_2487_jpeg_jpg.rf.4eff51cb40622b89d6e5055485a06779.jpg,Aquarium Combined v6 (Roboflow),train,Roboflow,CC BY 4.0,https://universe.roboflow.com/brad-dwyer/aquarium-combined
aq_IMG_2488_jpeg_jpg.rf.7a7c79f6a2c8246de20ff4075ed8d947.jpg,Aquarium Combined v6 (Roboflow),train,Roboflow,CC BY 4.0,https://universe.roboflow.com/brad-dwyer/aquarium-combined
aq_IMG_2489_jpeg_jpg.rf.30b8b4911238fad1e880d537e0af49be.jpg,Aquarium Combined v6 (Roboflow),train,Roboflow,CC BY 4.0,https://universe.roboflow.com/brad-dwyer/aquarium-combined
aq_IMG_2490_jpeg_jpg.rf.0169051c8209d19066705dabc704154e.jpg,Aquarium Combined v6 (Roboflow),train,Roboflow,CC BY 4.0,https://universe.roboflow.com/brad-dwyer/aquarium-combined
aq_IMG_2493_jpeg_jpg.rf.c63e1aedf13a67622c0318ee73e333c9.jpg,Aquarium Combined v6 (Roboflow),train,Roboflow,CC BY 4.0,https://universe.roboflow.com/brad-dwyer/aquarium-combined
aq_IMG_2494_jpeg_jpg.rf.4bb130bd64dae3568e8a9d088ec89bd3.jpg,Aquarium Combined v6 (Roboflow),train,Roboflow,CC BY 4.0,https://universe.roboflow.com/brad-dwyer/aquarium-combined
aq_IMG_2495_jpeg_jpg.rf.0967cae62c2ba9321064590d2f98028c.jpg,Aquarium Combined v6 (Roboflow),train,Roboflow,CC BY 4.0,https://universe.roboflow.com/brad-dwyer/aquarium-combined
aq_IMG_2497_jpeg_jpg.rf.c8798a7fb25cb666631df6f85c0971c2.jpg,Aquarium Combined v6 (Roboflow),train,Roboflow,CC BY 4.0,https://universe.roboflow.com/brad-dwyer/aquarium-combined
aq_IMG_2498_jpeg_jpg.rf.a24a02191b4529ad16556e5fcad36ac7.jpg,Aquarium Combined v6 (Roboflow),train,Roboflow,CC BY 4.0,https://universe.roboflow.com/brad-dwyer/aquarium-combined
aq_IMG_2500_jpeg_jpg.rf.9287f162a6d7057eb2e104f2ddbd27d3.jpg,Aquarium Combined v6 (Roboflow),train,Roboflow,CC BY 4.0,https://universe.roboflow.com/brad-dwyer/aquarium-combined
aq_IMG_2501_jpeg_jpg.rf.3f5b8202a67f83b479b48dd6fa5a4cda.jpg,Aquarium Combined v6 (Roboflow),train,Roboflow,CC BY 4.0,https://universe.roboflow.com/brad-dwyer/aquarium-combined
aq_IMG_2502_jpeg_jpg.rf.b7ad320accecb7f2c9dc21bc4e1f6129.jpg,Aquarium Combined v6 (Roboflow),train,Roboflow,CC BY 4.0,https://universe.roboflow.com/brad-dwyer/aquarium-combined
aq_IMG_2503_jpeg_jpg.rf.a89afd1cdb7c58d8931b2dac75b289fa.jpg,Aquarium Combined v6 (Roboflow),train,Roboflow,CC BY 4.0,https://universe.roboflow.com/brad-dwyer/aquarium-combined
aq_IMG_2504_jpeg_jpg.rf.8c2f4fd4a7cc19337659a3d284b9d89d.jpg,Aquarium Combined v6 (Roboflow),train,Roboflow,CC BY 4.0,https://universe.roboflow.com/brad-dwyer/aquarium-combined
aq_IMG_2506_jpeg_jpg.rf.87833b292813c77dfc797a332a6ed2c9.jpg,Aquarium Combined v6 (Roboflow),train,Roboflow,CC BY 4.0,https://universe.roboflow.com/brad-dwyer/aquarium-combined
aq_IMG_2507_jpeg_jpg.rf.a65012a4f9c03e5ba3e830ed1d17a89a.jpg,Aquarium Combined v6 (Roboflow),train,Roboflow,CC BY 4.0,https://universe.roboflow.com/brad-dwyer/aquarium-combined
aq_IMG_2508_jpeg_jpg.rf.93f378629b3db3c208d214cbcf599e6d.jpg,Aquarium Combined v6 (Roboflow),train,Roboflow,CC BY 4.0,https://universe.roboflow.com/brad-dwyer/aquarium-combined
aq_IMG_2509_jpeg_jpg.rf.bf57f33708352e4945863ef5453bdb58.jpg,Aquarium Combined v6 (Roboflow),train,Roboflow,CC BY 4.0,https://universe.roboflow.com/brad-dwyer/aquarium-combined
aq_IMG_2511_jpeg_jpg.rf.04e64e7191f6b087a7660f8f57f68e23.jpg,Aquarium Combined v6 (Roboflow),train,Roboflow,CC BY 4.0,https://universe.roboflow.com/brad-dwyer/aquarium-combined
aq_IMG_2513_jpeg_jpg.rf.b140cc3f5d4146b1ad3f1bd971fd3b58.jpg,Aquarium Combined v6 (Roboflow),train,Roboflow,CC BY 4.0,https://universe.roboflow.com/brad-dwyer/aquarium-combined
aq_IMG_2515_jpeg_jpg.rf.8f0f57557260b5ea1271839b88289d99.jpg,Aquarium Combined v6 (Roboflow),train,Roboflow,CC BY 4.0,https://universe.roboflow.com/brad-dwyer/aquarium-combined
aq_IMG_2516_jpeg_jpg.rf.5ac3565d0c8c1cf6504b03f82915698e.jpg,Aquarium Combined v6 (Roboflow),train,Roboflow,CC BY 4.0,https://universe.roboflow.com/brad-dwyer/aquarium-combined
aq_IMG_2518_jpeg_jpg.rf.d60bdaaf706631f4a1c5afba29deff0f.jpg,Aquarium Combined v6 (Roboflow),train,Roboflow,CC BY 4.0,https://universe.roboflow.com/brad-dwyer/aquarium-combined
aq_IMG_2520_jpeg_jpg.rf.9a314d1549f1b68acc7a2d03a8a7d04e.jpg,Aquarium Combined v6 (Roboflow),train,Roboflow,CC BY 4.0,https://universe.roboflow.com/brad-dwyer/aquarium-combined
aq_IMG_2521_jpeg_jpg.rf.15ed6439d0e37a9da1ddc86289abcb93.jpg,Aquarium Combined v6 (Roboflow),train,Roboflow,CC BY 4.0,https://universe.roboflow.com/brad-dwyer/aquarium-combined
aq_IMG_2524_jpeg_jpg.rf.2242f548ec6acd6de0c899fc1ca98520.jpg,Aquarium Combined v6 (Roboflow),train,Roboflow,CC BY 4.0,https://universe.roboflow.com/brad-dwyer/aquarium-combined
aq_IMG_2527_jpeg_jpg.rf.9900245b9064275b6f24d72d70b70927.jpg,Aquarium Combined v6 (Roboflow),train,Roboflow,CC BY 4.0,https://universe.roboflow.com/brad-dwyer/aquarium-combined
aq_IMG_2528_jpeg_jpg.rf.bb42f8c620bda6a7ce6933134b23fe8c.jpg,Aquarium Combined v6 (Roboflow),train,Roboflow,CC BY 4.0,https://universe.roboflow.com/brad-dwyer/aquarium-combined
aq_IMG_2529_jpeg_jpg.rf.7c9198003cb369e4fb656d5b178e86c1.jpg,Aquarium Combined v6 (Roboflow),train,Roboflow,CC BY 4.0,https://universe.roboflow.com/brad-dwyer/aquarium-combined
aq_IMG_2530_jpeg_jpg.rf.797df4495644f6fe0b075133e746ad38.jpg,Aquarium Combined v6 (Roboflow),train,Roboflow,CC BY 4.0,https://universe.roboflow.com/brad-dwyer/aquarium-combined
aq_IMG_2533_jpeg_jpg.rf.1d1c2f0989627bc5548b7e17b4747150.jpg,Aquarium Combined v6 (Roboflow),train,Roboflow,CC BY 4.0,https://universe.roboflow.com/brad-dwyer/aquarium-combined
aq_IMG_2536_jpeg_jpg.rf.aaed4fcd103c83645857ce46207bdaea.jpg,Aquarium Combined v6 (Roboflow),train,Roboflow,CC BY 4.0,https://universe.roboflow.com/brad-dwyer/aquarium-combined
aq_IMG_2537_jpeg_jpg.rf.81d29b9f422aaf8f427d688897e9e5b4.jpg,Aquarium Combined v6 (Roboflow),train,Roboflow,CC BY 4.0,https://universe.roboflow.com/brad-dwyer/aquarium-combined
aq_IMG_2538_jpeg_jpg.rf.814eb3011306d58f882298b675c016a6.jpg,Aquarium Combined v6 (Roboflow),train,Roboflow,CC BY 4.0,https://universe.roboflow.com/brad-dwyer/aquarium-combined
aq_IMG_2539_jpeg_jpg.rf.b69b7eebe3eb33c8d27cfe6b7b85ce1b.jpg,Aquarium Combined v6 (Roboflow),train,Roboflow,CC BY 4.0,https://universe.roboflow.com/brad-dwyer/aquarium-combined
aq_IMG_2540_jpeg_jpg.rf.5c798bf18b2328a4885af94e127233c9.jpg,Aquarium Combined v6 (Roboflow),train,Roboflow,CC BY 4.0,https://universe.roboflow.com/brad-dwyer/aquarium-combined
aq_IMG_2541_jpeg_jpg.rf.ffd1faa73e8c8d08b57c0bbbbeea3075.jpg,Aquarium Combined v6 (Roboflow),train,Roboflow,CC BY 4.0,https://universe.roboflow.com/brad-dwyer/aquarium-combined
aq_IMG_2542_jpeg_jpg.rf.bf3244d325bf0993d9c5387d1c3e3641.jpg,Aquarium Combined v6 (Roboflow),train,Roboflow,CC BY 4.0,https://universe.roboflow.com/brad-dwyer/aquarium-combined
aq_IMG_2543_jpeg_jpg.rf.db2f063ffc88aab77e18cb30801d5b82.jpg,Aquarium Combined v6 (Roboflow),train,Roboflow,CC BY 4.0,https://universe.roboflow.com/brad-dwyer/aquarium-combined
aq_IMG_2545_jpeg_jpg.rf.45285bb650ecb7655be2d65fb1224515.jpg,Aquarium Combined v6 (Roboflow),train,Roboflow,CC BY 4.0,https://universe.roboflow.com/brad-dwyer/aquarium-combined
aq_IMG_2548_jpeg_jpg.rf.24d2bd4e0472f32556c24db4eb34e800.jpg,Aquarium Combined v6 (Roboflow),train,Roboflow,CC BY 4.0,https://universe.roboflow.com/brad-dwyer/aquarium-combined
aq_IMG_2549_jpeg_jpg.rf.ff07548efb4ba62cc053c639a454085c.jpg,Aquarium Combined v6 (Roboflow),train,Roboflow,CC BY 4.0,https://universe.roboflow.com/brad-dwyer/aquarium-combined
aq_IMG_2550_jpeg_jpg.rf.214db9ae716fbf206ba58242a023d462.jpg,Aquarium Combined v6 (Roboflow),train,Roboflow,CC BY 4.0,https://universe.roboflow.com/brad-dwyer/aquarium-combined
aq_IMG_2551_jpeg_jpg.rf.542655da5f25c6d04807fc1bab0c05d1.jpg,Aquarium Combined v6 (Roboflow),train,Roboflow,CC BY 4.0,https://universe.roboflow.com/brad-dwyer/aquarium-combined
aq_IMG_2552_jpeg_jpg.rf.9b5c5d9b1570612df17db47351454f53.jpg,Aquarium Combined v6 (Roboflow),train,Roboflow,CC BY 4.0,https://universe.roboflow.com/brad-dwyer/aquarium-combined
aq_IMG_2553_jpeg_jpg.rf.92de376f6ce0335e89f33f2419f8b01d.jpg,Aquarium Combined v6 (Roboflow),train,Roboflow,CC BY 4.0,https://universe.roboflow.com/brad-dwyer/aquarium-combined
aq_IMG_2554_jpeg_jpg.rf.90e627558f586e1462a4701139ec60dc.jpg,Aquarium Combined v6 (Roboflow),train,Roboflow,CC BY 4.0,https://universe.roboflow.com/brad-dwyer/aquarium-combined
aq_IMG_2556_jpeg_jpg.rf.7ba05a068477c66839775682bed8f2af.jpg,Aquarium Combined v6 (Roboflow),train,Roboflow,CC BY 4.0,https://universe.roboflow.com/brad-dwyer/aquarium-combined
aq_IMG_2558_jpeg_jpg.rf.2dce52a4f1f8baae81f629aa9e08dc5c.jpg,Aquarium Combined v6 (Roboflow),train,Roboflow,CC BY 4.0,https://universe.roboflow.com/brad-dwyer/aquarium-combined
aq_IMG_2559_jpeg_jpg.rf.f114d312a416a6c02f4cb7e2af0e3cee.jpg,Aquarium Combined v6 (Roboflow),train,Roboflow,CC BY 4.0,https://universe.roboflow.com/brad-dwyer/aquarium-combined
aq_IMG_2560_jpeg_jpg.rf.9754f6fa5193e7cb29eab771ee605366.jpg,Aquarium Combined v6 (Roboflow),train,Roboflow,CC BY 4.0,https://universe.roboflow.com/brad-dwyer/aquarium-combined
aq_IMG_2561_jpeg_jpg.rf.48875ef920c9449cf55599ce57bf6945.jpg,Aquarium Combined v6 (Roboflow),train,Roboflow,CC BY 4.0,https://universe.roboflow.com/brad-dwyer/aquarium-combined
aq_IMG_2562_jpeg_jpg.rf.5e4f7f50c3ee5b052d2f25d698793d02.jpg,Aquarium Combined v6 (Roboflow),train,Roboflow,CC BY 4.0,https://universe.roboflow.com/brad-dwyer/aquarium-combined
aq_IMG_2563_jpeg_jpg.rf.0ef96778ca50178ef8a27d162fbc64f1.jpg,Aquarium Combined v6 (Roboflow),train,Roboflow,CC BY 4.0,https://universe.roboflow.com/brad-dwyer/aquarium-combined
aq_IMG_2564_jpeg_jpg.rf.38ab565d91fa6672ba335e4a3d9c58c1.jpg,Aquarium Combined v6 (Roboflow),train,Roboflow,CC BY 4.0,https://universe.roboflow.com/brad-dwyer/aquarium-combined
aq_IMG_2565_jpeg_jpg.rf.2bd4c00583417b96f956c0cfec134ce5.jpg,Aquarium Combined v6 (Roboflow),train,Roboflow,CC BY 4.0,https://universe.roboflow.com/brad-dwyer/aquarium-combined
aq_IMG_2566_jpeg_jpg.rf.852293ec4246a590e548ac7492378fc8.jpg,Aquarium Combined v6 (Roboflow),train,Roboflow,CC BY 4.0,https://universe.roboflow.com/brad-dwyer/aquarium-combined
aq_IMG_2568_jpeg_jpg.rf.21d4def9496466d22ee870d84dcb022b.jpg,Aquarium Combined v6 (Roboflow),train,Roboflow,CC BY 4.0,https://universe.roboflow.com/brad-dwyer/aquarium-combined
aq_IMG_2571_jpeg_jpg.rf.e79bd76a7f69fd85621fbb74fdc90394.jpg,Aquarium Combined v6 (Roboflow),train,Roboflow,CC BY 4.0,https://universe.roboflow.com/brad-dwyer/aquarium-combined
aq_IMG_2572_jpeg_jpg.rf.c3cef3c4c6b9819c426eb78bb35d658f.jpg,Aquarium Combined v6 (Roboflow),train,Roboflow,CC BY 4.0,https://universe.roboflow.com/brad-dwyer/aquarium-combined
aq_IMG_2573_jpeg_jpg.rf.11707e970af1eb59f2c4cde4fb7d2042.jpg,Aquarium Combined v6 (Roboflow),train,Roboflow,CC BY 4.0,https://universe.roboflow.com/brad-dwyer/aquarium-combined
aq_IMG_2575_jpeg_jpg.rf.4239213c0ba0c3887bde44e215505b1a.jpg,Aquarium Combined v6 (Roboflow),train,Roboflow,CC BY 4.0,https://universe.roboflow.com/brad-dwyer/aquarium-combined
aq_IMG_2576_jpeg_jpg.rf.638762894644ed6c108fe717332b6db0.jpg,Aquarium Combined v6 (Roboflow),train,Roboflow,CC BY 4.0,https://universe.roboflow.com/brad-dwyer/aquarium-combined
aq_IMG_2578_jpeg_jpg.rf.f78d4b46c469c17100fc19a572c7f436.jpg,Aquarium Combined v6 (Roboflow),train,Roboflow,CC BY 4.0,https://universe.roboflow.com/brad-dwyer/aquarium-combined
aq_IMG_2579_jpeg_jpg.rf.c605c408db026686556e78cc349c9731.jpg,Aquarium Combined v6 (Roboflow),train,Roboflow,CC BY 4.0,https://universe.roboflow.com/brad-dwyer/aquarium-combined
aq_IMG_2580_jpeg_jpg.rf.8ed0b9ac9d08803d1cd435dccc5aea75.jpg,Aquarium Combined v6 (Roboflow),train,Roboflow,CC BY 4.0,https://universe.roboflow.com/brad-dwyer/aquarium-combined
aq_IMG_2581_jpeg_jpg.rf.ce23d1cef31349a3e1bf1f1fc74b86a7.jpg,Aquarium Combined v6 (Roboflow),train,Roboflow,CC BY 4.0,https://universe.roboflow.com/brad-dwyer/aquarium-combined
aq_IMG_2584_jpeg_jpg.rf.b5c9cc559efd48bc4d32a39a495d1d5e.jpg,Aquarium Combined v6 (Roboflow),train,Roboflow,CC BY 4.0,https://universe.roboflow.com/brad-dwyer/aquarium-combined
aq_IMG_2585_jpeg_jpg.rf.2f6a68100fb833ee309b0c3d43aaf1cd.jpg,Aquarium Combined v6 (Roboflow),train,Roboflow,CC BY 4.0,https://universe.roboflow.com/brad-dwyer/aquarium-combined
aq_IMG_2587_jpeg_jpg.rf.fef52b84860aa9d22650dff735b50f89.jpg,Aquarium Combined v6 (Roboflow),train,Roboflow,CC BY 4.0,https://universe.roboflow.com/brad-dwyer/aquarium-combined
aq_IMG_2589_jpeg_jpg.rf.1de97ec83db623494f460566ccb90375.jpg,Aquarium Combined v6 (Roboflow),train,Roboflow,CC BY 4.0,https://universe.roboflow.com/brad-dwyer/aquarium-combined
aq_IMG_2590_jpeg_jpg.rf.a5f4539cb9ceb3c42e9c9d8378a47e4e.jpg,Aquarium Combined v6 (Roboflow),train,Roboflow,CC BY 4.0,https://universe.roboflow.com/brad-dwyer/aquarium-combined
aq_IMG_2592_jpeg_jpg.rf.9b760d923489e59e36d0b3f850913f6d.jpg,Aquarium Combined v6 (Roboflow),train,Roboflow,CC BY 4.0,https://universe.roboflow.com/brad-dwyer/aquarium-combined
aq_IMG_2593_jpeg_jpg.rf.c63fec10e763be9bc4d1299be290d5cc.jpg,Aquarium Combined v6 (Roboflow),train,Roboflow,CC BY 4.0,https://universe.roboflow.com/brad-dwyer/aquarium-combined
aq_IMG_2594_jpeg_jpg.rf.7ea6f81714a61df96c686e7808d33573.jpg,Aquarium Combined v6 (Roboflow),train,Roboflow,CC BY 4.0,https://universe.roboflow.com/brad-dwyer/aquarium-combined
aq_IMG_2595_jpeg_jpg.rf.17a691c3f3531d23a3da1c299145709f.jpg,Aquarium Combined v6 (Roboflow),train,Roboflow,CC BY 4.0,https://universe.roboflow.com/brad-dwyer/aquarium-combined
aq_IMG_2596_jpeg_jpg.rf.bac05031aaaea264a1418e736465ce4d.jpg,Aquarium Combined v6 (Roboflow),train,Roboflow,CC BY 4.0,https://universe.roboflow.com/brad-dwyer/aquarium-combined
aq_IMG_2597_jpeg_jpg.rf.8dd5a34ac3f7709a46d51836ccb8dcdb.jpg,Aquarium Combined v6 (Roboflow),train,Roboflow,CC BY 4.0,https://universe.roboflow.com/brad-dwyer/aquarium-combined
aq_IMG_2598_jpeg_jpg.rf.c4ec6b62b75762adf7aec0353d11f444.jpg,Aquarium Combined v6 (Roboflow),train,Roboflow,CC BY 4.0,https://universe.roboflow.com/brad-dwyer/aquarium-combined
aq_IMG_2600_jpeg_jpg.rf.6ddff2e3762bd8a620d487d42152dfc6.jpg,Aquarium Combined v6 (Roboflow),train,Roboflow,CC BY 4.0,https://universe.roboflow.com/brad-dwyer/aquarium-combined
aq_IMG_2601_jpeg_jpg.rf.0170a745dd14fe9a7e233d37eb2bd380.jpg,Aquarium Combined v6 (Roboflow),train,Roboflow,CC BY 4.0,https://universe.roboflow.com/brad-dwyer/aquarium-combined
aq_IMG_2603_jpeg_jpg.rf.84fd58e811984e4785eeae2262750afb.jpg,Aquarium Combined v6 (Roboflow),train,Roboflow,CC BY 4.0,https://universe.roboflow.com/brad-dwyer/aquarium-combined
aq_IMG_2604_jpeg_jpg.rf.27232cff958464292fce715ed59f4e8c.jpg,Aquarium Combined v6 (Roboflow),train,Roboflow,CC BY 4.0,https://universe.roboflow.com/brad-dwyer/aquarium-combined
aq_IMG_2605_jpeg_jpg.rf.7f57ae3d3ffed3583b699b775641e3ba.jpg,Aquarium Combined v6 (Roboflow),train,Roboflow,CC BY 4.0,https://universe.roboflow.com/brad-dwyer/aquarium-combined
aq_IMG_2606_jpeg_jpg.rf.723df861d76cead299021020657cb4df.jpg,Aquarium Combined v6 (Roboflow),train,Roboflow,CC BY 4.0,https://universe.roboflow.com/brad-dwyer/aquarium-combined
aq_IMG_2608_jpeg_jpg.rf.14b9495da7968ef87a52b1a79d2b4156.jpg,Aquarium Combined v6 (Roboflow),train,Roboflow,CC BY 4.0,https://universe.roboflow.com/brad-dwyer/aquarium-combined
aq_IMG_2609_jpeg_jpg.rf.7738960e9ea27a6587f947912bc35c8d.jpg,Aquarium Combined v6 (Roboflow),train,Roboflow,CC BY 4.0,https://universe.roboflow.com/brad-dwyer/aquarium-combined
aq_IMG_2610_jpeg_jpg.rf.a35f9c50a1cde66727e2f83d960325cc.jpg,Aquarium Combined v6 (Roboflow),train,Roboflow,CC BY 4.0,https://universe.roboflow.com/brad-dwyer/aquarium-combined
aq_IMG_2611_jpeg_jpg.rf.39cbb383fa0b99a22acbcfb757fd92b9.jpg,Aquarium Combined v6 (Roboflow),train,Roboflow,CC BY 4.0,https://universe.roboflow.com/brad-dwyer/aquarium-combined
aq_IMG_2612_jpeg_jpg.rf.0f89200ecb30ecb1901f4e070434d8fc.jpg,Aquarium Combined v6 (Roboflow),train,Roboflow,CC BY 4.0,https://universe.roboflow.com/brad-dwyer/aquarium-combined
aq_IMG_2613_jpeg_jpg.rf.09e3d85f9c2c22261399937b38ceb3c5.jpg,Aquarium Combined v6 (Roboflow),train,Roboflow,CC BY 4.0,https://universe.roboflow.com/brad-dwyer/aquarium-combined
aq_IMG_2614_jpeg_jpg.rf.dae316d70110f0e652d0082f2abbb8f4.jpg,Aquarium Combined v6 (Roboflow),train,Roboflow,CC BY 4.0,https://universe.roboflow.com/brad-dwyer/aquarium-combined
aq_IMG_2615_jpeg_jpg.rf.c9ea3febd47e961fb3a85c9ff219411b.jpg,Aquarium Combined v6 (Roboflow),train,Roboflow,CC BY 4.0,https://universe.roboflow.com/brad-dwyer/aquarium-combined
aq_IMG_2617_jpeg_jpg.rf.08dfb276d5744bdc6d1521adf38ef44a.jpg,Aquarium Combined v6 (Roboflow),train,Roboflow,CC BY 4.0,https://universe.roboflow.com/brad-dwyer/aquarium-combined
aq_IMG_2618_jpeg_jpg.rf.33aa52f311beab55b89a27b0651a62b3.jpg,Aquarium Combined v6 (Roboflow),train,Roboflow,CC BY 4.0,https://universe.roboflow.com/brad-dwyer/aquarium-combined
aq_IMG_2619_jpeg_jpg.rf.8e924a1a0e490dc09fa752cbbd2e2d46.jpg,Aquarium Combined v6 (Roboflow),train,Roboflow,CC BY 4.0,https://universe.roboflow.com/brad-dwyer/aquarium-combined
aq_IMG_2620_jpeg_jpg.rf.0c7d02e183d8e9b93ecf265d9fc39664.jpg,Aquarium Combined v6 (Roboflow),train,Roboflow,CC BY 4.0,https://universe.roboflow.com/brad-dwyer/aquarium-combined
aq_IMG_2621_jpeg_jpg.rf.41263e7b0d3c68b1f7eda4452572f60a.jpg,Aquarium Combined v6 (Roboflow),train,Roboflow,CC BY 4.0,https://universe.roboflow.com/brad-dwyer/aquarium-combined
aq_IMG_2623_jpeg_jpg.rf.052f451bcb8f04fc2863ee4985eeeea6.jpg,Aquarium Combined v6 (Roboflow),train,Roboflow,CC BY 4.0,https://universe.roboflow.com/brad-dwyer/aquarium-combined
aq_IMG_2624_jpeg_jpg.rf.6bfea736a77f17fa4b9ee3951550bc6a.jpg,Aquarium Combined v6 (Roboflow),train,Roboflow,CC BY 4.0,https://universe.roboflow.com/brad-dwyer/aquarium-combined
aq_IMG_2625_jpeg_jpg.rf.477d8e8ddceabe092027b18fdb73cfb4.jpg,Aquarium Combined v6 (Roboflow),train,Roboflow,CC BY 4.0,https://universe.roboflow.com/brad-dwyer/aquarium-combined
aq_IMG_2627_jpeg_jpg.rf.0f6bdf62998e7a799c50c11793211785.jpg,Aquarium Combined v6 (Roboflow),train,Roboflow,CC BY 4.0,https://universe.roboflow.com/brad-dwyer/aquarium-combined
aq_IMG_2628_jpeg_jpg.rf.e580880ff278f0e0efb6e070e5d17a2b.jpg,Aquarium Combined v6 (Roboflow),train,Roboflow,CC BY 4.0,https://universe.roboflow.com/brad-dwyer/aquarium-combined
aq_IMG_2629_jpeg_jpg.rf.5a115d036c83ff07cd4c18e65a7b30cf.jpg,Aquarium Combined v6 (Roboflow),train,Roboflow,CC BY 4.0,https://universe.roboflow.com/brad-dwyer/aquarium-combined
aq_IMG_2631_jpeg_jpg.rf.e65935b84d4120e2e25e88dcb5aa3edf.jpg,Aquarium Combined v6 (Roboflow),train,Roboflow,CC BY 4.0,https://universe.roboflow.com/brad-dwyer/aquarium-combined
aq_IMG_2633_jpeg_jpg.rf.0ab4a2e19092e99a563738ecea4367df.jpg,Aquarium Combined v6 (Roboflow),train,Roboflow,CC BY 4.0,https://universe.roboflow.com/brad-dwyer/aquarium-combined
aq_IMG_2634_jpeg_jpg.rf.7f7ecf790b4e7e9d3a2e5a92dc0c3c39.jpg,Aquarium Combined v6 (Roboflow),train,Roboflow,CC BY 4.0,https://universe.roboflow.com/brad-dwyer/aquarium-combined
aq_IMG_2638_jpeg_jpg.rf.4932a8cfeb4e2039f4034d80da6409cf.jpg,Aquarium Combined v6 (Roboflow),train,Roboflow,CC BY 4.0,https://universe.roboflow.com/brad-dwyer/aquarium-combined
aq_IMG_2639_jpeg_jpg.rf.834eef2a092344d6504c69e23cf7150a.jpg,Aquarium Combined v6 (Roboflow),train,Roboflow,CC BY 4.0,https://universe.roboflow.com/brad-dwyer/aquarium-combined
aq_IMG_2640_jpeg_jpg.rf.98ce11a18c7cf56959c2b763fb9c216f.jpg,Aquarium Combined v6 (Roboflow),train,Roboflow,CC BY 4.0,https://universe.roboflow.com/brad-dwyer/aquarium-combined
aq_IMG_2641_jpeg_jpg.rf.a22b84f38773dbccc7e1ad88980f45f1.jpg,Aquarium Combined v6 (Roboflow),train,Roboflow,CC BY 4.0,https://universe.roboflow.com/brad-dwyer/aquarium-combined
aq_IMG_2642_jpeg_jpg.rf.d60a2f1e970bbee8fc1f29681005031e.jpg,Aquarium Combined v6 (Roboflow),train,Roboflow,CC BY 4.0,https://universe.roboflow.com/brad-dwyer/aquarium-combined
aq_IMG_2643_jpeg_jpg.rf.23549a03432a9894cf447fb7889795ca.jpg,Aquarium Combined v6 (Roboflow),train,Roboflow,CC BY 4.0,https://universe.roboflow.com/brad-dwyer/aquarium-combined
aq_IMG_2644_jpeg_jpg.rf.d01e8de7d3613a7aa5ec4075f98b8074.jpg,Aquarium Combined v6 (Roboflow),train,Roboflow,CC BY 4.0,https://universe.roboflow.com/brad-dwyer/aquarium-combined
aq_IMG_2646_jpeg_jpg.rf.e215fb292d61eb8df13e52de3e0fc9ad.jpg,Aquarium Combined v6 (Roboflow),train,Roboflow,CC BY 4.0,https://universe.roboflow.com/brad-dwyer/aquarium-combined
aq_IMG_2647_jpeg_jpg.rf.a9da769757992935b8d34614c66e43ff.jpg,Aquarium Combined v6 (Roboflow),train,Roboflow,CC BY 4.0,https://universe.roboflow.com/brad-dwyer/aquarium-combined
aq_IMG_2648_jpeg_jpg.rf.f3e1da9e24d50dad8a2bf89b7a442796.jpg,Aquarium Combined v6 (Roboflow),train,Roboflow,CC BY 4.0,https://universe.roboflow.com/brad-dwyer/aquarium-combined
aq_IMG_2649_jpeg_jpg.rf.515aff08393dfef02e07aa8b19cf870d.jpg,Aquarium Combined v6 (Roboflow),train,Roboflow,CC BY 4.0,https://universe.roboflow.com/brad-dwyer/aquarium-combined
aq_IMG_2650_jpeg_jpg.rf.7845dd301038dab78c79d6c0b4e0c00a.jpg,Aquarium Combined v6 (Roboflow),train,Roboflow,CC BY 4.0,https://universe.roboflow.com/brad-dwyer/aquarium-combined
aq_IMG_2652_jpeg_jpg.rf.bf07a37dbaa2cf0bfd028306d94da0ca.jpg,Aquarium Combined v6 (Roboflow),train,Roboflow,CC BY 4.0,https://universe.roboflow.com/brad-dwyer/aquarium-combined
aq_IMG_2653_jpeg_jpg.rf.88b6eef467479a453217942b2a1506c2.jpg,Aquarium Combined v6 (Roboflow),train,Roboflow,CC BY 4.0,https://universe.roboflow.com/brad-dwyer/aquarium-combined
aq_IMG_2654_jpeg_jpg.rf.910801391d68687a7a2340f0c050668b.jpg,Aquarium Combined v6 (Roboflow),train,Roboflow,CC BY 4.0,https://universe.roboflow.com/brad-dwyer/aquarium-combined
aq_IMG_2655_jpeg_jpg.rf.01cedc100bd6b211be066bff68356bde.jpg,Aquarium Combined v6 (Roboflow),train,Roboflow,CC BY 4.0,https://universe.roboflow.com/brad-dwyer/aquarium-combined
aq_IMG_2656_jpeg_jpg.rf.fced3a639e4408a3493c5e282140d14c.jpg,Aquarium Combined v6 (Roboflow),train,Roboflow,CC BY 4.0,https://universe.roboflow.com/brad-dwyer/aquarium-combined
aq_IMG_2657_jpeg_jpg.rf.3e53510315d32b0210bbcae9beaefc4d.jpg,Aquarium Combined v6 (Roboflow),train,Roboflow,CC BY 4.0,https://universe.roboflow.com/brad-dwyer/aquarium-combined
aq_IMG_3121_jpeg_jpg.rf.e499e16b2928a2b17d818ba3012ac10c.jpg,Aquarium Combined v6 (Roboflow),train,Roboflow,CC BY 4.0,https://universe.roboflow.com/brad-dwyer/aquarium-combined
aq_IMG_3122_jpeg_jpg.rf.b4f82efb0d14252aa5c55df4f7992839.jpg,Aquarium Combined v6 (Roboflow),train,Roboflow,CC BY 4.0,https://universe.roboflow.com/brad-dwyer/aquarium-combined
aq_IMG_3123_jpeg_jpg.rf.7a8a496ef318c87848830b8993e23b7b.jpg,Aquarium Combined v6 (Roboflow),train,Roboflow,CC BY 4.0,https://universe.roboflow.com/brad-dwyer/aquarium-combined
aq_IMG_3125_jpeg_jpg.rf.6f84fde2542e57a822082d0df482f130.jpg,Aquarium Combined v6 (Roboflow),train,Roboflow,CC BY 4.0,https://universe.roboflow.com/brad-dwyer/aquarium-combined
aq_IMG_3127_jpeg_jpg.rf.d941b6c6564c1cbdedb4767c11f451f2.jpg,Aquarium Combined v6 (Roboflow),train,Roboflow,CC BY 4.0,https://universe.roboflow.com/brad-dwyer/aquarium-combined
aq_IMG_3128_jpeg_jpg.rf.e9a838d9ac7a0ad4d8eb61966061d0d8.jpg,Aquarium Combined v6 (Roboflow),train,Roboflow,CC BY 4.0,https://universe.roboflow.com/brad-dwyer/aquarium-combined
aq_IMG_3130_jpeg_jpg.rf.a1c33d25a42daa4b9b0f641861f15981.jpg,Aquarium Combined v6 (Roboflow),train,Roboflow,CC BY 4.0,https://universe.roboflow.com/brad-dwyer/aquarium-combined
aq_IMG_3131_jpeg_jpg.rf.748e6ea14ca4a75faac8d318a9940251.jpg,Aquarium Combined v6 (Roboflow),train,Roboflow,CC BY 4.0,https://universe.roboflow.com/brad-dwyer/aquarium-combined
aq_IMG_3132_jpeg_jpg.rf.e53e7d2d2def8d1c9c91882967ee1ac6.jpg,Aquarium Combined v6 (Roboflow),train,Roboflow,CC BY 4.0,https://universe.roboflow.com/brad-dwyer/aquarium-combined
aq_IMG_3133_jpeg_jpg.rf.ba3a22b6dadd6095615c6bf83b3a1aca.jpg,Aquarium Combined v6 (Roboflow),train,Roboflow,CC BY 4.0,https://universe.roboflow.com/brad-dwyer/aquarium-combined
aq_IMG_3135_jpeg_jpg.rf.7ee1bb2ac5d23387764c1200415c1b64.jpg,Aquarium Combined v6 (Roboflow),train,Roboflow,CC BY 4.0,https://universe.roboflow.com/brad-dwyer/aquarium-combined
aq_IMG_3137_jpeg_jpg.rf.96d59dcda31d7b6a78d205fb6782dbfd.jpg,Aquarium Combined v6 (Roboflow),train,Roboflow,CC BY 4.0,https://universe.roboflow.com/brad-dwyer/aquarium-combined
aq_IMG_3138_jpeg_jpg.rf.8a8684fbfa52236dd3716f5f68eec7c4.jpg,Aquarium Combined v6 (Roboflow),train,Roboflow,CC BY 4.0,https://universe.roboflow.com/brad-dwyer/aquarium-combined
aq_IMG_3140_jpeg_jpg.rf.07b501705963e648079b239031f118fe.jpg,Aquarium Combined v6 (Roboflow),train,Roboflow,CC BY 4.0,https://universe.roboflow.com/brad-dwyer/aquarium-combined
aq_IMG_3141_jpeg_jpg.rf.e1865bea076291d54210b2b41d2eed59.jpg,Aquarium Combined v6 (Roboflow),train,Roboflow,CC BY 4.0,https://universe.roboflow.com/brad-dwyer/aquarium-combined
aq_IMG_3142_jpeg_jpg.rf.8eab9efa97bc4fc63638f43a8e601e7a.jpg,Aquarium Combined v6 (Roboflow),train,Roboflow,CC BY 4.0,https://universe.roboflow.com/brad-dwyer/aquarium-combined
aq_IMG_3146_jpeg_jpg.rf.e633d8100fb1aeeea30443e3ee06f027.jpg,Aquarium Combined v6 (Roboflow),train,Roboflow,CC BY 4.0,https://universe.roboflow.com/brad-dwyer/aquarium-combined
aq_IMG_3147_jpeg_jpg.rf.2deea196f6bab4f46152d126960e564b.jpg,Aquarium Combined v6 (Roboflow),train,Roboflow,CC BY 4.0,https://universe.roboflow.com/brad-dwyer/aquarium-combined
aq_IMG_3148_jpeg_jpg.rf.71556e17345f576dc815e9e0a18e22d5.jpg,Aquarium Combined v6 (Roboflow),train,Roboflow,CC BY 4.0,https://universe.roboflow.com/brad-dwyer/aquarium-combined
aq_IMG_3149_jpeg_jpg.rf.2d5a1a9607e5eac9eb1e4787f74110c4.jpg,Aquarium Combined v6 (Roboflow),train,Roboflow,CC BY 4.0,https://universe.roboflow.com/brad-dwyer/aquarium-combined
aq_IMG_3151_jpeg_jpg.rf.97533d2e8e0fca985bbd28fb579a83e2.jpg,Aquarium Combined v6 (Roboflow),train,Roboflow,CC BY 4.0,https://universe.roboflow.com/brad-dwyer/aquarium-combined
aq_IMG_3152_jpeg_jpg.rf.cfc4e9b47a3fe0dfd42316d6d246b513.jpg,Aquarium Combined v6 (Roboflow),train,Roboflow,CC BY 4.0,https://universe.roboflow.com/brad-dwyer/aquarium-combined
aq_IMG_3155_jpeg_jpg.rf.d1e6db16705ac833db0baa66157b6d9c.jpg,Aquarium Combined v6 (Roboflow),train,Roboflow,CC BY 4.0,https://universe.roboflow.com/brad-dwyer/aquarium-combined
aq_IMG_3156_jpeg_jpg.rf.d910d754da294e8cb4202ced07717da7.jpg,Aquarium Combined v6 (Roboflow),train,Roboflow,CC BY 4.0,https://universe.roboflow.com/brad-dwyer/aquarium-combined
aq_IMG_3157_jpeg_jpg.rf.90de5fecd2b20c841f879e869c748f61.jpg,Aquarium Combined v6 (Roboflow),train,Roboflow,CC BY 4.0,https://universe.roboflow.com/brad-dwyer/aquarium-combined
aq_IMG_3158_jpeg_jpg.rf.ba6d7ebaf5edc4337700a49a91898b3e.jpg,Aquarium Combined v6 (Roboflow),train,Roboflow,CC BY 4.0,https://universe.roboflow.com/brad-dwyer/aquarium-combined
aq_IMG_3159_jpeg_jpg.rf.3748b7fa655c218fe0f1ef60208bf475.jpg,Aquarium Combined v6 (Roboflow),train,Roboflow,CC BY 4.0,https://universe.roboflow.com/brad-dwyer/aquarium-combined
aq_IMG_3160_jpeg_jpg.rf.a1baba35e00239019c39550e6e87588d.jpg,Aquarium Combined v6 (Roboflow),train,Roboflow,CC BY 4.0,https://universe.roboflow.com/brad-dwyer/aquarium-combined
aq_IMG_3162_jpeg_jpg.rf.3c58305ef75340918cf40552f6590ef4.jpg,Aquarium Combined v6 (Roboflow),train,Roboflow,CC BY 4.0,https://universe.roboflow.com/brad-dwyer/aquarium-combined
aq_IMG_3167_jpeg_jpg.rf.cbbbeba3a68f37e03fd7729d9ffe630a.jpg,Aquarium Combined v6 (Roboflow),train,Roboflow,CC BY 4.0,https://universe.roboflow.com/brad-dwyer/aquarium-combined
aq_IMG_3168_jpeg_jpg.rf.7ef4edb999857fd843a3f7a385d88c6e.jpg,Aquarium Combined v6 (Roboflow),train,Roboflow,CC BY 4.0,https://universe.roboflow.com/brad-dwyer/aquarium-combined
aq_IMG_3169_jpeg_jpg.rf.05f25192ba83d2bf19c85b0bb053394d.jpg,Aquarium Combined v6 (Roboflow),train,Roboflow,CC BY 4.0,https://universe.roboflow.com/brad-dwyer/aquarium-combined
aq_IMG_3170_jpeg_jpg.rf.96c72859d3dbdb01ff0fe277831def02.jpg,Aquarium Combined v6 (Roboflow),train,Roboflow,CC BY 4.0,https://universe.roboflow.com/brad-dwyer/aquarium-combined
aq_IMG_3172_jpeg_jpg.rf.13d733fdce24f227c358e75b6c88433c.jpg,Aquarium Combined v6 (Roboflow),train,Roboflow,CC BY 4.0,https://universe.roboflow.com/brad-dwyer/aquarium-combined
aq_IMG_3174_jpeg_jpg.rf.8d16f5bc17d38d2443f74858e5393717.jpg,Aquarium Combined v6 (Roboflow),train,Roboflow,CC BY 4.0,https://universe.roboflow.com/brad-dwyer/aquarium-combined
aq_IMG_3176_jpeg_jpg.rf.2850560ec7dc83df598de870a35bf37b.jpg,Aquarium Combined v6 (Roboflow),train,Roboflow,CC BY 4.0,https://universe.roboflow.com/brad-dwyer/aquarium-combined
aq_IMG_3177_jpeg_jpg.rf.f49ac7fba9a19c6be33c9985524fc626.jpg,Aquarium Combined v6 (Roboflow),train,Roboflow,CC BY 4.0,https://universe.roboflow.com/brad-dwyer/aquarium-combined
aq_IMG_3181_jpeg_jpg.rf.f7c9d6e2c0d13ce317fa13053ac7150f.jpg,Aquarium Combined v6 (Roboflow),train,Roboflow,CC BY 4.0,https://universe.roboflow.com/brad-dwyer/aquarium-combined
aq_IMG_3182_jpeg_jpg.rf.94d1a38fa1e4c38de45a7ab56ce0db06.jpg,Aquarium Combined v6 (Roboflow),train,Roboflow,CC BY 4.0,https://universe.roboflow.com/brad-dwyer/aquarium-combined
aq_IMG_3186_jpeg_jpg.rf.1b0775ba87fb4eabd23334121e96811e.jpg,Aquarium Combined v6 (Roboflow),train,Roboflow,CC BY 4.0,https://universe.roboflow.com/brad-dwyer/aquarium-combined
aq_IMG_3187_jpeg_jpg.rf.fc33278a03e4c00408c7b65cf30e58e9.jpg,Aquarium Combined v6 (Roboflow),train,Roboflow,CC BY 4.0,https://universe.roboflow.com/brad-dwyer/aquarium-combined
aq_IMG_3188_jpeg_jpg.rf.7813755a1eafb73a3ca19b2f8f0fb0f5.jpg,Aquarium Combined v6 (Roboflow),train,Roboflow,CC BY 4.0,https://universe.roboflow.com/brad-dwyer/aquarium-combined
aq_IMG_8318_jpg.rf.3219ff3d4d5bf1a4b68815150fd146e2.jpg,Aquarium Combined v6 (Roboflow),train,Roboflow,CC BY 4.0,https://universe.roboflow.com/brad-dwyer/aquarium-combined
aq_IMG_8319_jpg.rf.21631f3e1f6313c7d3876eda5c7a55fc.jpg,Aquarium Combined v6 (Roboflow),train,Roboflow,CC BY 4.0,https://universe.roboflow.com/brad-dwyer/aquarium-combined
aq_IMG_8327_jpg.rf.4437e699754b28eaf2ffe95ab3bc5daf.jpg,Aquarium Combined v6 (Roboflow),train,Roboflow,CC BY 4.0,https://universe.roboflow.com/brad-dwyer/aquarium-combined
aq_IMG_8328_jpg.rf.92976badab75acb1fe3f16e1b0745881.jpg,Aquarium Combined v6 (Roboflow),train,Roboflow,CC BY 4.0,https://universe.roboflow.com/brad-dwyer/aquarium-combined
aq_IMG_8329_jpg.rf.2e6d7cbe219d42bd481538f727f0e683.jpg,Aquarium Combined v6 (Roboflow),train,Roboflow,CC BY 4.0,https://universe.roboflow.com/brad-dwyer/aquarium-combined
aq_IMG_8338_jpg.rf.60d56ed504aa4bc6ed76d98493c40b06.jpg,Aquarium Combined v6 (Roboflow),train,Roboflow,CC BY 4.0,https://universe.roboflow.com/brad-dwyer/aquarium-combined
aq_IMG_8342_jpg.rf.7be346aed254ca50e3d780821fbf50e5.jpg,Aquarium Combined v6 (Roboflow),train,Roboflow,CC BY 4.0,https://universe.roboflow.com/brad-dwyer/aquarium-combined
aq_IMG_8344_jpg.rf.df16bcee6a7b71086e03f3b1ac1fb017.jpg,Aquarium Combined v6 (Roboflow),train,Roboflow,CC BY 4.0,https://universe.roboflow.com/brad-dwyer/aquarium-combined
aq_IMG_8356_jpg.rf.62619bb2ea524e351e3871bd7ca4af77.jpg,Aquarium Combined v6 (Roboflow),train,Roboflow,CC BY 4.0,https://universe.roboflow.com/brad-dwyer/aquarium-combined
aq_IMG_8357_jpg.rf.a19802097157306911f04becc44e15f1.jpg,Aquarium Combined v6 (Roboflow),train,Roboflow,CC BY 4.0,https://universe.roboflow.com/brad-dwyer/aquarium-combined
aq_IMG_8376_jpg.rf.cdcb48fa5d46be18e4cca0b4e47e67cd.jpg,Aquarium Combined v6 (Roboflow),train,Roboflow,CC BY 4.0,https://universe.roboflow.com/brad-dwyer/aquarium-combined
aq_IMG_8378_jpg.rf.7f7097fba6aaf9120428c1faecc626cc.jpg,Aquarium Combined v6 (Roboflow),train,Roboflow,CC BY 4.0,https://universe.roboflow.com/brad-dwyer/aquarium-combined
aq_IMG_8382_jpg.rf.c0b37fcdff46941feca6ff3bca1d7a00.jpg,Aquarium Combined v6 (Roboflow),train,Roboflow,CC BY 4.0,https://universe.roboflow.com/brad-dwyer/aquarium-combined
aq_IMG_8383_jpg.rf.c079b61f219da5ec91a7defa1dd168d0.jpg,Aquarium Combined v6 (Roboflow),train,Roboflow,CC BY 4.0,https://universe.roboflow.com/brad-dwyer/aquarium-combined
aq_IMG_8386_jpg.rf.4036edad9f54b59df308cc03483a2ae0.jpg,Aquarium Combined v6 (Roboflow),train,Roboflow,CC BY 4.0,https://universe.roboflow.com/brad-dwyer/aquarium-combined
aq_IMG_8387_jpg.rf.531c5732ba2ef9bf8ffe7803895534d7.jpg,Aquarium Combined v6 (Roboflow),train,Roboflow,CC BY 4.0,https://universe.roboflow.com/brad-dwyer/aquarium-combined
aq_IMG_8392_jpg.rf.48f68beb6a6c2c17badc5713b26aa48c.jpg,Aquarium Combined v6 (Roboflow),train,Roboflow,CC BY 4.0,https://universe.roboflow.com/brad-dwyer/aquarium-combined
aq_IMG_8393_jpg.rf.c65406a22e9821a35a5f4783ff59f82e.jpg,Aquarium Combined v6 (Roboflow),train,Roboflow,CC BY 4.0,https://universe.roboflow.com/brad-dwyer/aquarium-combined
aq_IMG_8394_jpg.rf.2c8d444a5d461f2d9286b3d669aa2f38.jpg,Aquarium Combined v6 (Roboflow),train,Roboflow,CC BY 4.0,https://universe.roboflow.com/brad-dwyer/aquarium-combined
aq_IMG_8397_jpg.rf.1b03bd38307ce1df98cb4c9223f6a9b5.jpg,Aquarium Combined v6 (Roboflow),train,Roboflow,CC BY 4.0,https://universe.roboflow.com/brad-dwyer/aquarium-combined
aq_IMG_8398_jpg.rf.8dd9e103d23042b74c81ef534be96fb2.jpg,Aquarium Combined v6 (Roboflow),train,Roboflow,CC BY 4.0,https://universe.roboflow.com/brad-dwyer/aquarium-combined
aq_IMG_8399_jpg.rf.44901d765fa6f72cde1a319220093ce1.jpg,Aquarium Combined v6 (Roboflow),train,Roboflow,CC BY 4.0,https://universe.roboflow.com/brad-dwyer/aquarium-combined
aq_IMG_8402_jpg.rf.8a3e042752cb2228e9480bce20f53bfa.jpg,Aquarium Combined v6 (Roboflow),train,Roboflow,CC BY 4.0,https://universe.roboflow.com/brad-dwyer/aquarium-combined
aq_IMG_8403_jpg.rf.e912e14425654a7c6d0b375dfa5546aa.jpg,Aquarium Combined v6 (Roboflow),train,Roboflow,CC BY 4.0,https://universe.roboflow.com/brad-dwyer/aquarium-combined
aq_IMG_8405_jpg.rf.b3cab830dd3adafe34b806288c3350f9.jpg,Aquarium Combined v6 (Roboflow),train,Roboflow,CC BY 4.0,https://universe.roboflow.com/brad-dwyer/aquarium-combined
aq_IMG_8406_jpg.rf.4e65ecc56f987c527b993e1779aea172.jpg,Aquarium Combined v6 (Roboflow),train,Roboflow,CC BY 4.0,https://universe.roboflow.com/brad-dwyer/aquarium-combined
aq_IMG_8408_jpg.rf.636f3c761a0a12d86d5c0543b47d5198.jpg,Aquarium Combined v6 (Roboflow),train,Roboflow,CC BY 4.0,https://universe.roboflow.com/brad-dwyer/aquarium-combined
aq_IMG_8410_jpg.rf.46091615d828aed72022364f71965b7f.jpg,Aquarium Combined v6 (Roboflow),train,Roboflow,CC BY 4.0,https://universe.roboflow.com/brad-dwyer/aquarium-combined
aq_IMG_8411_jpg.rf.fa24c1f625b57b7f8d58fd2d6d998044.jpg,Aquarium Combined v6 (Roboflow),train,Roboflow,CC BY 4.0,https://universe.roboflow.com/brad-dwyer/aquarium-combined
aq_IMG_8412_jpg.rf.66f6bf6437bcf93b69bb1198837b71f7.jpg,Aquarium Combined v6 (Roboflow),train,Roboflow,CC BY 4.0,https://universe.roboflow.com/brad-dwyer/aquarium-combined
aq_IMG_8413_jpg.rf.f69ba92d791d88bc232fd82a400555bd.jpg,Aquarium Combined v6 (Roboflow),train,Roboflow,CC BY 4.0,https://universe.roboflow.com/brad-dwyer/aquarium-combined
aq_IMG_8416_jpg.rf.903ff7c6c18043188f24191e6edde987.jpg,Aquarium Combined v6 (Roboflow),train,Roboflow,CC BY 4.0,https://universe.roboflow.com/brad-dwyer/aquarium-combined
aq_IMG_8418_jpg.rf.793fce0eb4431fe4422b313d0033f7df.jpg,Aquarium Combined v6 (Roboflow),train,Roboflow,CC BY 4.0,https://universe.roboflow.com/brad-dwyer/aquarium-combined
aq_IMG_8419_jpg.rf.db902286e936ddaec5c5afa4a709aa98.jpg,Aquarium Combined v6 (Roboflow),train,Roboflow,CC BY 4.0,https://universe.roboflow.com/brad-dwyer/aquarium-combined
aq_IMG_8421_jpg.rf.beaddb40be45cd56dfcad99a55e8d16e.jpg,Aquarium Combined v6 (Roboflow),train,Roboflow,CC BY 4.0,https://universe.roboflow.com/brad-dwyer/aquarium-combined
aq_IMG_8424_jpg.rf.4d63b396960695edefa63d7cf83dd710.jpg,Aquarium Combined v6 (Roboflow),train,Roboflow,CC BY 4.0,https://universe.roboflow.com/brad-dwyer/aquarium-combined
aq_IMG_8430_jpg.rf.e37801edbe000d83962fec0ece7923d4.jpg,Aquarium Combined v6 (Roboflow),train,Roboflow,CC BY 4.0,https://universe.roboflow.com/brad-dwyer/aquarium-combined
aq_IMG_8434_jpg.rf.ae7a3f5f7e1cc811435679808c741975.jpg,Aquarium Combined v6 (Roboflow),train,Roboflow,CC BY 4.0,https://universe.roboflow.com/brad-dwyer/aquarium-combined
aq_IMG_8436_jpg.rf.1865c329da080cecd20d88ebe07d69a5.jpg,Aquarium Combined v6 (Roboflow),train,Roboflow,CC BY 4.0,https://universe.roboflow.com/brad-dwyer/aquarium-combined
aq_IMG_8439_jpg.rf.34da15e9c40eda19beeca712fd052e72.jpg,Aquarium Combined v6 (Roboflow),train,Roboflow,CC BY 4.0,https://universe.roboflow.com/brad-dwyer/aquarium-combined
aq_IMG_8443_jpg.rf.c882c2da1c01b2ea83e8c777d29e66c3.jpg,Aquarium Combined v6 (Roboflow),train,Roboflow,CC BY 4.0,https://universe.roboflow.com/brad-dwyer/aquarium-combined
aq_IMG_8445_jpg.rf.592717dcca36973e0c4955e869374b79.jpg,Aquarium Combined v6 (Roboflow),train,Roboflow,CC BY 4.0,https://universe.roboflow.com/brad-dwyer/aquarium-combined
aq_IMG_8450_jpg.rf.89887a19ea32ad573ce14b2f03fd10c9.jpg,Aquarium Combined v6 (Roboflow),train,Roboflow,CC BY 4.0,https://universe.roboflow.com/brad-dwyer/aquarium-combined
aq_IMG_8451_jpg.rf.711c3d0f6058ab935f85ca9fcc8b7fd0.jpg,Aquarium Combined v6 (Roboflow),train,Roboflow,CC BY 4.0,https://universe.roboflow.com/brad-dwyer/aquarium-combined
aq_IMG_8461_jpg.rf.30665d3ec6bd39e9936c24d35508acac.jpg,Aquarium Combined v6 (Roboflow),train,Roboflow,CC BY 4.0,https://universe.roboflow.com/brad-dwyer/aquarium-combined
aq_IMG_8463_jpg.rf.615aecce722f737542bba2ae33c5d5d5.jpg,Aquarium Combined v6 (Roboflow),train,Roboflow,CC BY 4.0,https://universe.roboflow.com/brad-dwyer/aquarium-combined
aq_IMG_8464_jpg.rf.10e7dcfa2668e95b46584ebba1a0ec09.jpg,Aquarium Combined v6 (Roboflow),train,Roboflow,CC BY 4.0,https://universe.roboflow.com/brad-dwyer/aquarium-combined
aq_IMG_8466_jpg.rf.97f36e6617cade673e719e6768feb955.jpg,Aquarium Combined v6 (Roboflow),train,Roboflow,CC BY 4.0,https://universe.roboflow.com/brad-dwyer/aquarium-combined
aq_IMG_8468_jpg.rf.e63c00f9964b58e56100090948af8bac.jpg,Aquarium Combined v6 (Roboflow),train,Roboflow,CC BY 4.0,https://universe.roboflow.com/brad-dwyer/aquarium-combined
aq_IMG_8469_jpg.rf.10a6c14492b90d36093f2c4d988df3bd.jpg,Aquarium Combined v6 (Roboflow),train,Roboflow,CC BY 4.0,https://universe.roboflow.com/brad-dwyer/aquarium-combined
aq_IMG_8470_jpg.rf.2d4a37786a24b268793202d550bd9679.jpg,Aquarium Combined v6 (Roboflow),train,Roboflow,CC BY 4.0,https://universe.roboflow.com/brad-dwyer/aquarium-combined
aq_IMG_8471_jpg.rf.ef66b1b0c92da0f6cf8f14bf8082844b.jpg,Aquarium Combined v6 (Roboflow),train,Roboflow,CC BY 4.0,https://universe.roboflow.com/brad-dwyer/aquarium-combined
aq_IMG_8476_jpg.rf.aec7173d99bd25baf9bb7a5616c7b57a.jpg,Aquarium Combined v6 (Roboflow),train,Roboflow,CC BY 4.0,https://universe.roboflow.com/brad-dwyer/aquarium-combined
aq_IMG_8477_jpg.rf.92fa2dad1eaaf1773a529899fc4b8980.jpg,Aquarium Combined v6 (Roboflow),train,Roboflow,CC BY 4.0,https://universe.roboflow.com/brad-dwyer/aquarium-combined
aq_IMG_8478_jpg.rf.c1afd300f09085a1fbe02d0ee83cb19a.jpg,Aquarium Combined v6 (Roboflow),train,Roboflow,CC BY 4.0,https://universe.roboflow.com/brad-dwyer/aquarium-combined
aq_IMG_8486_jpg.rf.a969de02f21de4fd91f6575cec7a5871.jpg,Aquarium Combined v6 (Roboflow),train,Roboflow,CC BY 4.0,https://universe.roboflow.com/brad-dwyer/aquarium-combined
aq_IMG_8493_jpg.rf.ab82d7a36f579b96ec9fb138d02d244a.jpg,Aquarium Combined v6 (Roboflow),train,Roboflow,CC BY 4.0,https://universe.roboflow.com/brad-dwyer/aquarium-combined
aq_IMG_8494_jpg.rf.179785f2a0e9ad6381d12024d7629a0b.jpg,Aquarium Combined v6 (Roboflow),train,Roboflow,CC BY 4.0,https://universe.roboflow.com/brad-dwyer/aquarium-combined
aq_IMG_8495_jpg.rf.04989c7669f370a25f61f18ee934af85.jpg,Aquarium Combined v6 (Roboflow),train,Roboflow,CC BY 4.0,https://universe.roboflow.com/brad-dwyer/aquarium-combined
aq_IMG_8496_MOV-0_jpg.rf.cf5ce5195944338b3dd109f9f13e821f.jpg,Aquarium Combined v6 (Roboflow),train,Roboflow,CC BY 4.0,https://universe.roboflow.com/brad-dwyer/aquarium-combined
aq_IMG_8496_MOV-1_jpg.rf.2e8027bc25285cf7a4695be13ac56ffb.jpg,Aquarium Combined v6 (Roboflow),train,Roboflow,CC BY 4.0,https://universe.roboflow.com/brad-dwyer/aquarium-combined
aq_IMG_8496_MOV-3_jpg.rf.fc45b56d3b665a1118dc59c1df945007.jpg,Aquarium Combined v6 (Roboflow),train,Roboflow,CC BY 4.0,https://universe.roboflow.com/brad-dwyer/aquarium-combined
aq_IMG_8496_MOV-4_jpg.rf.912476c1cc860cc89da978f715fb4ad8.jpg,Aquarium Combined v6 (Roboflow),train,Roboflow,CC BY 4.0,https://universe.roboflow.com/brad-dwyer/aquarium-combined
aq_IMG_8496_MOV-5_jpg.rf.e506596b14a81f163402407feb0d3767.jpg,Aquarium Combined v6 (Roboflow),train,Roboflow,CC BY 4.0,https://universe.roboflow.com/brad-dwyer/aquarium-combined
aq_IMG_8496_MOV-6_jpg.rf.773e9f23040c06bc8d18e9199dd6a47d.jpg,Aquarium Combined v6 (Roboflow),train,Roboflow,CC BY 4.0,https://universe.roboflow.com/brad-dwyer/aquarium-combined
aq_IMG_8497_MOV-1_jpg.rf.fbe55d9df52f784cf6e0dc95f0b37b1a.jpg,Aquarium Combined v6 (Roboflow),train,Roboflow,CC BY 4.0,https://universe.roboflow.com/brad-dwyer/aquarium-combined
aq_IMG_8500_jpg.rf.e3d24d34a158a2f9dc3d22104a051976.jpg,Aquarium Combined v6 (Roboflow),train,Roboflow,CC BY 4.0,https://universe.roboflow.com/brad-dwyer/aquarium-combined
aq_IMG_8502_jpg.rf.6c729f9f273f7152d8157524b4d9d474.jpg,Aquarium Combined v6 (Roboflow),train,Roboflow,CC BY 4.0,https://universe.roboflow.com/brad-dwyer/aquarium-combined
aq_IMG_8509_jpg.rf.5c94fdd5d07940f9d2f4563d56b16aec.jpg,Aquarium Combined v6 (Roboflow),train,Roboflow,CC BY 4.0,https://universe.roboflow.com/brad-dwyer/aquarium-combined
aq_IMG_8510_jpg.rf.deb26f3cb2a2f7f5ee7b8da9c3d514a1.jpg,Aquarium Combined v6 (Roboflow),train,Roboflow,CC BY 4.0,https://universe.roboflow.com/brad-dwyer/aquarium-combined
aq_IMG_8511_jpg.rf.503cda5f462d05ec9718af80dcab2c56.jpg,Aquarium Combined v6 (Roboflow),train,Roboflow,CC BY 4.0,https://universe.roboflow.com/brad-dwyer/aquarium-combined
aq_IMG_8512_MOV-0_jpg.rf.a44563814ec2b09d1096f5acbd5a7fbc.jpg,Aquarium Combined v6 (Roboflow),train,Roboflow,CC BY 4.0,https://universe.roboflow.com/brad-dwyer/aquarium-combined
aq_IMG_8512_MOV-2_jpg.rf.3996e2e5e472fb966256a2fef5eb5a3b.jpg,Aquarium Combined v6 (Roboflow),train,Roboflow,CC BY 4.0,https://universe.roboflow.com/brad-dwyer/aquarium-combined
aq_IMG_8512_MOV-3_jpg.rf.b8f98829b97605cc27376490282c7747.jpg,Aquarium Combined v6 (Roboflow),train,Roboflow,CC BY 4.0,https://universe.roboflow.com/brad-dwyer/aquarium-combined
aq_IMG_8512_MOV-4_jpg.rf.fa478a9eabd4c6319738d740c4751f4a.jpg,Aquarium Combined v6 (Roboflow),train,Roboflow,CC BY 4.0,https://universe.roboflow.com/brad-dwyer/aquarium-combined
aq_IMG_8512_MOV-6_jpg.rf.96b26953805ccf172c9b7d456fc397bd.jpg,Aquarium Combined v6 (Roboflow),train,Roboflow,CC BY 4.0,https://universe.roboflow.com/brad-dwyer/aquarium-combined
aq_IMG_8516_jpg.rf.287f5e26605dd10b3d72e70888d82db3.jpg,Aquarium Combined v6 (Roboflow),train,Roboflow,CC BY 4.0,https://universe.roboflow.com/brad-dwyer/aquarium-combined
aq_IMG_8517_MOV-0_jpg.rf.944d5560d0b1b78573d043fcf38a93c7.jpg,Aquarium Combined v6 (Roboflow),train,Roboflow,CC BY 4.0,https://universe.roboflow.com/brad-dwyer/aquarium-combined
aq_IMG_8517_MOV-1_jpg.rf.f60c356b6c4b039a86baf03b5dce1a0b.jpg,Aquarium Combined v6 (Roboflow),train,Roboflow,CC BY 4.0,https://universe.roboflow.com/brad-dwyer/aquarium-combined
aq_IMG_8517_MOV-2_jpg.rf.0f06eb7a2100a5d59275febae063820d.jpg,Aquarium Combined v6 (Roboflow),train,Roboflow,CC BY 4.0,https://universe.roboflow.com/brad-dwyer/aquarium-combined
aq_IMG_8517_MOV-3_jpg.rf.b161717b02ec4395718f6f75b258172b.jpg,Aquarium Combined v6 (Roboflow),train,Roboflow,CC BY 4.0,https://universe.roboflow.com/brad-dwyer/aquarium-combined
aq_IMG_8517_MOV-4_jpg.rf.81564b46f543c503e03bb6c86ec65247.jpg,Aquarium Combined v6 (Roboflow),train,Roboflow,CC BY 4.0,https://universe.roboflow.com/brad-dwyer/aquarium-combined
aq_IMG_8517_MOV-5_jpg.rf.fa992a8d3f9af57ddc5d61eac503ae24.jpg,Aquarium Combined v6 (Roboflow),train,Roboflow,CC BY 4.0,https://universe.roboflow.com/brad-dwyer/aquarium-combined
aq_IMG_8517_MOV-6_jpg.rf.b7565ae45be77bdb90083c328d1a7913.jpg,Aquarium Combined v6 (Roboflow),train,Roboflow,CC BY 4.0,https://universe.roboflow.com/brad-dwyer/aquarium-combined
aq_IMG_8519_jpg.rf.cd8961f65f00d7868e64c8d145d4e8c3.jpg,Aquarium Combined v6 (Roboflow),train,Roboflow,CC BY 4.0,https://universe.roboflow.com/brad-dwyer/aquarium-combined
aq_IMG_8520_jpg.rf.c90deed994a043c3b570ef654d67d098.jpg,Aquarium Combined v6 (Roboflow),train,Roboflow,CC BY 4.0,https://universe.roboflow.com/brad-dwyer/aquarium-combined
aq_IMG_8522_jpg.rf.df9ad5a8ab329a03cda6c9174edcd35d.jpg,Aquarium Combined v6 (Roboflow),train,Roboflow,CC BY 4.0,https://universe.roboflow.com/brad-dwyer/aquarium-combined
aq_IMG_8523_jpg.rf.0d5537b84b442fd816ee188d8bbd36d0.jpg,Aquarium Combined v6 (Roboflow),train,Roboflow,CC BY 4.0,https://universe.roboflow.com/brad-dwyer/aquarium-combined
aq_IMG_8527_jpg.rf.19a81a53576d5c533d059be0032de2d2.jpg,Aquarium Combined v6 (Roboflow),train,Roboflow,CC BY 4.0,https://universe.roboflow.com/brad-dwyer/aquarium-combined
aq_IMG_8531_jpg.rf.5fd3d282ee6ebc6650a4f9e7af27caac.jpg,Aquarium Combined v6 (Roboflow),train,Roboflow,CC BY 4.0,https://universe.roboflow.com/brad-dwyer/aquarium-combined
aq_IMG_8533_jpg.rf.318681d9eb5ec7e1634de7363e2e3b9f.jpg,Aquarium Combined v6 (Roboflow),train,Roboflow,CC BY 4.0,https://universe.roboflow.com/brad-dwyer/aquarium-combined
aq_IMG_8534_jpg.rf.a7e44dd44f6c9ad100b8b754e37f4a35.jpg,Aquarium Combined v6 (Roboflow),train,Roboflow,CC BY 4.0,https://universe.roboflow.com/brad-dwyer/aquarium-combined
aq_IMG_8535_MOV-2_jpg.rf.7801683413ae39eb5a03ae28356175f7.jpg,Aquarium Combined v6 (Roboflow),train,Roboflow,CC BY 4.0,https://universe.roboflow.com/brad-dwyer/aquarium-combined
aq_IMG_8535_MOV-3_jpg.rf.74bc4297f8c738e56480f46adadf4038.jpg,Aquarium Combined v6 (Roboflow),train,Roboflow,CC BY 4.0,https://universe.roboflow.com/brad-dwyer/aquarium-combined
aq_IMG_8536_jpg.rf.e535edef0dae4d8c43b24382e7829183.jpg,Aquarium Combined v6 (Roboflow),train,Roboflow,CC BY 4.0,https://universe.roboflow.com/brad-dwyer/aquarium-combined
aq_IMG_8537_jpg.rf.770e2bf8816cb1fcb2b574c35fa9538e.jpg,Aquarium Combined v6 (Roboflow),train,Roboflow,CC BY 4.0,https://universe.roboflow.com/brad-dwyer/aquarium-combined
aq_IMG_8538_jpg.rf.0b199afd8c7202fe3236183abb3e6058.jpg,Aquarium Combined v6 (Roboflow),train,Roboflow,CC BY 4.0,https://universe.roboflow.com/brad-dwyer/aquarium-combined
aq_IMG_8541_jpg.rf.797a17eaafae6e7cc8be74f0af3f55db.jpg,Aquarium Combined v6 (Roboflow),train,Roboflow,CC BY 4.0,https://universe.roboflow.com/brad-dwyer/aquarium-combined
aq_IMG_8544_jpg.rf.49e0d4c3cf4877c3c335269d43f105e1.jpg,Aquarium Combined v6 (Roboflow),train,Roboflow,CC BY 4.0,https://universe.roboflow.com/brad-dwyer/aquarium-combined
aq_IMG_8545_jpg.rf.8bd8a0ec0e0e30c3c8e23871bddd9fb1.jpg,Aquarium Combined v6 (Roboflow),train,Roboflow,CC BY 4.0,https://universe.roboflow.com/brad-dwyer/aquarium-combined
aq_IMG_8546_jpg.rf.f7a28b08853f442838a41a4fcdce924d.jpg,Aquarium Combined v6 (Roboflow),train,Roboflow,CC BY 4.0,https://universe.roboflow.com/brad-dwyer/aquarium-combined
aq_IMG_8547_jpg.rf.9607780b383c3212767919be07a89d64.jpg,Aquarium Combined v6 (Roboflow),train,Roboflow,CC BY 4.0,https://universe.roboflow.com/brad-dwyer/aquarium-combined
aq_IMG_8548_jpg.rf.e15b5d11059451678392657ba76fb646.jpg,Aquarium Combined v6 (Roboflow),train,Roboflow,CC BY 4.0,https://universe.roboflow.com/brad-dwyer/aquarium-combined
aq_IMG_8549_jpg.rf.be75a1def027465d23fcf70df3220ef7.jpg,Aquarium Combined v6 (Roboflow),train,Roboflow,CC BY 4.0,https://universe.roboflow.com/brad-dwyer/aquarium-combined
aq_IMG_8550_jpg.rf.c219d0f4b4906aaeb78520615dd11a22.jpg,Aquarium Combined v6 (Roboflow),train,Roboflow,CC BY 4.0,https://universe.roboflow.com/brad-dwyer/aquarium-combined
aq_IMG_8551_MOV-0_jpg.rf.66c453234ebfa43a7c99c1c2b0140b55.jpg,Aquarium Combined v6 (Roboflow),train,Roboflow,CC BY 4.0,https://universe.roboflow.com/brad-dwyer/aquarium-combined
aq_IMG_8551_MOV-2_jpg.rf.bc05fcc3d5c6482d8ae3136d2c63d57c.jpg,Aquarium Combined v6 (Roboflow),train,Roboflow,CC BY 4.0,https://universe.roboflow.com/brad-dwyer/aquarium-combined
aq_IMG_8551_MOV-3_jpg.rf.2c4b1a5c00b43a96ed065d269d309ea0.jpg,Aquarium Combined v6 (Roboflow),train,Roboflow,CC BY 4.0,https://universe.roboflow.com/brad-dwyer/aquarium-combined
aq_IMG_8551_MOV-4_jpg.rf.c216ee099a1e24bb8a10f7756551365d.jpg,Aquarium Combined v6 (Roboflow),train,Roboflow,CC BY 4.0,https://universe.roboflow.com/brad-dwyer/aquarium-combined
aq_IMG_8552_jpg.rf.0234be47b8beddd9445ae2ab50d6c904.jpg,Aquarium Combined v6 (Roboflow),train,Roboflow,CC BY 4.0,https://universe.roboflow.com/brad-dwyer/aquarium-combined
aq_IMG_8558_jpg.rf.d4198cc0ffc6edced1e40a8ac4292a81.jpg,Aquarium Combined v6 (Roboflow),train,Roboflow,CC BY 4.0,https://universe.roboflow.com/brad-dwyer/aquarium-combined
aq_IMG_8560_jpg.rf.ca57f9ca6fca8d1cec1127159a9d6a96.jpg,Aquarium Combined v6 (Roboflow),train,Roboflow,CC BY 4.0,https://universe.roboflow.com/brad-dwyer/aquarium-combined
aq_IMG_8570_jpg.rf.d21fa66016b12c5c3e52c0ee79abdb31.jpg,Aquarium Combined v6 (Roboflow),train,Roboflow,CC BY 4.0,https://universe.roboflow.com/brad-dwyer/aquarium-combined
aq_IMG_8571_MOV-0_jpg.rf.a157ada885a777435c0b19fd9f00e364.jpg,Aquarium Combined v6 (Roboflow),train,Roboflow,CC BY 4.0,https://universe.roboflow.com/brad-dwyer/aquarium-combined
aq_IMG_8571_MOV-1_jpg.rf.f93bb638b2f8e7fad4283cf1153bed7a.jpg,Aquarium Combined v6 (Roboflow),train,Roboflow,CC BY 4.0,https://universe.roboflow.com/brad-dwyer/aquarium-combined
aq_IMG_8571_MOV-2_jpg.rf.23025cc4b401d7c181ebeb70afda4447.jpg,Aquarium Combined v6 (Roboflow),train,Roboflow,CC BY 4.0,https://universe.roboflow.com/brad-dwyer/aquarium-combined
aq_IMG_8571_MOV-4_jpg.rf.76f43bd518f6a079255b26df8d95599b.jpg,Aquarium Combined v6 (Roboflow),train,Roboflow,CC BY 4.0,https://universe.roboflow.com/brad-dwyer/aquarium-combined
aq_IMG_8571_MOV-5_jpg.rf.6df2f71f39622f3ee9dd592bcffc48a3.jpg,Aquarium Combined v6 (Roboflow),train,Roboflow,CC BY 4.0,https://universe.roboflow.com/brad-dwyer/aquarium-combined
aq_IMG_8572_MOV-0_jpg.rf.5328dab23bcee5086c2c07a4aeeaabe0.jpg,Aquarium Combined v6 (Roboflow),train,Roboflow,CC BY 4.0,https://universe.roboflow.com/brad-dwyer/aquarium-combined
aq_IMG_8572_MOV-2_jpg.rf.f8d691919dbc45e04e43ca8b1bc3fbc9.jpg,Aquarium Combined v6 (Roboflow),train,Roboflow,CC BY 4.0,https://universe.roboflow.com/brad-dwyer/aquarium-combined
aq_IMG_8575_jpg.rf.04f01afc0cee71a00a530a5df1a7f200.jpg,Aquarium Combined v6 (Roboflow),train,Roboflow,CC BY 4.0,https://universe.roboflow.com/brad-dwyer/aquarium-combined
aq_IMG_8578_MOV-1_jpg.rf.7131b77926ca05ab0dcaa76dcbefdce8.jpg,Aquarium Combined v6 (Roboflow),train,Roboflow,CC BY 4.0,https://universe.roboflow.com/brad-dwyer/aquarium-combined
aq_IMG_8578_MOV-2_jpg.rf.ad45d61f98cff0e8667c5c383b62cf6c.jpg,Aquarium Combined v6 (Roboflow),train,Roboflow,CC BY 4.0,https://universe.roboflow.com/brad-dwyer/aquarium-combined
aq_IMG_8580_jpg.rf.f0c62dca90e927a566221af1253fc08d.jpg,Aquarium Combined v6 (Roboflow),train,Roboflow,CC BY 4.0,https://universe.roboflow.com/brad-dwyer/aquarium-combined
aq_IMG_8581_MOV-0_jpg.rf.11727c8d08e8ca3f0da2d94366e08dc7.jpg,Aquarium Combined v6 (Roboflow),train,Roboflow,CC BY 4.0,https://universe.roboflow.com/brad-dwyer/aquarium-combined
aq_IMG_8581_MOV-2_jpg.rf.0b9bb5412364202784f3a69dd5497156.jpg,Aquarium Combined v6 (Roboflow),train,Roboflow,CC BY 4.0,https://universe.roboflow.com/brad-dwyer/aquarium-combined
aq_IMG_8581_MOV-3_jpg.rf.3ee44fb80e6586155a6933290357ebe2.jpg,Aquarium Combined v6 (Roboflow),train,Roboflow,CC BY 4.0,https://universe.roboflow.com/brad-dwyer/aquarium-combined
aq_IMG_8581_MOV-4_jpg.rf.e3478b70712b813b058f18075b696342.jpg,Aquarium Combined v6 (Roboflow),train,Roboflow,CC BY 4.0,https://universe.roboflow.com/brad-dwyer/aquarium-combined
aq_IMG_8582_MOV-1_jpg.rf.3bab09c97209170848b37f5db94181d7.jpg,Aquarium Combined v6 (Roboflow),train,Roboflow,CC BY 4.0,https://universe.roboflow.com/brad-dwyer/aquarium-combined
aq_IMG_8590_MOV-1_jpg.rf.2bbc125ca7ac8a05c72e586ef60ac742.jpg,Aquarium Combined v6 (Roboflow),train,Roboflow,CC BY 4.0,https://universe.roboflow.com/brad-dwyer/aquarium-combined
aq_IMG_8590_MOV-3_jpg.rf.e215fd21f9f69e42089d252c40cc2608.jpg,Aquarium Combined v6 (Roboflow),train,Roboflow,CC BY 4.0,https://universe.roboflow.com/brad-dwyer/aquarium-combined
aq_IMG_8590_MOV-4_jpg.rf.8136b2be6948fc2dedcb11454ae2a8a8.jpg,Aquarium Combined v6 (Roboflow),train,Roboflow,CC BY 4.0,https://universe.roboflow.com/brad-dwyer/aquarium-combined
aq_IMG_8591_MOV-0_jpg.rf.f672138122bb55bc624abc9996a215dd.jpg,Aquarium Combined v6 (Roboflow),train,Roboflow,CC BY 4.0,https://universe.roboflow.com/brad-dwyer/aquarium-combined
aq_IMG_8591_MOV-2_jpg.rf.6253674825693f8eec7f9c1d270e6b38.jpg,Aquarium Combined v6 (Roboflow),train,Roboflow,CC BY 4.0,https://universe.roboflow.com/brad-dwyer/aquarium-combined
aq_IMG_8593_MOV-0_jpg.rf.e6779a426cee60475ab2c08d79cef7c0.jpg,Aquarium Combined v6 (Roboflow),train,Roboflow,CC BY 4.0,https://universe.roboflow.com/brad-dwyer/aquarium-combined
aq_IMG_8593_MOV-2_jpg.rf.9d6fe5470f73535bf33858dc39f4b2f0.jpg,Aquarium Combined v6 (Roboflow),train,Roboflow,CC BY 4.0,https://universe.roboflow.com/brad-dwyer/aquarium-combined
aq_IMG_8594_jpg.rf.9a6866ab84fa98ebe85aff50f46b137f.jpg,Aquarium Combined v6 (Roboflow),train,Roboflow,CC BY 4.0,https://universe.roboflow.com/brad-dwyer/aquarium-combined
aq_IMG_8595_MOV-2_jpg.rf.a04d4bc2285de0d1315c3f4dd1246306.jpg,Aquarium Combined v6 (Roboflow),train,Roboflow,CC BY 4.0,https://universe.roboflow.com/brad-dwyer/aquarium-combined
aq_IMG_8598_jpg.rf.f650bd48a6cb6f1580188ae1ef455422.jpg,Aquarium Combined v6 (Roboflow),train,Roboflow,CC BY 4.0,https://universe.roboflow.com/brad-dwyer/aquarium-combined
aq_IMG_8599_MOV-0_jpg.rf.2fd3f2a885b5a9e31cb2a202d21b12ec.jpg,Aquarium Combined v6 (Roboflow),train,Roboflow,CC BY 4.0,https://universe.roboflow.com/brad-dwyer/aquarium-combined
aq_IMG_8599_MOV-2_jpg.rf.62e0ff060587829f3c46fa93673d390f.jpg,Aquarium Combined v6 (Roboflow),train,Roboflow,CC BY 4.0,https://universe.roboflow.com/brad-dwyer/aquarium-combined
aq_IMG_2277_jpeg_jpg.rf.ba383a4a002ef0a2303471e07c692238.jpg,Aquarium Combined v6 (Roboflow),val,Roboflow,CC BY 4.0,https://universe.roboflow.com/brad-dwyer/aquarium-combined
aq_IMG_2278_jpeg_jpg.rf.1fdb7f6e08e617c18e2023fcd04862df.jpg,Aquarium Combined v6 (Roboflow),val,Roboflow,CC BY 4.0,https://universe.roboflow.com/brad-dwyer/aquarium-combined
aq_IMG_2279_jpeg_jpg.rf.33234c09268601a9c003abdc29b509f7.jpg,Aquarium Combined v6 (Roboflow),val,Roboflow,CC BY 4.0,https://universe.roboflow.com/brad-dwyer/aquarium-combined
aq_IMG_2288_jpeg_jpg.rf.d04c9a812db99ca9465be16e6ddc1db3.jpg,Aquarium Combined v6 (Roboflow),val,Roboflow,CC BY 4.0,https://universe.roboflow.com/brad-dwyer/aquarium-combined
aq_IMG_2297_jpeg_jpg.rf.4a3db42e2b85ccab15dd3a31a20080ec.jpg,Aquarium Combined v6 (Roboflow),val,Roboflow,CC BY 4.0,https://universe.roboflow.com/brad-dwyer/aquarium-combined
aq_IMG_2305_jpeg_jpg.rf.b5829c8732ccdd637206529f8ebe9503.jpg,Aquarium Combined v6 (Roboflow),val,Roboflow,CC BY 4.0,https://universe.roboflow.com/brad-dwyer/aquarium-combined
aq_IMG_2317_jpeg_jpg.rf.69803b6e030988273f3b46f059aefaf3.jpg,Aquarium Combined v6 (Roboflow),val,Roboflow,CC BY 4.0,https://universe.roboflow.com/brad-dwyer/aquarium-combined
aq_IMG_2318_jpeg_jpg.rf.fb389fb02a0a2f5050f826cacf47a083.jpg,Aquarium Combined v6 (Roboflow),val,Roboflow,CC BY 4.0,https://universe.roboflow.com/brad-dwyer/aquarium-combined
aq_IMG_2323_jpeg_jpg.rf.61a97a58c9d0eb8e168e426a8c9fb181.jpg,Aquarium Combined v6 (Roboflow),val,Roboflow,CC BY 4.0,https://universe.roboflow.com/brad-dwyer/aquarium-combined
aq_IMG_2325_jpeg_jpg.rf.08e42d6b2f923600fa8413e1a130d364.jpg,Aquarium Combined v6 (Roboflow),val,Roboflow,CC BY 4.0,https://universe.roboflow.com/brad-dwyer/aquarium-combined
aq_IMG_2329_jpeg_jpg.rf.29881fed562f13b73639148f5c459a6f.jpg,Aquarium Combined v6 (Roboflow),val,Roboflow,CC BY 4.0,https://universe.roboflow.com/brad-dwyer/aquarium-combined
aq_IMG_2333_jpeg_jpg.rf.b1b0aece9dd9a2f369e7e5cf7c9b0520.jpg,Aquarium Combined v6 (Roboflow),val,Roboflow,CC BY 4.0,https://universe.roboflow.com/brad-dwyer/aquarium-combined
aq_IMG_2334_jpeg_jpg.rf.c2b8113769969792c6a22d402c7405b4.jpg,Aquarium Combined v6 (Roboflow),val,Roboflow,CC BY 4.0,https://universe.roboflow.com/brad-dwyer/aquarium-combined
aq_IMG_2337_jpeg_jpg.rf.f292fb82c05c827b87686d0506bdfb33.jpg,Aquarium Combined v6 (Roboflow),val,Roboflow,CC BY 4.0,https://universe.roboflow.com/brad-dwyer/aquarium-combined
aq_IMG_2339_jpeg_jpg.rf.18c3f69dca30860b5cf7e67c00530ed1.jpg,Aquarium Combined v6 (Roboflow),val,Roboflow,CC BY 4.0,https://universe.roboflow.com/brad-dwyer/aquarium-combined
aq_IMG_2342_jpeg_jpg.rf.edf7592aa600f890941b2169c279143c.jpg,Aquarium Combined v6 (Roboflow),val,Roboflow,CC BY 4.0,https://universe.roboflow.com/brad-dwyer/aquarium-combined
aq_IMG_2345_jpeg_jpg.rf.d410eccfedd2acbde6a2f572ab4414bb.jpg,Aquarium Combined v6 (Roboflow),val,Roboflow,CC BY 4.0,https://universe.roboflow.com/brad-dwyer/aquarium-combined
aq_IMG_2348_jpeg_jpg.rf.605dec54703ed5d884d49e021235cb60.jpg,Aquarium Combined v6 (Roboflow),val,Roboflow,CC BY 4.0,https://universe.roboflow.com/brad-dwyer/aquarium-combined
aq_IMG_2353_jpeg_jpg.rf.705ccfed2b99ee4362d48b351280ee8a.jpg,Aquarium Combined v6 (Roboflow),val,Roboflow,CC BY 4.0,https://universe.roboflow.com/brad-dwyer/aquarium-combined
aq_IMG_2366_jpeg_jpg.rf.bd5c1026484fc298e6fdb7ca693fbf6c.jpg,Aquarium Combined v6 (Roboflow),val,Roboflow,CC BY 4.0,https://universe.roboflow.com/brad-dwyer/aquarium-combined
aq_IMG_2367_jpeg_jpg.rf.9249439c8722cb6ff2685208a31a07cb.jpg,Aquarium Combined v6 (Roboflow),val,Roboflow,CC BY 4.0,https://universe.roboflow.com/brad-dwyer/aquarium-combined
aq_IMG_2381_jpeg_jpg.rf.333a540029863ae4e106a902c7b10d0b.jpg,Aquarium Combined v6 (Roboflow),val,Roboflow,CC BY 4.0,https://universe.roboflow.com/brad-dwyer/aquarium-combined
aq_IMG_2388_jpeg_jpg.rf.10ecc8bb214cf806cb1d25b537841e45.jpg,Aquarium Combined v6 (Roboflow),val,Roboflow,CC BY 4.0,https://universe.roboflow.com/brad-dwyer/aquarium-combined
aq_IMG_2391_jpeg_jpg.rf.b98b0f455cf935330494e32a5c2e92bd.jpg,Aquarium Combined v6 (Roboflow),val,Roboflow,CC BY 4.0,https://universe.roboflow.com/brad-dwyer/aquarium-combined
aq_IMG_2392_jpeg_jpg.rf.099d00e4ebbf85931851bd159da09e62.jpg,Aquarium Combined v6 (Roboflow),val,Roboflow,CC BY 4.0,https://universe.roboflow.com/brad-dwyer/aquarium-combined
aq_IMG_2396_jpeg_jpg.rf.5187265d7958d337785e6eafee3c8926.jpg,Aquarium Combined v6 (Roboflow),val,Roboflow,CC BY 4.0,https://universe.roboflow.com/brad-dwyer/aquarium-combined
aq_IMG_2397_jpeg_jpg.rf.852b3a21e2930066c9589f334714e443.jpg,Aquarium Combined v6 (Roboflow),val,Roboflow,CC BY 4.0,https://universe.roboflow.com/brad-dwyer/aquarium-combined
aq_IMG_2398_jpeg_jpg.rf.d855f98bf855692e47929653e84efc18.jpg,Aquarium Combined v6 (Roboflow),val,Roboflow,CC BY 4.0,https://universe.roboflow.com/brad-dwyer/aquarium-combined
aq_IMG_2404_jpeg_jpg.rf.aae3a5a3f3457e545cfdb00f8ea97f9f.jpg,Aquarium Combined v6 (Roboflow),val,Roboflow,CC BY 4.0,https://universe.roboflow.com/brad-dwyer/aquarium-combined
aq_IMG_2407_jpeg_jpg.rf.fb2577491f2ad0deebafeec52320c572.jpg,Aquarium Combined v6 (Roboflow),val,Roboflow,CC BY 4.0,https://universe.roboflow.com/brad-dwyer/aquarium-combined
aq_IMG_2411_jpeg_jpg.rf.0b81f4967b936102c019fe01ec1a5ab0.jpg,Aquarium Combined v6 (Roboflow),val,Roboflow,CC BY 4.0,https://universe.roboflow.com/brad-dwyer/aquarium-combined
aq_IMG_2416_jpeg_jpg.rf.d59a2505c68441a87a6b4949be12ea75.jpg,Aquarium Combined v6 (Roboflow),val,Roboflow,CC BY 4.0,https://universe.roboflow.com/brad-dwyer/aquarium-combined
aq_IMG_2424_jpeg_jpg.rf.0469f187070b4057ba9ca302fd832900.jpg,Aquarium Combined v6 (Roboflow),val,Roboflow,CC BY 4.0,https://universe.roboflow.com/brad-dwyer/aquarium-combined
aq_IMG_2425_jpeg_jpg.rf.b3f38884a662afe5f2aaa8682af33040.jpg,Aquarium Combined v6 (Roboflow),val,Roboflow,CC BY 4.0,https://universe.roboflow.com/brad-dwyer/aquarium-combined
aq_IMG_2428_jpeg_jpg.rf.dc8b5fa808df5f6f7ecb61e6376d7249.jpg,Aquarium Combined v6 (Roboflow),val,Roboflow,CC BY 4.0,https://universe.roboflow.com/brad-dwyer/aquarium-combined
aq_IMG_2442_jpeg_jpg.rf.4279dd84ba943462095c0db91895c543.jpg,Aquarium Combined v6 (Roboflow),val,Roboflow,CC BY 4.0,https://universe.roboflow.com/brad-dwyer/aquarium-combined
aq_IMG_2457_jpeg_jpg.rf.c146aceda342497fae27abca69a9ed37.jpg,Aquarium Combined v6 (Roboflow),val,Roboflow,CC BY 4.0,https://universe.roboflow.com/brad-dwyer/aquarium-combined
aq_IMG_2464_jpeg_jpg.rf.14855d7351bb412f4735c81c67493e29.jpg,Aquarium Combined v6 (Roboflow),val,Roboflow,CC BY 4.0,https://universe.roboflow.com/brad-dwyer/aquarium-combined
aq_IMG_2469_jpeg_jpg.rf.5c2b6b7d8237c279d48e9786717a46ee.jpg,Aquarium Combined v6 (Roboflow),val,Roboflow,CC BY 4.0,https://universe.roboflow.com/brad-dwyer/aquarium-combined
aq_IMG_2491_jpeg_jpg.rf.50a21191f541de8565677bc57f161785.jpg,Aquarium Combined v6 (Roboflow),val,Roboflow,CC BY 4.0,https://universe.roboflow.com/brad-dwyer/aquarium-combined
aq_IMG_2492_jpeg_jpg.rf.9833ad5b197d5a4986ddd05bb6e8d711.jpg,Aquarium Combined v6 (Roboflow),val,Roboflow,CC BY 4.0,https://universe.roboflow.com/brad-dwyer/aquarium-combined
aq_IMG_2505_jpeg_jpg.rf.c7028b45bd84c923435233ba17554d8c.jpg,Aquarium Combined v6 (Roboflow),val,Roboflow,CC BY 4.0,https://universe.roboflow.com/brad-dwyer/aquarium-combined
aq_IMG_2510_jpeg_jpg.rf.54d8b91fdebdfd7f61935e3856e82f54.jpg,Aquarium Combined v6 (Roboflow),val,Roboflow,CC BY 4.0,https://universe.roboflow.com/brad-dwyer/aquarium-combined
aq_IMG_2512_jpeg_jpg.rf.0991a70152d45c4b84995affece6a437.jpg,Aquarium Combined v6 (Roboflow),val,Roboflow,CC BY 4.0,https://universe.roboflow.com/brad-dwyer/aquarium-combined
aq_IMG_2517_jpeg_jpg.rf.679abc0b003cdae87e1d590bd309722d.jpg,Aquarium Combined v6 (Roboflow),val,Roboflow,CC BY 4.0,https://universe.roboflow.com/brad-dwyer/aquarium-combined
aq_IMG_2519_jpeg_jpg.rf.e48dafc77e547ef71a096b3f307afdcb.jpg,Aquarium Combined v6 (Roboflow),val,Roboflow,CC BY 4.0,https://universe.roboflow.com/brad-dwyer/aquarium-combined
aq_IMG_2522_jpeg_jpg.rf.2375cdc46df35ae6f0a665bbe8ea6d68.jpg,Aquarium Combined v6 (Roboflow),val,Roboflow,CC BY 4.0,https://universe.roboflow.com/brad-dwyer/aquarium-combined
aq_IMG_2523_jpeg_jpg.rf.8134cf82a6fbf0295a1e43303c62e0c0.jpg,Aquarium Combined v6 (Roboflow),val,Roboflow,CC BY 4.0,https://universe.roboflow.com/brad-dwyer/aquarium-combined
aq_IMG_2525_jpeg_jpg.rf.900b66faa10f424f202c1f8a411a90d5.jpg,Aquarium Combined v6 (Roboflow),val,Roboflow,CC BY 4.0,https://universe.roboflow.com/brad-dwyer/aquarium-combined
aq_IMG_2531_jpeg_jpg.rf.2f4e0ae0849950262535448b2a16bcd9.jpg,Aquarium Combined v6 (Roboflow),val,Roboflow,CC BY 4.0,https://universe.roboflow.com/brad-dwyer/aquarium-combined
aq_IMG_2534_jpeg_jpg.rf.1581220e0626057e9c2a209cd2440183.jpg,Aquarium Combined v6 (Roboflow),val,Roboflow,CC BY 4.0,https://universe.roboflow.com/brad-dwyer/aquarium-combined
aq_IMG_2535_jpeg_jpg.rf.67e7f77fa9a529448693d4e9abfd9a55.jpg,Aquarium Combined v6 (Roboflow),val,Roboflow,CC BY 4.0,https://universe.roboflow.com/brad-dwyer/aquarium-combined
aq_IMG_2546_jpeg_jpg.rf.f380e6afb381888e3611e23f7855a398.jpg,Aquarium Combined v6 (Roboflow),val,Roboflow,CC BY 4.0,https://universe.roboflow.com/brad-dwyer/aquarium-combined
aq_IMG_2555_jpeg_jpg.rf.1ec413b3f4eb87e9d5d150212312064b.jpg,Aquarium Combined v6 (Roboflow),val,Roboflow,CC BY 4.0,https://universe.roboflow.com/brad-dwyer/aquarium-combined
aq_IMG_2557_jpeg_jpg.rf.f5cd19cc31c5e204abc9cd0640cb1164.jpg,Aquarium Combined v6 (Roboflow),val,Roboflow,CC BY 4.0,https://universe.roboflow.com/brad-dwyer/aquarium-combined
aq_IMG_2567_jpeg_jpg.rf.a24df9e2ec69e8da9ed7263eb67fd85d.jpg,Aquarium Combined v6 (Roboflow),val,Roboflow,CC BY 4.0,https://universe.roboflow.com/brad-dwyer/aquarium-combined
aq_IMG_2569_jpeg_jpg.rf.10960c135c01b16eb6ed7c1ded5f7fee.jpg,Aquarium Combined v6 (Roboflow),val,Roboflow,CC BY 4.0,https://universe.roboflow.com/brad-dwyer/aquarium-combined
aq_IMG_2577_jpeg_jpg.rf.c9ef7069bde635d071958ac310e9647c.jpg,Aquarium Combined v6 (Roboflow),val,Roboflow,CC BY 4.0,https://universe.roboflow.com/brad-dwyer/aquarium-combined
aq_IMG_2583_jpeg_jpg.rf.09ea13d7d04d80e34e5a383b05f09a0a.jpg,Aquarium Combined v6 (Roboflow),val,Roboflow,CC BY 4.0,https://universe.roboflow.com/brad-dwyer/aquarium-combined
aq_IMG_2586_jpeg_jpg.rf.cdc08f1759df63468a4cdd6c1cf7adab.jpg,Aquarium Combined v6 (Roboflow),val,Roboflow,CC BY 4.0,https://universe.roboflow.com/brad-dwyer/aquarium-combined
aq_IMG_2591_jpeg_jpg.rf.c4a45ee7ad55925b94056ca98d609f7f.jpg,Aquarium Combined v6 (Roboflow),val,Roboflow,CC BY 4.0,https://universe.roboflow.com/brad-dwyer/aquarium-combined
aq_IMG_2599_jpeg_jpg.rf.2cec201fc2719edd61ff601484a3b51a.jpg,Aquarium Combined v6 (Roboflow),val,Roboflow,CC BY 4.0,https://universe.roboflow.com/brad-dwyer/aquarium-combined
aq_IMG_2602_jpeg_jpg.rf.d18189c2168857d68f27434ad0c7ecf2.jpg,Aquarium Combined v6 (Roboflow),val,Roboflow,CC BY 4.0,https://universe.roboflow.com/brad-dwyer/aquarium-combined
aq_IMG_2607_jpeg_jpg.rf.0128200c07006e5e76ca53b48a264a27.jpg,Aquarium Combined v6 (Roboflow),val,Roboflow,CC BY 4.0,https://universe.roboflow.com/brad-dwyer/aquarium-combined
aq_IMG_2616_jpeg_jpg.rf.97fe4c63286aa0c29b6e62debab01112.jpg,Aquarium Combined v6 (Roboflow),val,Roboflow,CC BY 4.0,https://universe.roboflow.com/brad-dwyer/aquarium-combined
aq_IMG_2626_jpeg_jpg.rf.bdefebb1159161469fc5f430ef51775e.jpg,Aquarium Combined v6 (Roboflow),val,Roboflow,CC BY 4.0,https://universe.roboflow.com/brad-dwyer/aquarium-combined
aq_IMG_2635_jpeg_jpg.rf.7941bc16541924a43a35c9e6d7b4b2f4.jpg,Aquarium Combined v6 (Roboflow),val,Roboflow,CC BY 4.0,https://universe.roboflow.com/brad-dwyer/aquarium-combined
aq_IMG_2636_jpeg_jpg.rf.2274bf975a7e8ec3f8db508666cd81f2.jpg,Aquarium Combined v6 (Roboflow),val,Roboflow,CC BY 4.0,https://universe.roboflow.com/brad-dwyer/aquarium-combined
aq_IMG_2637_jpeg_jpg.rf.5764efda8f4165165bd6ddadb11cf5db.jpg,Aquarium Combined v6 (Roboflow),val,Roboflow,CC BY 4.0,https://universe.roboflow.com/brad-dwyer/aquarium-combined
aq_IMG_2645_jpeg_jpg.rf.e61cbe156d7df1ae50c9b2126e818947.jpg,Aquarium Combined v6 (Roboflow),val,Roboflow,CC BY 4.0,https://universe.roboflow.com/brad-dwyer/aquarium-combined
aq_IMG_3120_jpeg_jpg.rf.cbdccfe3cd3426a0c486d1de7b543c06.jpg,Aquarium Combined v6 (Roboflow),val,Roboflow,CC BY 4.0,https://universe.roboflow.com/brad-dwyer/aquarium-combined
aq_IMG_3124_jpeg_jpg.rf.fb324532bbb64a5816f99224ad454c06.jpg,Aquarium Combined v6 (Roboflow),val,Roboflow,CC BY 4.0,https://universe.roboflow.com/brad-dwyer/aquarium-combined
aq_IMG_3126_jpeg_jpg.rf.3ccfdd5a97e5c8babbbbe4bafd84eb65.jpg,Aquarium Combined v6 (Roboflow),val,Roboflow,CC BY 4.0,https://universe.roboflow.com/brad-dwyer/aquarium-combined
aq_IMG_3139_jpeg_jpg.rf.c77816891fa41fab1ecd05064190d252.jpg,Aquarium Combined v6 (Roboflow),val,Roboflow,CC BY 4.0,https://universe.roboflow.com/brad-dwyer/aquarium-combined
aq_IMG_3150_jpeg_jpg.rf.f587db1d269742f71be947a3252b3e64.jpg,Aquarium Combined v6 (Roboflow),val,Roboflow,CC BY 4.0,https://universe.roboflow.com/brad-dwyer/aquarium-combined
aq_IMG_3153_jpeg_jpg.rf.3d4c72100bee50d21c924d81e30d0538.jpg,Aquarium Combined v6 (Roboflow),val,Roboflow,CC BY 4.0,https://universe.roboflow.com/brad-dwyer/aquarium-combined
aq_IMG_3161_jpeg_jpg.rf.590db71c2b8d79326e75bb08a221071f.jpg,Aquarium Combined v6 (Roboflow),val,Roboflow,CC BY 4.0,https://universe.roboflow.com/brad-dwyer/aquarium-combined
aq_IMG_3163_jpeg_jpg.rf.71a6e749cc2ad86b9bb2a34d205b9006.jpg,Aquarium Combined v6 (Roboflow),val,Roboflow,CC BY 4.0,https://universe.roboflow.com/brad-dwyer/aquarium-combined
aq_IMG_3165_jpeg_jpg.rf.8a346f0e73e4be3cabcec7c39c82e119.jpg,Aquarium Combined v6 (Roboflow),val,Roboflow,CC BY 4.0,https://universe.roboflow.com/brad-dwyer/aquarium-combined
aq_IMG_3166_jpeg_jpg.rf.cd41e33ad52adda410cd3d3c7a78819a.jpg,Aquarium Combined v6 (Roboflow),val,Roboflow,CC BY 4.0,https://universe.roboflow.com/brad-dwyer/aquarium-combined
aq_IMG_3171_jpeg_jpg.rf.e7551e98505feb21aa30d1c0ecdc1882.jpg,Aquarium Combined v6 (Roboflow),val,Roboflow,CC BY 4.0,https://universe.roboflow.com/brad-dwyer/aquarium-combined
aq_IMG_3178_jpeg_jpg.rf.309730df88a358850727cd787e6bddbd.jpg,Aquarium Combined v6 (Roboflow),val,Roboflow,CC BY 4.0,https://universe.roboflow.com/brad-dwyer/aquarium-combined
aq_IMG_3179_jpeg_jpg.rf.924b3708f6d0e1b265d2b0ddb4919512.jpg,Aquarium Combined v6 (Roboflow),val,Roboflow,CC BY 4.0,https://universe.roboflow.com/brad-dwyer/aquarium-combined
aq_IMG_3180_jpeg_jpg.rf.7605433b6a316b5a7bbc2ec7a32b099c.jpg,Aquarium Combined v6 (Roboflow),val,Roboflow,CC BY 4.0,https://universe.roboflow.com/brad-dwyer/aquarium-combined
aq_IMG_3183_jpeg_jpg.rf.ea4d4c39378c7d75ffebef13a9f12ad5.jpg,Aquarium Combined v6 (Roboflow),val,Roboflow,CC BY 4.0,https://universe.roboflow.com/brad-dwyer/aquarium-combined
aq_IMG_3184_jpeg_jpg.rf.a92447ea2afb02e8913bd7da1f647016.jpg,Aquarium Combined v6 (Roboflow),val,Roboflow,CC BY 4.0,https://universe.roboflow.com/brad-dwyer/aquarium-combined
aq_IMG_3185_jpeg_jpg.rf.952758dc961b8c2d569e8c846a33ecd7.jpg,Aquarium Combined v6 (Roboflow),val,Roboflow,CC BY 4.0,https://universe.roboflow.com/brad-dwyer/aquarium-combined
aq_IMG_8317_jpg.rf.caf64b082b565bc11f5f28e999ee721c.jpg,Aquarium Combined v6 (Roboflow),val,Roboflow,CC BY 4.0,https://universe.roboflow.com/brad-dwyer/aquarium-combined
aq_IMG_8330_jpg.rf.3ebcda023fb95ec55163fd52dd0c681f.jpg,Aquarium Combined v6 (Roboflow),val,Roboflow,CC BY 4.0,https://universe.roboflow.com/brad-dwyer/aquarium-combined
aq_IMG_8340_jpg.rf.51c9a5e322c4c6ebfdd766fdd5202a7b.jpg,Aquarium Combined v6 (Roboflow),val,Roboflow,CC BY 4.0,https://universe.roboflow.com/brad-dwyer/aquarium-combined
aq_IMG_8341_jpg.rf.cdab5b08dad551c735e5be9e9a786e62.jpg,Aquarium Combined v6 (Roboflow),val,Roboflow,CC BY 4.0,https://universe.roboflow.com/brad-dwyer/aquarium-combined
aq_IMG_8348_jpg.rf.688a066aa4db8f2b19be7e8fdc93d0d2.jpg,Aquarium Combined v6 (Roboflow),val,Roboflow,CC BY 4.0,https://universe.roboflow.com/brad-dwyer/aquarium-combined
aq_IMG_8379_jpg.rf.4abec0e2da31424ced8a7f814219c65d.jpg,Aquarium Combined v6 (Roboflow),val,Roboflow,CC BY 4.0,https://universe.roboflow.com/brad-dwyer/aquarium-combined
aq_IMG_8384_jpg.rf.725edb2231535526f20f1c53f22593a1.jpg,Aquarium Combined v6 (Roboflow),val,Roboflow,CC BY 4.0,https://universe.roboflow.com/brad-dwyer/aquarium-combined
aq_IMG_8391_jpg.rf.30e075965ac7f2c97725dd96774427d2.jpg,Aquarium Combined v6 (Roboflow),val,Roboflow,CC BY 4.0,https://universe.roboflow.com/brad-dwyer/aquarium-combined
aq_IMG_8407_jpg.rf.640a34b27e517574ec3aca9065f23c03.jpg,Aquarium Combined v6 (Roboflow),val,Roboflow,CC BY 4.0,https://universe.roboflow.com/brad-dwyer/aquarium-combined
aq_IMG_8448_jpg.rf.d281b6c19bc78703af9b5bef23df7678.jpg,Aquarium Combined v6 (Roboflow),val,Roboflow,CC BY 4.0,https://universe.roboflow.com/brad-dwyer/aquarium-combined
aq_IMG_8460_jpg.rf.a0da4b3a0158fa73c1e09cdd6d0cb924.jpg,Aquarium Combined v6 (Roboflow),val,Roboflow,CC BY 4.0,https://universe.roboflow.com/brad-dwyer/aquarium-combined
aq_IMG_8465_jpg.rf.67273f48f783cdd5c1a267c2689055a0.jpg,Aquarium Combined v6 (Roboflow),val,Roboflow,CC BY 4.0,https://universe.roboflow.com/brad-dwyer/aquarium-combined
aq_IMG_8489_jpg.rf.ade9eb536deff3bf2f385923292a4643.jpg,Aquarium Combined v6 (Roboflow),val,Roboflow,CC BY 4.0,https://universe.roboflow.com/brad-dwyer/aquarium-combined
aq_IMG_8496_MOV-2_jpg.rf.1102141f76d514e8967f8cbb325e4038.jpg,Aquarium Combined v6 (Roboflow),val,Roboflow,CC BY 4.0,https://universe.roboflow.com/brad-dwyer/aquarium-combined
aq_IMG_8497_MOV-2_jpg.rf.a57b61c82854a18e09d4ae42a7335ab3.jpg,Aquarium Combined v6 (Roboflow),val,Roboflow,CC BY 4.0,https://universe.roboflow.com/brad-dwyer/aquarium-combined
aq_IMG_8497_MOV-4_jpg.rf.79929a44d1155356781db5d4a62410c1.jpg,Aquarium Combined v6 (Roboflow),val,Roboflow,CC BY 4.0,https://universe.roboflow.com/brad-dwyer/aquarium-combined
aq_IMG_8512_MOV-1_jpg.rf.7bf709f7dc4feb38cd809a47ed631e86.jpg,Aquarium Combined v6 (Roboflow),val,Roboflow,CC BY 4.0,https://universe.roboflow.com/brad-dwyer/aquarium-combined
aq_IMG_8512_MOV-5_jpg.rf.78843ed57d6eb39c7898c037c04d428a.jpg,Aquarium Combined v6 (Roboflow),val,Roboflow,CC BY 4.0,https://universe.roboflow.com/brad-dwyer/aquarium-combined
aq_IMG_8524_jpg.rf.00ab07771237b757d767a51c75cbb35d.jpg,Aquarium Combined v6 (Roboflow),val,Roboflow,CC BY 4.0,https://universe.roboflow.com/brad-dwyer/aquarium-combined
aq_IMG_8525_jpg.rf.4067dbf4ea9b8abf059b74a4dd3189af.jpg,Aquarium Combined v6 (Roboflow),val,Roboflow,CC BY 4.0,https://universe.roboflow.com/brad-dwyer/aquarium-combined
aq_IMG_8526_jpg.rf.b4e65c68d4b05faddde4bbfb4cdc881b.jpg,Aquarium Combined v6 (Roboflow),val,Roboflow,CC BY 4.0,https://universe.roboflow.com/brad-dwyer/aquarium-combined
aq_IMG_8528_jpg.rf.1e7f36343659bd8c3aaccb166480b51d.jpg,Aquarium Combined v6 (Roboflow),val,Roboflow,CC BY 4.0,https://universe.roboflow.com/brad-dwyer/aquarium-combined
aq_IMG_8530_jpg.rf.5cd2d6851b8e0a38ba743331df8cf3c5.jpg,Aquarium Combined v6 (Roboflow),val,Roboflow,CC BY 4.0,https://universe.roboflow.com/brad-dwyer/aquarium-combined
aq_IMG_8535_MOV-0_jpg.rf.16e360babc01fda33ef69e26a0d2cabf.jpg,Aquarium Combined v6 (Roboflow),val,Roboflow,CC BY 4.0,https://universe.roboflow.com/brad-dwyer/aquarium-combined
aq_IMG_8535_MOV-1_jpg.rf.dd0e2de2c779f4b70856871c73aadbeb.jpg,Aquarium Combined v6 (Roboflow),val,Roboflow,CC BY 4.0,https://universe.roboflow.com/brad-dwyer/aquarium-combined
aq_IMG_8535_MOV-4_jpg.rf.2c7eff1bd3e1104f717cab906902cece.jpg,Aquarium Combined v6 (Roboflow),val,Roboflow,CC BY 4.0,https://universe.roboflow.com/brad-dwyer/aquarium-combined
aq_IMG_8535_MOV-5_jpg.rf.0181438c5e280acbabd6371910c208ac.jpg,Aquarium Combined v6 (Roboflow),val,Roboflow,CC BY 4.0,https://universe.roboflow.com/brad-dwyer/aquarium-combined
aq_IMG_8551_MOV-1_jpg.rf.e724c7e803080a307ee0d87220157b1a.jpg,Aquarium Combined v6 (Roboflow),val,Roboflow,CC BY 4.0,https://universe.roboflow.com/brad-dwyer/aquarium-combined
aq_IMG_8571_MOV-3_jpg.rf.cc794a8a1d11e370e3f210141c582eab.jpg,Aquarium Combined v6 (Roboflow),val,Roboflow,CC BY 4.0,https://universe.roboflow.com/brad-dwyer/aquarium-combined
aq_IMG_8572_MOV-1_jpg.rf.4b1f974cfd3d7916f8679ea99c250c6f.jpg,Aquarium Combined v6 (Roboflow),val,Roboflow,CC BY 4.0,https://universe.roboflow.com/brad-dwyer/aquarium-combined
aq_IMG_8578_MOV-0_jpg.rf.69fb69b01ff6046486a58024d41d451b.jpg,Aquarium Combined v6 (Roboflow),val,Roboflow,CC BY 4.0,https://universe.roboflow.com/brad-dwyer/aquarium-combined
aq_IMG_8579_jpg.rf.5c2ce171ae88997c6ff8f724b5e9e72e.jpg,Aquarium Combined v6 (Roboflow),val,Roboflow,CC BY 4.0,https://universe.roboflow.com/brad-dwyer/aquarium-combined
aq_IMG_8581_MOV-1_jpg.rf.2f18672a87ac2987e55b3279ff8e7b51.jpg,Aquarium Combined v6 (Roboflow),val,Roboflow,CC BY 4.0,https://universe.roboflow.com/brad-dwyer/aquarium-combined
aq_IMG_8582_MOV-2_jpg.rf.2c8024444ba177bd9ac3bae7416fe18a.jpg,Aquarium Combined v6 (Roboflow),val,Roboflow,CC BY 4.0,https://universe.roboflow.com/brad-dwyer/aquarium-combined
aq_IMG_8582_MOV-4_jpg.rf.235d27b8c4b51aa421b6d11471ddf45a.jpg,Aquarium Combined v6 (Roboflow),val,Roboflow,CC BY 4.0,https://universe.roboflow.com/brad-dwyer/aquarium-combined
aq_IMG_8590_MOV-0_jpg.rf.0b11415093f779df33d9400d816a3fb0.jpg,Aquarium Combined v6 (Roboflow),val,Roboflow,CC BY 4.0,https://universe.roboflow.com/brad-dwyer/aquarium-combined
aq_IMG_8591_MOV-1_jpg.rf.adfc6581125913de76051fd7d56fad28.jpg,Aquarium Combined v6 (Roboflow),val,Roboflow,CC BY 4.0,https://universe.roboflow.com/brad-dwyer/aquarium-combined
aq_IMG_8593_MOV-1_jpg.rf.2c0325bcaa0cf5ddd7cb2bec02a26301.jpg,Aquarium Combined v6 (Roboflow),val,Roboflow,CC BY 4.0,https://universe.roboflow.com/brad-dwyer/aquarium-combined
aq_IMG_8595_MOV-1_jpg.rf.94af8c48746c8e437912f21470306357.jpg,Aquarium Combined v6 (Roboflow),val,Roboflow,CC BY 4.0,https://universe.roboflow.com/brad-dwyer/aquarium-combined
aq_IMG_8599_MOV-1_jpg.rf.2dff37943d3b3c4197298a951d5b079d.jpg,Aquarium Combined v6 (Roboflow),val,Roboflow,CC BY 4.0,https://universe.roboflow.com/brad-dwyer/aquarium-combined
aq_IMG_2289_jpeg_jpg.rf.a56bc9be7aed57907c19762cb39801a5.jpg,Aquarium Combined v6 (Roboflow),test,Roboflow,CC BY 4.0,https://universe.roboflow.com/brad-dwyer/aquarium-combined
aq_IMG_2301_jpeg_jpg.rf.37fbc1665199a72a403b536b0c254df5.jpg,Aquarium Combined v6 (Roboflow),test,Roboflow,CC BY 4.0,https://universe.roboflow.com/brad-dwyer/aquarium-combined
aq_IMG_2319_jpeg_jpg.rf.be51387731b93b6a7779220ee93ea2f3.jpg,Aquarium Combined v6 (Roboflow),test,Roboflow,CC BY 4.0,https://universe.roboflow.com/brad-dwyer/aquarium-combined
aq_IMG_2347_jpeg_jpg.rf.2b7a6276ea2120825799cf526ffb1599.jpg,Aquarium Combined v6 (Roboflow),test,Roboflow,CC BY 4.0,https://universe.roboflow.com/brad-dwyer/aquarium-combined
aq_IMG_2354_jpeg_jpg.rf.cb2166f87ec7c94292497027fec04166.jpg,Aquarium Combined v6 (Roboflow),test,Roboflow,CC BY 4.0,https://universe.roboflow.com/brad-dwyer/aquarium-combined
aq_IMG_2371_jpeg_jpg.rf.526896a64609c451f462424f1bb04a5d.jpg,Aquarium Combined v6 (Roboflow),test,Roboflow,CC BY 4.0,https://universe.roboflow.com/brad-dwyer/aquarium-combined
aq_IMG_2379_jpeg_jpg.rf.7dc7331bb2dfe884f129f3782bfb63c9.jpg,Aquarium Combined v6 (Roboflow),test,Roboflow,CC BY 4.0,https://universe.roboflow.com/brad-dwyer/aquarium-combined
aq_IMG_2380_jpeg_jpg.rf.6042aaf941b7e6e1114ce67ac0960748.jpg,Aquarium Combined v6 (Roboflow),test,Roboflow,CC BY 4.0,https://universe.roboflow.com/brad-dwyer/aquarium-combined
aq_IMG_2387_jpeg_jpg.rf.3e762c923bd68f7f6b02bf74714b2d60.jpg,Aquarium Combined v6 (Roboflow),test,Roboflow,CC BY 4.0,https://universe.roboflow.com/brad-dwyer/aquarium-combined
aq_IMG_2395_jpeg_jpg.rf.f6a24153e48f7933af35ba0121ac246e.jpg,Aquarium Combined v6 (Roboflow),test,Roboflow,CC BY 4.0,https://universe.roboflow.com/brad-dwyer/aquarium-combined
aq_IMG_2423_jpeg_jpg.rf.3b308516b6073fab02b095b32597d1e4.jpg,Aquarium Combined v6 (Roboflow),test,Roboflow,CC BY 4.0,https://universe.roboflow.com/brad-dwyer/aquarium-combined
aq_IMG_2434_jpeg_jpg.rf.63b6b127b5d9d54ef71835d5985b67ce.jpg,Aquarium Combined v6 (Roboflow),test,Roboflow,CC BY 4.0,https://universe.roboflow.com/brad-dwyer/aquarium-combined
aq_IMG_2446_jpeg_jpg.rf.4f1feed3c64ddf2a73e97c6c3988867c.jpg,Aquarium Combined v6 (Roboflow),test,Roboflow,CC BY 4.0,https://universe.roboflow.com/brad-dwyer/aquarium-combined
aq_IMG_2448_jpeg_jpg.rf.bb415b8e8e60c020b109843876580508.jpg,Aquarium Combined v6 (Roboflow),test,Roboflow,CC BY 4.0,https://universe.roboflow.com/brad-dwyer/aquarium-combined
aq_IMG_2450_jpeg_jpg.rf.d9991a5ba91e03c0a797a6f402f5b463.jpg,Aquarium Combined v6 (Roboflow),test,Roboflow,CC BY 4.0,https://universe.roboflow.com/brad-dwyer/aquarium-combined
aq_IMG_2465_jpeg_jpg.rf.0a92908e8808dc675b88facc6ecec26d.jpg,Aquarium Combined v6 (Roboflow),test,Roboflow,CC BY 4.0,https://universe.roboflow.com/brad-dwyer/aquarium-combined
aq_IMG_2466_jpeg_jpg.rf.e50f262b8fa3929399a9bd31f687a7eb.jpg,Aquarium Combined v6 (Roboflow),test,Roboflow,CC BY 4.0,https://universe.roboflow.com/brad-dwyer/aquarium-combined
aq_IMG_2468_jpeg_jpg.rf.611ec10244d5adcbd8235698d4f81e07.jpg,Aquarium Combined v6 (Roboflow),test,Roboflow,CC BY 4.0,https://universe.roboflow.com/brad-dwyer/aquarium-combined
aq_IMG_2470_jpeg_jpg.rf.ba84b8c5118916c3d81ea15e128f9b12.jpg,Aquarium Combined v6 (Roboflow),test,Roboflow,CC BY 4.0,https://universe.roboflow.com/brad-dwyer/aquarium-combined
aq_IMG_2473_jpeg_jpg.rf.a5d2bbbd6f75291bb4e367d0d1e8cb0c.jpg,Aquarium Combined v6 (Roboflow),test,Roboflow,CC BY 4.0,https://universe.roboflow.com/brad-dwyer/aquarium-combined
aq_IMG_2477_jpeg_jpg.rf.3d099c306de64eb2f07027796e0d05f7.jpg,Aquarium Combined v6 (Roboflow),test,Roboflow,CC BY 4.0,https://universe.roboflow.com/brad-dwyer/aquarium-combined
aq_IMG_2496_jpeg_jpg.rf.dacffea671ca79e6d5901a36f7b1c8a3.jpg,Aquarium Combined v6 (Roboflow),test,Roboflow,CC BY 4.0,https://universe.roboflow.com/brad-dwyer/aquarium-combined
aq_IMG_2499_jpeg_jpg.rf.12b244afaecdaa5645cb32f236c8e168.jpg,Aquarium Combined v6 (Roboflow),test,Roboflow,CC BY 4.0,https://universe.roboflow.com/brad-dwyer/aquarium-combined
aq_IMG_2514_jpeg_jpg.rf.442c6274663732546d3b4b91efb44354.jpg,Aquarium Combined v6 (Roboflow),test,Roboflow,CC BY 4.0,https://universe.roboflow.com/brad-dwyer/aquarium-combined
aq_IMG_2526_jpeg_jpg.rf.a34eda8f469b80d68b1f768a5335225a.jpg,Aquarium Combined v6 (Roboflow),test,Roboflow,CC BY 4.0,https://universe.roboflow.com/brad-dwyer/aquarium-combined
aq_IMG_2532_jpeg_jpg.rf.c95be671da4883586e8974912156dad8.jpg,Aquarium Combined v6 (Roboflow),test,Roboflow,CC BY 4.0,https://universe.roboflow.com/brad-dwyer/aquarium-combined
aq_IMG_2544_jpeg_jpg.rf.cfbacdf0981dfc60eedaf001267110dd.jpg,Aquarium Combined v6 (Roboflow),test,Roboflow,CC BY 4.0,https://universe.roboflow.com/brad-dwyer/aquarium-combined
aq_IMG_2547_jpeg_jpg.rf.590deb27eecda1e9ec5c46ca57e6fd6c.jpg,Aquarium Combined v6 (Roboflow),test,Roboflow,CC BY 4.0,https://universe.roboflow.com/brad-dwyer/aquarium-combined
aq_IMG_2570_jpeg_jpg.rf.d8c1ee8ea4fadcca9261c6691f6b107d.jpg,Aquarium Combined v6 (Roboflow),test,Roboflow,CC BY 4.0,https://universe.roboflow.com/brad-dwyer/aquarium-combined
aq_IMG_2574_jpeg_jpg.rf.ac4d6f903fa4e8d550b103406f6bcdd6.jpg,Aquarium Combined v6 (Roboflow),test,Roboflow,CC BY 4.0,https://universe.roboflow.com/brad-dwyer/aquarium-combined
aq_IMG_2582_jpeg_jpg.rf.acaa7634b065b01e2bcfec537494ac6c.jpg,Aquarium Combined v6 (Roboflow),test,Roboflow,CC BY 4.0,https://universe.roboflow.com/brad-dwyer/aquarium-combined
aq_IMG_2588_jpeg_jpg.rf.a83764f5d1251e3126409f5af97923c3.jpg,Aquarium Combined v6 (Roboflow),test,Roboflow,CC BY 4.0,https://universe.roboflow.com/brad-dwyer/aquarium-combined
aq_IMG_2630_jpeg_jpg.rf.d5afe76b992aa4391992dc4294278c96.jpg,Aquarium Combined v6 (Roboflow),test,Roboflow,CC BY 4.0,https://universe.roboflow.com/brad-dwyer/aquarium-combined
aq_IMG_2632_jpeg_jpg.rf.91c678b6462214245561e3a0734be0ca.jpg,Aquarium Combined v6 (Roboflow),test,Roboflow,CC BY 4.0,https://universe.roboflow.com/brad-dwyer/aquarium-combined
aq_IMG_2651_jpeg_jpg.rf.376ea56ef18bc89f9de59e7e2261297e.jpg,Aquarium Combined v6 (Roboflow),test,Roboflow,CC BY 4.0,https://universe.roboflow.com/brad-dwyer/aquarium-combined
aq_IMG_3129_jpeg_jpg.rf.e84d8e62cb5ec0e8b588a70044548bfb.jpg,Aquarium Combined v6 (Roboflow),test,Roboflow,CC BY 4.0,https://universe.roboflow.com/brad-dwyer/aquarium-combined
aq_IMG_3134_jpeg_jpg.rf.35234cb5029675a6faf5caced426a024.jpg,Aquarium Combined v6 (Roboflow),test,Roboflow,CC BY 4.0,https://universe.roboflow.com/brad-dwyer/aquarium-combined
aq_IMG_3136_jpeg_jpg.rf.98aac6be03f163ad567a5a669e24b198.jpg,Aquarium Combined v6 (Roboflow),test,Roboflow,CC BY 4.0,https://universe.roboflow.com/brad-dwyer/aquarium-combined
aq_IMG_3144_jpeg_jpg.rf.04f49beefaae56ec0bdf2a0be542f8cb.jpg,Aquarium Combined v6 (Roboflow),test,Roboflow,CC BY 4.0,https://universe.roboflow.com/brad-dwyer/aquarium-combined
aq_IMG_3154_jpeg_jpg.rf.54c49f598affbeb26f596d14d238b87d.jpg,Aquarium Combined v6 (Roboflow),test,Roboflow,CC BY 4.0,https://universe.roboflow.com/brad-dwyer/aquarium-combined
aq_IMG_3164_jpeg_jpg.rf.d61fdec1d271dc96903ea8a93324c833.jpg,Aquarium Combined v6 (Roboflow),test,Roboflow,CC BY 4.0,https://universe.roboflow.com/brad-dwyer/aquarium-combined
aq_IMG_3173_jpeg_jpg.rf.873f89ed4f6c57a2b5055674214457d7.jpg,Aquarium Combined v6 (Roboflow),test,Roboflow,CC BY 4.0,https://universe.roboflow.com/brad-dwyer/aquarium-combined
aq_IMG_3175_jpeg_jpg.rf.0e30580088cdaed1c01ca29837cd0247.jpg,Aquarium Combined v6 (Roboflow),test,Roboflow,CC BY 4.0,https://universe.roboflow.com/brad-dwyer/aquarium-combined
aq_IMG_8331_jpg.rf.d234afed8e21defca67396c4f378a7d4.jpg,Aquarium Combined v6 (Roboflow),test,Roboflow,CC BY 4.0,https://universe.roboflow.com/brad-dwyer/aquarium-combined
aq_IMG_8343_jpg.rf.b2c1724fa78a7dd670c41078a1f93b2a.jpg,Aquarium Combined v6 (Roboflow),test,Roboflow,CC BY 4.0,https://universe.roboflow.com/brad-dwyer/aquarium-combined
aq_IMG_8395_jpg.rf.0c309a9d431a1e26ad00c29cfd5f0c94.jpg,Aquarium Combined v6 (Roboflow),test,Roboflow,CC BY 4.0,https://universe.roboflow.com/brad-dwyer/aquarium-combined
aq_IMG_8396_jpg.rf.b5f1cddb8329323a3612f9f25cbd574e.jpg,Aquarium Combined v6 (Roboflow),test,Roboflow,CC BY 4.0,https://universe.roboflow.com/brad-dwyer/aquarium-combined
aq_IMG_8404_jpg.rf.f07ba8e0eaa6511d1d9cc345916ed75f.jpg,Aquarium Combined v6 (Roboflow),test,Roboflow,CC BY 4.0,https://universe.roboflow.com/brad-dwyer/aquarium-combined
aq_IMG_8420_jpg.rf.7e4a07387f944c487111130d3bb5a3bc.jpg,Aquarium Combined v6 (Roboflow),test,Roboflow,CC BY 4.0,https://universe.roboflow.com/brad-dwyer/aquarium-combined
aq_IMG_8452_jpg.rf.1364d2995a8bd40ea8636a7ff51f29c8.jpg,Aquarium Combined v6 (Roboflow),test,Roboflow,CC BY 4.0,https://universe.roboflow.com/brad-dwyer/aquarium-combined
aq_IMG_8490_jpg.rf.923e860e8fd07956983936931afe15de.jpg,Aquarium Combined v6 (Roboflow),test,Roboflow,CC BY 4.0,https://universe.roboflow.com/brad-dwyer/aquarium-combined
aq_IMG_8497_MOV-0_jpg.rf.023aeb41f3acd32ac3401e407e67ac7a.jpg,Aquarium Combined v6 (Roboflow),test,Roboflow,CC BY 4.0,https://universe.roboflow.com/brad-dwyer/aquarium-combined
aq_IMG_8497_MOV-3_jpg.rf.5e2c93904b09e185658f601ada09c6fc.jpg,Aquarium Combined v6 (Roboflow),test,Roboflow,CC BY 4.0,https://universe.roboflow.com/brad-dwyer/aquarium-combined
aq_IMG_8497_MOV-5_jpg.rf.67612a1e93e84b490d75201e908c73f4.jpg,Aquarium Combined v6 (Roboflow),test,Roboflow,CC BY 4.0,https://universe.roboflow.com/brad-dwyer/aquarium-combined
aq_IMG_8513_MOV-0_jpg.rf.c312bc1ad10102256f750e1148d9362c.jpg,Aquarium Combined v6 (Roboflow),test,Roboflow,CC BY 4.0,https://universe.roboflow.com/brad-dwyer/aquarium-combined
aq_IMG_8515_jpg.rf.867a637b4ac62844b6e635a812fae3db.jpg,Aquarium Combined v6 (Roboflow),test,Roboflow,CC BY 4.0,https://universe.roboflow.com/brad-dwyer/aquarium-combined
aq_IMG_8582_MOV-0_jpg.rf.b5c72ba9ce187547440e98276a10764c.jpg,Aquarium Combined v6 (Roboflow),test,Roboflow,CC BY 4.0,https://universe.roboflow.com/brad-dwyer/aquarium-combined
aq_IMG_8582_MOV-3_jpg.rf.87b0ba09681718769decbf40943f9c65.jpg,Aquarium Combined v6 (Roboflow),test,Roboflow,CC BY 4.0,https://universe.roboflow.com/brad-dwyer/aquarium-combined
aq_IMG_8582_MOV-5_jpg.rf.c2c348b07ae6b5a537a3ce60ba23746f.jpg,Aquarium Combined v6 (Roboflow),test,Roboflow,CC BY 4.0,https://universe.roboflow.com/brad-dwyer/aquarium-combined
aq_IMG_8590_MOV-2_jpg.rf.5844a44271f45ef566d070f4889864f6.jpg,Aquarium Combined v6 (Roboflow),test,Roboflow,CC BY 4.0,https://universe.roboflow.com/brad-dwyer/aquarium-combined
aq_IMG_8590_MOV-5_jpg.rf.803c60044c5349776833735612894f5b.jpg,Aquarium Combined v6 (Roboflow),test,Roboflow,CC BY 4.0,https://universe.roboflow.com/brad-dwyer/aquarium-combined
aq_IMG_8595_MOV-0_jpg.rf.97f07c9969737b6d4fe5925ece91deed.jpg,Aquarium Combined v6 (Roboflow),test,Roboflow,CC BY 4.0,https://universe.roboflow.com/brad-dwyer/aquarium-combined
aq_IMG_8599_MOV-3_jpg.rf.f906a1207f86f5f6b1f1793cd832b925.jpg,Aquarium Combined v6 (Roboflow),test,Roboflow,CC BY 4.0,https://universe.roboflow.com/brad-dwyer/aquarium-combined
oi_0006ac5814ed1cf3.jpg,Open Images V7,train,Lauren Nelson,CC BY 2.0,https://www.flickr.com/photos/lulieboo/3281616728
oi_0007ba1aebae9661.jpg,Open Images V7,train,Purple Slog,CC BY 2.0,https://www.flickr.com/photos/purpleslog/141057867
oi_000aee0af66d4237.jpg,Open Images V7,train,Jenn Durfey,CC BY 2.0,https://www.flickr.com/photos/dottiemae/14484017696
oi_000c172e9a038ca3.jpg,Open Images V7,val,Lee Nachtigal,CC BY 2.0,https://www.flickr.com/photos/lxn271/107880977
oi_000cbfe62595f06d.jpg,Open Images V7,train,Newtown grafitti,CC BY 2.0,https://www.flickr.com/photos/newtown_grafitti/9401365558
oi_000ff7dd49c40834.jpg,Open Images V7,train,Eugene Kim,CC BY 2.0,https://www.flickr.com/photos/eekim/2582774133
oi_0011d04b9979b065.jpg,Open Images V7,val,Michael Bentley,CC BY 2.0,https://www.flickr.com/photos/donhomer/11678637386
oi_0014783475ea1198.jpg,Open Images V7,train,Tim Creque,CC BY 2.0,https://www.flickr.com/photos/timjc513/2264122846
oi_0014c729f344f41b.jpg,Open Images V7,train,Hernán García Crespo,CC BY 2.0,https://www.flickr.com/photos/subzonica/23560008
oi_001852e846906d64.jpg,Open Images V7,val,James Mann,CC BY 2.0,https://www.flickr.com/photos/james_mann/8437266739
oi_001e7bc44a7c926b.jpg,Open Images V7,train,GoToVan,CC BY 2.0,https://www.flickr.com/photos/gotovan/11071532346
oi_001ef0f9885fa3d4.jpg,Open Images V7,train,Kerry Wixted,CC BY 2.0,https://www.flickr.com/photos/kwixted0/4597515022
oi_002458bf3c0b367c.jpg,Open Images V7,train,Jan Tik,CC BY 2.0,https://www.flickr.com/photos/jantik/9749058
oi_00258a957d1a2ad1.jpg,Open Images V7,val,Christopher Michel,CC BY 2.0,https://www.flickr.com/photos/cmichel67/11278874665
oi_002724007a69fcec.jpg,Open Images V7,val,Tammy Lo,CC BY 2.0,https://www.flickr.com/photos/tammylo/8027918160
oi_0028051f97fd5b26.jpg,Open Images V7,train,Sammy Zimmermanns,CC BY 2.0,https://www.flickr.com/photos/baynado/14997352705
oi_00298f75febc9e58.jpg,Open Images V7,train,Paul Arps,CC BY 2.0,https://www.flickr.com/photos/slapers/5333587428
oi_002b60dfc1de19ff.jpg,Open Images V7,train,Guillaume Baviere,CC BY 2.0,https://www.flickr.com/photos/84554176@N00/6887480293
oi_002b8a83639f5a15.jpg,Open Images V7,val,Robert Linsdell,CC BY 2.0,https://www.flickr.com/photos/boblinsdell/16394534933/
oi_002f909b4174639e.jpg,Open Images V7,val,walknboston,CC BY 2.0,https://www.flickr.com/photos/walkn/3192307197
oi_00302afab2565d36.jpg,Open Images V7,train,Mike Baird,CC BY 2.0,https://www.flickr.com/photos/mikebaird/9406757998
oi_00329890391ce496.jpg,Open Images V7,train,NOAA Photo Library,CC BY 2.0,https://www.flickr.com/photos/noaaphotolib/5103117402
oi_0033aee72996ed2c.jpg,Open Images V7,train,Hermanus Backpackers,CC BY 2.0,https://www.flickr.com/photos/hermanusbackpackers/3880221719
oi_0034fd230b704833.jpg,Open Images V7,train,Brianna Privett,CC BY 2.0,https://www.flickr.com/photos/briannaorg/2713914420
oi_003980e2756a7133.jpg,Open Images V7,val,Ruth Hartnup,CC BY 2.0,https://www.flickr.com/photos/ruthanddave/380769436
oi_00399fd640d09920.jpg,Open Images V7,train,Steven Depolo,CC BY 2.0,https://www.flickr.com/photos/stevendepolo/6022608397
oi_004058ca67b7805e.jpg,Open Images V7,train,Clinton &amp; Charles Robertson,CC BY 2.0,https://www.flickr.com/photos/dad_and_clint/4015394973
oi_0041410a88f2c697.jpg,Open Images V7,train,Shinji,CC BY 2.0,https://www.flickr.com/photos/cinz/4721232
oi_00438f3cd4bdaa9a.jpg,Open Images V7,val,Greg Schechter,CC BY 2.0,https://www.flickr.com/photos/gregthebusker/12079155794
oi_0045a6b8282e2762.jpg,Open Images V7,val,Mike Baird,CC BY 2.0,https://www.flickr.com/photos/mikebaird/13962225110
oi_004b34c9593fefc1.jpg,Open Images V7,train,Ryan Ruppe,CC BY 2.0,https://www.flickr.com/photos/ryanrocketship/15021853312
oi_004dcc2aa2da5651.jpg,Open Images V7,train,Don,CC BY 2.0,https://www.flickr.com/photos/98562442@N00/534278906
oi_0053e5fe30ca37ef.jpg,Open Images V7,train,Frankie Roberto,CC BY 2.0,https://www.flickr.com/photos/frankieroberto/1043645765
oi_0054f5a2079ea937.jpg,Open Images V7,train,Bodyalive NJ,CC BY 2.0,https://www.flickr.com/photos/bodyalive/15092140602
oi_005664c2555044ac.jpg,Open Images V7,train,Jared Hersch,CC BY 2.0,https://www.flickr.com/photos/111077985@N04/19552124046
oi_0057f437e5e5abdf.jpg,Open Images V7,val,Seen Through My Eyes,CC BY 2.0,https://www.flickr.com/photos/caylin/6951114141
oi_005990dc6e8f7c15.jpg,Open Images V7,val,Mark Doliner,CC BY 2.0,https://www.flickr.com/photos/markdoliner/15217316855
oi_005d9a82774352d8.jpg,Open Images V7,train,Jennifer C.,CC BY 2.0,https://www.flickr.com/photos/29638108@N06/4159011939/
oi_005dd55e92719da1.jpg,Open Images V7,train,Frontierofficial,CC BY 2.0,https://www.flickr.com/photos/frontierofficial/16494061586
oi_005ee287eb06f3eb.jpg,Open Images V7,train,ume-y,CC BY 2.0,https://www.flickr.com/photos/ume-y/5768060979
oi_005fd5e954fe3f55.jpg,Open Images V7,val,Wilfred Hdez,CC BY 2.0,https://www.flickr.com/photos/wilfred_hdez/14020654747
oi_00601e128d346d6b.jpg,Open Images V7,val,Timur Schmidt,CC BY 2.0,https://www.flickr.com/photos/timurschmidt/15709893841
oi_00623125b0f32294.jpg,Open Images V7,val,Betsy Weber,CC BY 2.0,https://www.flickr.com/photos/betsyweber/473798257
oi_00642c4f899c6ad9.jpg,Open Images V7,test,Maltesen,CC BY 2.0,https://www.flickr.com/photos/maltesenwordpresscom/853417982
oi_0066c14677f28463.jpg,Open Images V7,test,Toshinori Kawate,CC BY 2.0,https://www.flickr.com/photos/kawataso/14702193691
oi_00684a02da6b986d.jpg,Open Images V7,test,Misserion,CC BY 2.0,https://www.flickr.com/photos/misserion/2622809666
oi_006ae3c854e88746.jpg,Open Images V7,train,Mike Mozart,CC BY 2.0,https://www.flickr.com/photos/jeepersmedia/15442439743
oi_006e44adb308b8f7.jpg,Open Images V7,train,Mark Gstohl,CC BY 2.0,https://www.flickr.com/photos/howieluvzus/2619725708
oi_006e4b26ccd1719c.jpg,Open Images V7,train,Stewart Butterfield,CC BY 2.0,https://www.flickr.com/photos/stewart/2478016156
oi_006e750ad30d8605.jpg,Open Images V7,val,popofatticus,CC BY 2.0,https://www.flickr.com/photos/barretthall/19601133989
oi_00712e4c572bc325.jpg,Open Images V7,train,Tatsuo Yamashita,CC BY 2.0,https://www.flickr.com/photos/yto/4335980915
oi_007af777b9293ade.jpg,Open Images V7,train,Matthew Keefe,CC BY 2.0,https://www.flickr.com/photos/mkeefe/3968573099
oi_0082b31f017fef5b.jpg,Open Images V7,train,Brenly Harrison,CC BY 2.0,https://www.flickr.com/photos/brenlyharrison/14075132960
oi_00832f42db10182e.jpg,Open Images V7,val,Christian Scheja,CC BY 2.0,https://www.flickr.com/photos/schmollmolch/14635024167
oi_008469f0df521c28.jpg,Open Images V7,train,Max Pfandl,CC BY 2.0,https://www.flickr.com/photos/maxpfandl/6041181510
oi_008baba5cba24e0c.jpg,Open Images V7,train,dronepicr,CC BY 2.0,https://www.flickr.com/photos/132646954@N02/19556609044
oi_0090dd076176e2d1.jpg,Open Images V7,val,加蛋不加價,CC BY 2.0,https://www.flickr.com/photos/cgwcool/10385646775
oi_00919c2b9d481893.jpg,Open Images V7,train,Miran  Rijavec,CC BY 2.0,https://www.flickr.com/photos/miran/16517153421
oi_0093d33bed1c25a0.jpg,Open Images V7,train,Ayca Wilson,CC BY 2.0,https://www.flickr.com/photos/ayca13/8607126921
oi_0095734b1bd2ea8d.jpg,Open Images V7,train,Derek Keats,CC BY 2.0,https://www.flickr.com/photos/dkeats/6159022834
oi_00977d6a06a6c03f.jpg,Open Images V7,val,Paul Mannix,CC BY 2.0,https://www.flickr.com/photos/paulmannix/552270943
oi_0099dc794a3856e9.jpg,Open Images V7,train,Kat Kellner,CC BY 2.0,https://www.flickr.com/photos/93033713@N00/2761268260
oi_009a6a72c799d9d4.jpg,Open Images V7,train,Sharon Mollerus,CC BY 2.0,https://www.flickr.com/photos/clairity/166382113
oi_009b274dbe48b560.jpg,Open Images V7,val,Lee Nachtigal,CC BY 2.0,https://www.flickr.com/photos/lxn271/139458537
oi_009e3589005211b0.jpg,Open Images V7,val,Rojer,CC BY 2.0,https://www.flickr.com/photos/rojer/4874094060
oi_009ec9f7fd9f3ca7.jpg,Open Images V7,val,Phil Campbell,CC BY 2.0,https://www.flickr.com/photos/clanlife/1732062
oi_00a09bf8a4d943b5.jpg,Open Images V7,val,Renee V,CC BY 2.0,https://www.flickr.com/photos/reneeviehmann/844766570
oi_00a1367a559bb190.jpg,Open Images V7,train,NOAA Photo Library,CC BY 2.0,https://www.flickr.com/photos/noaaphotolib/9714446015
oi_00a42d58df82db65.jpg,Open Images V7,train,Mike Johnston,CC BY 2.0,https://www.flickr.com/photos/mikejsolutions/65889648
oi_00a771fc55b16c27.jpg,Open Images V7,val,Andrew Whitaker,CC BY 2.0,https://www.flickr.com/photos/aawhitaker/80337591
oi_00a786d0c96774a0.jpg,Open Images V7,train,André  Oliveira,CC BY 2.0,https://www.flickr.com/photos/andreoliveira1986/5810611912
oi_00acd4d12ebf4a17.jpg,Open Images V7,train,Dave Lonsdale,CC BY 2.0,https://www.flickr.com/photos/davelonsdale/6563119845
oi_00ad4439a6573080.jpg,Open Images V7,train,McKay Savage,CC BY 2.0,https://www.flickr.com/photos/mckaysavage/9976142476
oi_00b11f15d5a9caaf.jpg,Open Images V7,train,makelessnoise,CC BY 2.0,https://www.flickr.com/photos/makelessnoise/3289568702
oi_00b1a7293ceb513b.jpg,Open Images V7,val,Sheila Thomson,CC BY 2.0,https://www.flickr.com/photos/sheilaellen/1121925629
oi_00b524270febd014.jpg,Open Images V7,val,Rick McCharles,CC BY 2.0,https://www.flickr.com/photos/rickmccharles/14977884403
oi_00b7c89a8bc5d550.jpg,Open Images V7,train,Walter,CC BY 2.0,https://www.flickr.com/photos/walterpro/11830476723
oi_00ba381a304dd39d.jpg,Open Images V7,train,Pacific Southwest Region USFWS,CC BY 2.0,https://www.flickr.com/photos/usfws_pacificsw/6215576616
oi_00ba447642e51171.jpg,Open Images V7,val,Jim G,CC BY 2.0,https://www.flickr.com/photos/jimg944/3924065543
oi_00bc9ce7ef30186d.jpg,Open Images V7,train,*highlimitzz,CC BY 2.0,https://www.flickr.com/photos/highlimitstudio/494229631
oi_00bdb1f8858f14c5.jpg,Open Images V7,val,A.Davey,CC BY 2.0,https://www.flickr.com/photos/adavey/2636870301
oi_00c31c5d33c0b882.jpg,Open Images V7,train,amassard,CC BY 2.0,https://www.flickr.com/photos/amassard/5761091115
oi_00c438ec42b0f143.jpg,Open Images V7,train,Christopher Michel,CC BY 2.0,https://www.flickr.com/photos/cmichel67/17190114799
oi_00c4b878d279f6c3.jpg,Open Images V7,val,Ryosuke Hosoi,CC BY 2.0,https://www.flickr.com/photos/rhosoi/5741179261
oi_00c7aa5eb8dea350.jpg,Open Images V7,train,Garden State Hiker,CC BY 2.0,https://www.flickr.com/photos/elchode/20636315218
oi_00c8f0e23a475175.jpg,Open Images V7,train,Steve Jurvetson,CC BY 2.0,https://www.flickr.com/photos/jurvetson/3235332805
oi_00d5592b2478c692.jpg,Open Images V7,val,Steven Depolo,CC BY 2.0,https://www.flickr.com/photos/stevendepolo/4324590996
oi_00d876ee2be8ca21.jpg,Open Images V7,train,John Fink,CC BY 2.0,https://www.flickr.com/photos/vomsorb/5120524569
oi_00dc5bb9b1f7debd.jpg,Open Images V7,val,james,CC BY 2.0,https://www.flickr.com/photos/jehervey/207156799
oi_00e2340518ab4420.jpg,Open Images V7,train,Manuel,CC BY 2.0,https://www.flickr.com/photos/martius/15018626896
oi_00e259430aa79648.jpg,Open Images V7,test,Heather Felson,CC BY 2.0,https://www.flickr.com/photos/52232676@N00/25631213
oi_00e2688ea2b7c2ef.jpg,Open Images V7,val,DeepBluC,CC BY 2.0,https://www.flickr.com/photos/deepsphotos/6814349033
oi_00e29123a6b6080f.jpg,Open Images V7,train,Qfamily,CC BY 2.0,https://www.flickr.com/photos/dasqfamily/14172646383
oi_00e44ee813bbc087.jpg,Open Images V7,val,MENANTEAU Thibaud,CC BY 2.0,https://www.flickr.com/photos/menanteauthibaud/16773134677
oi_00e48838f27aa1a3.jpg,Open Images V7,train,Avia Venefica,CC BY 2.0,https://www.flickr.com/photos/avenefica/4440049661/
oi_00e50e2c36f8451a.jpg,Open Images V7,train,Hamed Saber,CC BY 2.0,https://www.flickr.com/photos/hamed/123707102
oi_00e61beaedca38ae.jpg,Open Images V7,train,Damien du Toit,CC BY 2.0,https://www.flickr.com/photos/coda/34434701
oi_00ed118813b5da12.jpg,Open Images V7,train,ilaria,CC BY 2.0,https://www.flickr.com/photos/1la/3504599793
oi_00eeb20f84060e72.jpg,Open Images V7,val,Ken Banks,CC BY 2.0,https://www.flickr.com/photos/kiwanja/355403866
oi_00f3d2ecaf9ed597.jpg,Open Images V7,train,Karen,CC BY 2.0,https://www.flickr.com/photos/misbehave/12357950914
oi_00f81c7539a1b796.jpg,Open Images V7,val,merec0,CC BY 2.0,https://www.flickr.com/photos/merec0/334954057
oi_00fbd6851519e67e.jpg,Open Images V7,train,Jim G,CC BY 2.0,https://www.flickr.com/photos/jimg944/3094708102
oi_00fcaf790f553ad9.jpg,Open Images V7,test,Ratha Grimes,CC BY 2.0,https://www.flickr.com/photos/ratha/16598256105
oi_00fe223534241574.jpg,Open Images V7,train,Derek Keats,CC BY 2.0,https://www.flickr.com/photos/dkeats/5710604035
oi_00fe9906e43d175f.jpg,Open Images V7,train,ScubaBear68,CC BY 2.0,https://www.flickr.com/photos/22310955@N02/2554255207
oi_01027b58b77ebb54.jpg,Open Images V7,val,Phalinn Ooi,CC BY 2.0,https://www.flickr.com/photos/phalinn/20624099191
oi_0102fe769caa400f.jpg,Open Images V7,train,Agência Brasília,CC BY 2.0,https://www.flickr.com/photos/agenciabrasilia/16538951481
oi_0104146871fa5798.jpg,Open Images V7,test,CheepShot,CC BY 2.0,https://www.flickr.com/photos/23755697@N04/7247252462
oi_0105c9304931cf33.jpg,Open Images V7,train,Yun Huang Yong,CC BY 2.0,https://www.flickr.com/photos/goosmurf/459463789
oi_01098f74a2de0652.jpg,Open Images V7,train,Sid Mosdell,CC BY 2.0,https://www.flickr.com/photos/sidm/6138991872
oi_010d9f130b52aa90.jpg,Open Images V7,train,Christopher Michel,CC BY 2.0,https://www.flickr.com/photos/cmichel67/15853196611
oi_010f014b82f50f01.jpg,Open Images V7,train,LightHart,CC BY 2.0,https://www.flickr.com/photos/7774441@N05/12438849353
oi_010fcb208a1620a2.jpg,Open Images V7,train,Robert Linsdell,CC BY 2.0,https://www.flickr.com/photos/boblinsdell/20749750933
oi_0110073623177a9b.jpg,Open Images V7,val,James Emery,CC BY 2.0,https://www.flickr.com/photos/emeryjl/389869658
oi_0110c8cf65ffafbb.jpg,Open Images V7,val,dfaulder,CC BY 2.0,https://www.flickr.com/photos/dfaulder/4312408025
oi_011266604df678a5.jpg,Open Images V7,train,Patrik Tschudin,CC BY 2.0,https://www.flickr.com/photos/patsch/15447628678
oi_011536adf84c78ac.jpg,Open Images V7,train,Christopher Michel,CC BY 2.0,https://www.flickr.com/photos/cmichel67/4172612085
oi_0116b52ddc2f078e.jpg,Open Images V7,test,James Emery,CC BY 2.0,https://www.flickr.com/photos/emeryjl/3040279817
oi_011b9b3cd66ae778.jpg,Open Images V7,test,Dan Hershman,CC BY 2.0,https://www.flickr.com/photos/hershman/558947309
oi_012206419fe2167a.jpg,Open Images V7,val,Grand Canyon National Park,CC BY 2.0,https://www.flickr.com/photos/grand_canyon_nps/5077405502/
oi_012c94564e308fe3.jpg,Open Images V7,train,James St. John,CC BY 2.0,https://www.flickr.com/photos/jsjgeology/16514663412
oi_01311e919e3b4f77.jpg,Open Images V7,test,Roberto Verzo,CC BY 2.0,https://www.flickr.com/photos/verzo/1561242344
oi_01319a4c71e952a6.jpg,Open Images V7,train,Stephanie Sicore,CC BY 2.0,https://www.flickr.com/photos/ssicore/434841311
oi_0134034e0ebae49a.jpg,Open Images V7,train,prilfish,CC BY 2.0,https://www.flickr.com/photos/silkebaron/4833646112
oi_01362dda3c59cfdf.jpg,Open Images V7,test,Brian Gratwicke,CC BY 2.0,https://www.flickr.com/photos/briangratwicke/6181960203
oi_013869bc58839798.jpg,Open Images V7,val,Josh Hallett,CC BY 2.0,https://www.flickr.com/photos/hyku/357826265
oi_0139ed088f9c0ec1.jpg,Open Images V7,val,Aah-Yeah,CC BY 2.0,https://www.flickr.com/photos/aah-yeah/5204575035
oi_013f7e5b0fce279f.jpg,Open Images V7,train,Mark Doliner,CC BY 2.0,https://www.flickr.com/photos/markdoliner/15030522019
oi_0140c2c1820788aa.jpg,Open Images V7,val,andy muir,CC BY 2.0,https://www.flickr.com/photos/37589005@N04/3801810106
oi_0143216282e2c94a.jpg,Open Images V7,test,shankar s.,CC BY 2.0,https://www.flickr.com/photos/shankaronline/7637257150
oi_0145c2720e3d8390.jpg,Open Images V7,val,francois schnell,CC BY 2.0,https://www.flickr.com/photos/frenchy/79366119
oi_0147441736948406.jpg,Open Images V7,test,Port of San Diego,CC BY 2.0,https://www.flickr.com/photos/portofsandiego/4794124429
oi_014cea80a7bbb65d.jpg,Open Images V7,train,Andrew Kuchling,CC BY 2.0,https://www.flickr.com/photos/akuchling/61422238
oi_014ee69e03924d80.jpg,Open Images V7,val,Derek Keats,CC BY 2.0,https://www.flickr.com/photos/dkeats/6175376691
oi_0150ba50779d5d25.jpg,Open Images V7,train,Milan Boers,CC BY 2.0,https://www.flickr.com/photos/milanboers/3506609273
oi_015392a108984c8c.jpg,Open Images V7,train,Chris Oakley,CC BY 2.0,https://www.flickr.com/photos/chrisoakley/5361881875
oi_0153eab8b0bf2f68.jpg,Open Images V7,val,Cristóbal Alvarado Minic,CC BY 2.0,https://www.flickr.com/photos/ctam/4680647321/
oi_015687b9d7af444d.jpg,Open Images V7,train,lindsayΔlachance,CC BY 2.0,https://www.flickr.com/photos/lindsaylachance/5308327791
oi_01573802dfaa975d.jpg,Open Images V7,train,Luigi Mengato,CC BY 2.0,https://www.flickr.com/photos/luigimengato/6178860446
oi_01612a526fe12707.jpg,Open Images V7,train,Dan Brickley,CC BY 2.0,https://www.flickr.com/photos/danbri/110615801
oi_01626ed318a30f71.jpg,Open Images V7,val,belgianchocolate,CC BY 2.0,https://www.flickr.com/photos/frank-wouters/9944156
oi_0163bf82a8bcd6ff.jpg,Open Images V7,test,Eric Heath,CC BY 2.0,https://www.flickr.com/photos/p200eric/3057540689
oi_0165870829b83f8f.jpg,Open Images V7,train,Karen,CC BY 2.0,https://www.flickr.com/photos/56832361@N00/11793234806
oi_01779d1263add235.jpg,Open Images V7,val,Jordan Emery,CC BY 2.0,https://www.flickr.com/photos/jeofficial/4653272722
oi_017b90e2a9807e83.jpg,Open Images V7,train,Philippe Guillaume,CC BY 2.0,https://www.flickr.com/photos/philippeguillaume/3775788271
oi_01804a0a6bef385f.jpg,Open Images V7,train,Lian Chang,CC BY 2.0,https://www.flickr.com/photos/diametrik/2084304573
oi_0180c11b23fd0cfe.jpg,Open Images V7,train,jcookfisher,CC BY 2.0,https://www.flickr.com/photos/jcookfisher/3704758737
oi_0186f92cb40b91db.jpg,Open Images V7,val,Gerrit Huurman,CC BY 2.0,https://www.flickr.com/photos/32782129@N00/181389839
oi_018da61aa89c92d1.jpg,Open Images V7,train,Shinya Suzuki,CC BY 2.0,https://www.flickr.com/photos/shinyasuzuki/6627709657
oi_0198b44bdaa267a2.jpg,Open Images V7,val,jencu,CC BY 2.0,https://www.flickr.com/photos/jennycu/19392446405
oi_019f6755ceae5b0a.jpg,Open Images V7,train,Duane Weller,CC BY 2.0,https://www.flickr.com/photos/multitrack/516875144
oi_01b2af3b676aff22.jpg,Open Images V7,train,Derek Hatfield,CC BY 2.0,https://www.flickr.com/photos/loimere/113710679
oi_01baf96d4443da2f.jpg,Open Images V7,train,Greg Scales,CC BY 2.0,https://www.flickr.com/photos/greg_scales/20752972156
oi_01bb7c704d18ff3a.jpg,Open Images V7,val,Ste Elmore,CC BY 2.0,https://www.flickr.com/photos/steelmore/98395812
oi_01bc153e92029b53.jpg,Open Images V7,train,NOAA Photo Library,CC BY 2.0,https://www.flickr.com/photos/noaaphotolib/9734064964
oi_01bf6c584e85cada.jpg,Open Images V7,train,Polar Cruises,CC BY 2.0,https://www.flickr.com/photos/polarphotos/4679966913
oi_01bfeaa7be6f81e6.jpg,Open Images V7,val,Ruth Hartnup,CC BY 2.0,https://www.flickr.com/photos/ruthanddave/3256672113
oi_01c4fd64b7de3ecc.jpg,Open Images V7,train,USFWS - Pacific Region,CC BY 2.0,https://www.flickr.com/photos/usfwspacific/6092781155
oi_01c75e408dd436ff.jpg,Open Images V7,train,Ricardo&#x27;s Photography (Thanks to all the fans!!!),CC BY 2.0,https://www.flickr.com/photos/ricardo_mangual/6495185475
oi_01cfd38d61a7f20a.jpg,Open Images V7,train,VIUDeepBay,CC BY 2.0,https://www.flickr.com/photos/viucsr/5812405003
oi_01d55ffad803dcc2.jpg,Open Images V7,train,Rojer,CC BY 2.0,https://www.flickr.com/photos/rojer/7492276760
oi_01da27e70d4fca6f.jpg,Open Images V7,train,Tom Thai,CC BY 2.0,https://www.flickr.com/photos/eviltomthai/5129966768
oi_01dce6b2c033ea9f.jpg,Open Images V7,train,www.GlynLowe.com,CC BY 2.0,https://www.flickr.com/photos/glynlowe/20215306849
oi_01deacf3d119f6e2.jpg,Open Images V7,train,Daniella Vereeken,CC BY 2.0,https://www.flickr.com/photos/betta-online/1555407573
oi_01e2b3ad8d9b109e.jpg,Open Images V7,test,McKay Savage,CC BY 2.0,https://www.flickr.com/photos/mckaysavage/9976169316
oi_01e48abe02006efc.jpg,Open Images V7,train,Mike Fisher,CC BY 2.0,https://www.flickr.com/photos/bfs_man/5233445154
oi_01e4993063534510.jpg,Open Images V7,train,Pablo FJ,CC BY 2.0,https://www.flickr.com/photos/88671712@N08/15826261158
oi_01e767650d427575.jpg,Open Images V7,train,Mike Baird,CC BY 2.0,https://www.flickr.com/photos/mikebaird/9403972931
oi_01ec78907609f62a.jpg,Open Images V7,train,Phalinn Ooi,CC BY 2.0,https://www.flickr.com/photos/phalinn/7112964157
oi_01ed8e5523f723ea.jpg,Open Images V7,train,Eduardo Ribeiro,CC BY 2.0,https://www.flickr.com/photos/ribeiroeduardo/3131989881
oi_01ede19e59212780.jpg,Open Images V7,train,The Conmunity -  Pop Culture Geek,CC BY 2.0,https://www.flickr.com/photos/popculturegeek/5893311168
oi_01f5710aa3f37864.jpg,Open Images V7,test,shankar s.,CC BY 2.0,https://www.flickr.com/photos/shankaronline/15821692694
oi_01f8fb38bdc060b3.jpg,Open Images V7,train,Jonas,CC BY 2.0,https://www.flickr.com/photos/jonasclemens/327231520
oi_01fe9bfecdc95608.jpg,Open Images V7,train,Filter Forge,CC BY 2.0,https://www.flickr.com/photos/filterforge/16878807228
oi_01ffb6b84ebc4b3c.jpg,Open Images V7,train,Jean,CC BY 2.0,https://www.flickr.com/photos/7326810@N08/1439441391
oi_0200d663cdff46a7.jpg,Open Images V7,val,gwaar,CC BY 2.0,https://www.flickr.com/photos/paulsynnott/2641606649
oi_0200e4c38e9a191d.jpg,Open Images V7,val,Norske Samers Riksforbund,CC BY 2.0,https://www.flickr.com/photos/nsrbilder/3774469779
oi_020b08819f27540b.jpg,Open Images V7,train,Mike Baird,CC BY 2.0,https://www.flickr.com/photos/mikebaird/5233601640
oi_0211394ec63e3fd9.jpg,Open Images V7,train,Don Richards,CC BY 2.0,https://www.flickr.com/photos/highlander411/3521712161
oi_0212895a30c80ed6.jpg,Open Images V7,train,Wendy Piersall,CC BY 2.0,https://www.flickr.com/photos/wendypiersall/3267383936
oi_0217f278a7b5282e.jpg,Open Images V7,test,Sheila Thomson,CC BY 2.0,https://www.flickr.com/photos/sheilaellen/1969955435
oi_021cb4f1efdecf13.jpg,Open Images V7,train,Josh Hallett,CC BY 2.0,https://www.flickr.com/photos/hyku/357721118
oi_021ddb4b346b261b.jpg,Open Images V7,test,missvancamp,CC BY 2.0,https://www.flickr.com/photos/23522410@N08/3813888656
oi_021e0ca0cb0fce2a.jpg,Open Images V7,train,Jim Linwood,CC BY 2.0,https://www.flickr.com/photos/brighton/4979428969
oi_022464a87fe0375f.jpg,Open Images V7,train,Hjalmar Gislason,CC BY 2.0,https://www.flickr.com/photos/hjallig/558677497
oi_022646e0199eece1.jpg,Open Images V7,test,LASZLO ILYES,CC BY 2.0,https://www.flickr.com/photos/laszlo-photo/2063412438/
oi_02292d9726a4b085.jpg,Open Images V7,train,e*v,CC BY 2.0,https://www.flickr.com/photos/evei/10097907544
oi_022ab8d73fa8e338.jpg,Open Images V7,val,LASZLO ILYES,CC BY 2.0,https://www.flickr.com/photos/laszlo-photo/5230897450
oi_022c19a4ae79f903.jpg,Open Images V7,train,lin padgham,CC BY 2.0,https://www.flickr.com/photos/linpadgham/2589189371
oi_022e1b4a3a9a4902.jpg,Open Images V7,train,NOAA Photo Library,CC BY 2.0,https://www.flickr.com/photos/noaaphotolib/9730772233
oi_0235f45fd88e294c.jpg,Open Images V7,train,Philippe Guillaume,CC BY 2.0,https://www.flickr.com/photos/philippeguillaume/3937444302
oi_023af32edc89b15e.jpg,Open Images V7,train,TheMadapple,CC BY 2.0,https://www.flickr.com/photos/themadapple/3951193312
oi_0244d3127a6be0e0.jpg,Open Images V7,train,Ross Elliott,CC BY 2.0,https://www.flickr.com/photos/ross_elliott/4779564629
oi_024a675562b4bd73.jpg,Open Images V7,val,Ky,CC BY 2.0,https://www.flickr.com/photos/ky_olsen/5145374627
oi_024e68ab84be730c.jpg,Open Images V7,train,NOAA Photo Library,CC BY 2.0,https://www.flickr.com/photos/noaaphotolib/5018567218
oi_025366362232a2af.jpg,Open Images V7,train,David Armano,CC BY 2.0,https://www.flickr.com/photos/7855449@N02/4083038087
oi_025c0c75955a1c58.jpg,Open Images V7,train,oliver.dodd,CC BY 2.0,https://www.flickr.com/photos/oliverdodd/14666281392
oi_025f6a48c19c48d4.jpg,Open Images V7,train,nick mote,CC BY 2.0,https://www.flickr.com/photos/mote/156878963
oi_026265b9c407d030.jpg,Open Images V7,train,Tony Alter,CC BY 2.0,https://www.flickr.com/photos/78428166@N00/14164521154
oi_02648398f9f65a92.jpg,Open Images V7,val,CWaterhouse,CC BY 2.0,https://www.flickr.com/photos/cwaterhouse/10890047844
oi_026cb41aa50b33da.jpg,Open Images V7,test,Jeff Kramer,CC BY 2.0,https://www.flickr.com/photos/jeffk/76056663/
oi_026f12c747b9e315.jpg,Open Images V7,train,Jer Thorp,CC BY 2.0,https://www.flickr.com/photos/blprnt/14574072707
oi_026f7b3bd9382ade.jpg,Open Images V7,val,ictheostega,CC BY 2.0,https://www.flickr.com/photos/ictheostega/3670468804
oi_0272c68c134587f8.jpg,Open Images V7,train,Mike Boehmer,CC BY 2.0,https://www.flickr.com/photos/mikeboehmer/5279009402
oi_028470a1b913b6a9.jpg,Open Images V7,train,James Abbott,CC BY 2.0,https://www.flickr.com/photos/jamesabbott1963/16074744559
oi_0287c6506de18e36.jpg,Open Images V7,test,Fred von Lohmann,CC BY 2.0,https://www.flickr.com/photos/vonlohmann/8217788228
oi_028ba0829db6a1f5.jpg,Open Images V7,val,USFWS - Pacific Region,CC BY 2.0,https://www.flickr.com/photos/usfwspacific/7129495453
oi_028db9f15228d800.jpg,Open Images V7,train,Chris Campbell,CC BY 2.0,https://www.flickr.com/photos/ccampbell_images/5003784550
oi_028edad1c0888de8.jpg,Open Images V7,val,David J,CC BY 2.0,https://www.flickr.com/photos/sebilden/14569741760
oi_029072fb15f8b491.jpg,Open Images V7,train,Roger Braunstein,CC BY 2.0,https://www.flickr.com/photos/rogerimp/2943616299
oi_0295741ed584df1f.jpg,Open Images V7,train,prilfish,CC BY 2.0,https://www.flickr.com/photos/silkebaron/297207539
oi_029980cdd6957237.jpg,Open Images V7,test,Wendy Berry,CC BY 2.0,https://www.flickr.com/photos/twodolla/2208932804
oi_02a3dbea7a815437.jpg,Open Images V7,train,David Goehring,CC BY 2.0,https://www.flickr.com/photos/carbonnyc/14782639603
oi_02af3dffa66e8f02.jpg,Open Images V7,test,白士 李,CC BY 2.0,https://www.flickr.com/photos/pslee999/19809922864
oi_02b1925af7e73a5c.jpg,Open Images V7,test,NOAA Photo Library,CC BY 2.0,https://www.flickr.com/photos/noaaphotolib/5187507925
oi_02b5f1c7513e7c4e.jpg,Open Images V7,train,Renee V,CC BY 2.0,https://www.flickr.com/photos/reneeviehmann/844762432
oi_02bdec8a19cac314.jpg,Open Images V7,train,Jim G,CC BY 2.0,https://www.flickr.com/photos/jimg944/17344043285
oi_02be076ddd857719.jpg,Open Images V7,train,tata_aka_T,CC BY 2.0,https://www.flickr.com/photos/12453467@N00/160688609
oi_02c478f712fefe73.jpg,Open Images V7,train,NOAA Photo Library,CC BY 2.0,https://www.flickr.com/photos/noaaphotolib/5187472211
oi_02c89736672b1627.jpg,Open Images V7,train,Ed Bierman,CC BY 2.0,https://www.flickr.com/photos/edbierman/6004426792
oi_02c99056d3d8da22.jpg,Open Images V7,train,Roy Blumenthal,CC BY 2.0,https://www.flickr.com/photos/royblumenthal/9914568805
oi_02ca1071c8079f25.jpg,Open Images V7,train,Makuahine Pa&#x27;i Ki&#x27;i,CC BY 2.0,https://www.flickr.com/photos/hawaii-mcgraths/16816405160
oi_02d1a3421a4a8841.jpg,Open Images V7,train,Leonardo Aguiar,CC BY 2.0,https://www.flickr.com/photos/sensechange/2465832878
oi_02d40e7a83d908e6.jpg,Open Images V7,train,HERBALIFE ( Independent Distributor ),CC BY 2.0,https://www.flickr.com/photos/goherb/14786240648
oi_02d48387806563a5.jpg,Open Images V7,train,israeltourism,CC BY 2.0,https://www.flickr.com/photos/visitisrael/6184109201
oi_02e3cbe3e99ac2e0.jpg,Open Images V7,train,Christian Jensen,CC BY 2.0,https://www.flickr.com/photos/cs-jay/1798127977
oi_02e3e15d9c8a38b0.jpg,Open Images V7,val,Frontierofficial,CC BY 2.0,https://www.flickr.com/photos/frontierofficial/10440160895
oi_02e4916156ac4e93.jpg,Open Images V7,train,Dave Fayram,CC BY 2.0,https://www.flickr.com/photos/davefayram/3821840823
oi_02e5377392659510.jpg,Open Images V7,test,Clinton &amp; Charles Robertson,CC BY 2.0,https://www.flickr.com/photos/dad_and_clint/5807049584
oi_02e80a3beca944f5.jpg,Open Images V7,train,Hollywood Branded,CC BY 2.0,https://www.flickr.com/photos/hollywoodbranded/14994139668
oi_02ec1a2c591fc6f9.jpg,Open Images V7,val,NOAA Photo Library,CC BY 2.0,https://www.flickr.com/photos/noaaphotolib/5083607517
oi_02ec5795e7881645.jpg,Open Images V7,train,Tim Sheerman-Chase,CC BY 2.0,https://www.flickr.com/photos/tim_uk/1341539024
oi_02ef640dfa684693.jpg,Open Images V7,val,2il org,CC BY 2.0,https://www.flickr.com/photos/78134895@N03/12935154365
oi_02f04f9fbc2a734c.jpg,Open Images V7,train,Mike Baird,CC BY 2.0,https://www.flickr.com/photos/mikebaird/5886422766
oi_02f12b7e66dad9ca.jpg,Open Images V7,val,raphaelstrada,CC BY 2.0,https://www.flickr.com/photos/raphaelstrada/358330330
oi_02f478f7e233611a.jpg,Open Images V7,test,gordon.milligan,CC BY 2.0,https://www.flickr.com/photos/el-milligano/15063301073
oi_02fecc1881d734a0.jpg,Open Images V7,train,Daniella Vereeken,CC BY 2.0,https://www.flickr.com/photos/betta-online/1548669963
oi_03050b3c8b1ca678.jpg,Open Images V7,val,NOAA Photo Library,CC BY 2.0,https://www.flickr.com/photos/noaaphotolib/9737322532
oi_03063931f7e19c3c.jpg,Open Images V7,train,sun,CC BY 2.0,https://www.flickr.com/photos/suncana/254847244
oi_03075cf59b864a7d.jpg,Open Images V7,train,Tregde Ferie,CC BY 2.0,https://www.flickr.com/photos/tregde/8079515027
oi_0314913a3526c6a3.jpg,Open Images V7,val,Rebecca Selah,CC BY 2.0,https://www.flickr.com/photos/rebeccaselah/8177452385
oi_0315d01bcbf6dba8.jpg,Open Images V7,test,Fitzgerald Marine Reserve Docent,CC BY 2.0,https://www.flickr.com/photos/131153742@N06/16807363265
oi_03176857233dc7e5.jpg,Open Images V7,test,James Bachleda,CC BY 2.0,https://www.flickr.com/photos/jbach/162251821
oi_0321e868b2dd9b15.jpg,Open Images V7,train,NOAA Photo Library,CC BY 2.0,https://www.flickr.com/photos/noaaphotolib/5187517187
oi_032636422e171c26.jpg,Open Images V7,train,LASZLO ILYES,CC BY 2.0,https://www.flickr.com/photos/laszlo-photo/2073739636
oi_0327febe1d58183d.jpg,Open Images V7,train,Chun Yip  So,CC BY 2.0,https://www.flickr.com/photos/chunso/7143373681
oi_032aa77bdfa1c8f2.jpg,Open Images V7,train,Phalinn Ooi,CC BY 2.0,https://www.flickr.com/photos/phalinn/6864633808
oi_0334942ae0f4f1dd.jpg,Open Images V7,val,Amila Tennakoon,CC BY 2.0,https://www.flickr.com/photos/lakpura/16643232785
oi_033ec8c1006668f3.jpg,Open Images V7,val,Drew Avery,CC BY 2.0,https://www.flickr.com/photos/33590535@N06/4101208519
oi_034207f92ac6fea3.jpg,Open Images V7,val,Linda Tanner,CC BY 2.0,https://www.flickr.com/photos/goingslo/4068642783
oi_034540ed66dfc36c.jpg,Open Images V7,val,Nils Rinaldi,CC BY 2.0,https://www.flickr.com/photos/nilsrinaldi/4130602881
oi_0346bf91351c9f5a.jpg,Open Images V7,val,Dave M,CC BY 2.0,https://www.flickr.com/photos/8327755@N05/3711211353
oi_0347cf9aaf1e6a15.jpg,Open Images V7,val,shankar s.,CC BY 2.0,https://www.flickr.com/photos/shankaronline/7448725268
oi_0347ed5043755d2b.jpg,Open Images V7,test,Michael,CC BY 2.0,https://www.flickr.com/photos/sagamiono/4258696626
oi_034bebc0af2786ee.jpg,Open Images V7,train,mauroguanandi,CC BY 2.0,https://www.flickr.com/photos/mauroguanandi/11054933114
oi_034d107c00c9c484.jpg,Open Images V7,val,José María Mateos,CC BY 2.0,https://www.flickr.com/photos/rinzewind/513078472
oi_03559844e4cf2488.jpg,Open Images V7,train,JP Bennett,CC BY 2.0,https://www.flickr.com/photos/jpbennett1/5058908731
oi_035d19acfe98deb3.jpg,Open Images V7,val,HarshLight,CC BY 2.0,https://www.flickr.com/photos/harshlight/2627411964
oi_035ff32df20fa810.jpg,Open Images V7,val,NOAA Photo Library,CC BY 2.0,https://www.flickr.com/photos/noaaphotolib/5188068584
oi_0364765470bd1017.jpg,Open Images V7,val,Florida Keys--Public Libraries,CC BY 2.0,https://www.flickr.com/photos/keyslibraries/3836531643
oi_03662c5502179d9b.jpg,Open Images V7,train,Nan Palmero,CC BY 2.0,https://www.flickr.com/photos/nanpalmero/4636855237/
oi_036af4f0349df430.jpg,Open Images V7,train,Hunter Desportes,CC BY 2.0,https://www.flickr.com/photos/hdport/7645291580
oi_036cdc58467c785a.jpg,Open Images V7,train,Esther Lee,CC BY 2.0,https://www.flickr.com/photos/47096398@N08/5521436380
oi_036f421b3dc99700.jpg,Open Images V7,train,Matt May,CC BY 2.0,https://www.flickr.com/photos/mattmay/3482094820
oi_036fd9732afd5a13.jpg,Open Images V7,train,Aleksander Dragnes,CC BY 2.0,https://www.flickr.com/photos/adragnes/642901298
oi_0371ac5282bde7c4.jpg,Open Images V7,train,Thomas Hubauer,CC BY 2.0,https://www.flickr.com/photos/drth80/6244737028
oi_03724f4ff9daa3bd.jpg,Open Images V7,test,Chris Oakley,CC BY 2.0,https://www.flickr.com/photos/chrisoakley/6044195616
oi_03724f8922482cff.jpg,Open Images V7,test,Ezra S F,CC BY 2.0,https://www.flickr.com/photos/sneezypb/72257131
oi_037275840e3bd069.jpg,Open Images V7,train,Paul Fenwick,CC BY 2.0,https://www.flickr.com/photos/pfenwick/3936148538
oi_037e4d54bb067b23.jpg,Open Images V7,train,Arden,CC BY 2.0,https://www.flickr.com/photos/ardyiii/4985462224
oi_037fb933cecedef4.jpg,Open Images V7,train,John Goode,CC BY 2.0,https://www.flickr.com/photos/johnnieb/5793587083
oi_038026521b233189.jpg,Open Images V7,train,Familie Bierhals,CC BY 2.0,https://www.flickr.com/photos/bierhals/9287407972
oi_039458dbb03eae59.jpg,Open Images V7,train,tomislav medak,CC BY 2.0,https://www.flickr.com/photos/tomislavmedak/2988196122
oi_039c4a3e1f3ef810.jpg,Open Images V7,train,Sam Greenhalgh,CC BY 2.0,https://www.flickr.com/photos/zapthedingbat/5531790069
oi_039c89c98a04593b.jpg,Open Images V7,test,Jordan Emery,CC BY 2.0,https://www.flickr.com/photos/jeofficial/4652555611
oi_039f77dd5ffb33d1.jpg,Open Images V7,val,Mike Baird,CC BY 2.0,https://www.flickr.com/photos/mikebaird/3043900825
oi_039fc4c212aae2bf.jpg,Open Images V7,train,USFWSmidwest,CC BY 2.0,https://www.flickr.com/photos/usfwsmidwest/16194470688
oi_03aa4730a0e472ef.jpg,Open Images V7,train,Roland Tanglao,CC BY 2.0,https://www.flickr.com/photos/roland/528769669
oi_03ae26b652716ff1.jpg,Open Images V7,test,Ethan Prater,CC BY 2.0,https://www.flickr.com/photos/eprater/1595607739
oi_03af0b8f736f6a82.jpg,Open Images V7,train,Ian Griffiths,CC BY 2.0,https://www.flickr.com/photos/bladeflyer/53259265
oi_03af60214a7756d1.jpg,Open Images V7,val,Spencer Wright,CC BY 2.0,https://www.flickr.com/photos/spencer77/2750247935
oi_03b01ecd93291864.jpg,Open Images V7,train,osseous,CC BY 2.0,https://www.flickr.com/photos/osseous/3579465346
oi_03b7caeda0402b24.jpg,Open Images V7,test,shankar s.,CC BY 2.0,https://www.flickr.com/photos/shankaronline/15951500881
oi_03be95d2e6997a4e.jpg,Open Images V7,train,Derek Keats,CC BY 2.0,https://www.flickr.com/photos/dkeats/5758642105
oi_03c6d70472683a5a.jpg,Open Images V7,train,Mike Baird,CC BY 2.0,https://www.flickr.com/photos/mikebaird/7332043098
oi_03c7b3c8396d2c46.jpg,Open Images V7,val,pratanti,CC BY 2.0,https://www.flickr.com/photos/pratanti/4212297923
oi_03c95efb5f665a2a.jpg,Open Images V7,test,Tony Hisgett,CC BY 2.0,https://www.flickr.com/photos/hisgett/4125498003
oi_03cc903786921f38.jpg,Open Images V7,train,Rojer,CC BY 2.0,https://www.flickr.com/photos/rojer/4891871486
oi_03cefab92cea7d43.jpg,Open Images V7,val,Jim G,CC BY 2.0,https://www.flickr.com/photos/jimg944/7290528590
oi_03d65f6b6abad228.jpg,Open Images V7,train,Brian Gratwicke,CC BY 2.0,https://www.flickr.com/photos/briangratwicke/9480484244
oi_03da2eca22e1e841.jpg,Open Images V7,train,NOAA Photo Library,CC BY 2.0,https://www.flickr.com/photos/noaaphotolib/19156585604
oi_03df3c9627fb4920.jpg,Open Images V7,train,Douglas Fernandes,CC BY 2.0,https://www.flickr.com/photos/thejourney1972/821986670
oi_03dfd1fb408a4e88.jpg,Open Images V7,test,Sheila Thomson,CC BY 2.0,https://www.flickr.com/photos/sheilaellen/1970784296
oi_03eca9e1343c3219.jpg,Open Images V7,train,Derek Keats,CC BY 2.0,https://www.flickr.com/photos/dkeats/5954603530
oi_03f27f94463408f8.jpg,Open Images V7,train,joel hay,CC BY 2.0,https://www.flickr.com/photos/easyflic/3220037713
oi_0404692505ed6af5.jpg,Open Images V7,val,Drew Avery,CC BY 2.0,https://www.flickr.com/photos/33590535@N06/4090676981
oi_0405ac66dc8bdff8.jpg,Open Images V7,train,Kat Kellner,CC BY 2.0,https://www.flickr.com/photos/93033713@N00/2267153233
oi_040d382d05652f47.jpg,Open Images V7,train,NOAA Photo Library,CC BY 2.0,https://www.flickr.com/photos/noaaphotolib/5017962375
oi_04107605c3b2ce5b.jpg,Open Images V7,train,Wapster,CC BY 2.0,https://www.flickr.com/photos/wapster/8295848813
oi_0412c711cee081ee.jpg,Open Images V7,train,prilfish,CC BY 2.0,https://www.flickr.com/photos/silkebaron/299301168
oi_0413cc516fa53058.jpg,Open Images V7,train,Felipe Valduga,CC BY 2.0,https://www.flickr.com/photos/felipevalduga/21214622331
oi_042222a31d782424.jpg,Open Images V7,train,Doug Wertman,CC BY 2.0,https://www.flickr.com/photos/nanoprobe67/5797466013
oi_0424dc1d50419308.jpg,Open Images V7,train,Sharib4rd,CC BY 2.0,https://www.flickr.com/photos/mattb4rd/6207488729
oi_0424de4432251292.jpg,Open Images V7,test,Rojer,CC BY 2.0,https://www.flickr.com/photos/rojer/4890093998
oi_0425c23d6c6d29cd.jpg,Open Images V7,train,Wind&amp;Wuthering,CC BY 2.0,https://www.flickr.com/photos/38508395@N08/3926648002/
oi_0426cd081fe5bb21.jpg,Open Images V7,train,Rojer,CC BY 2.0,https://www.flickr.com/photos/rojer/4891858050
oi_0429a4907729e521.jpg,Open Images V7,train,Toshinori Kawate,CC BY 2.0,https://www.flickr.com/photos/kawataso/14705214322
oi_0430528279af9f1f.jpg,Open Images V7,test,Jason Bolonski,CC BY 2.0,https://www.flickr.com/photos/bolonski/6024153584
oi_0439441efd782662.jpg,Open Images V7,train,Leni Kummel,CC BY 2.0,https://www.flickr.com/photos/48404521@N04/4463930549
oi_043a17d31d115f3a.jpg,Open Images V7,train,ajari,CC BY 2.0,https://www.flickr.com/photos/ajari/9581555373
oi_043d96bccd3b1efd.jpg,Open Images V7,train,giorgio winklers,CC BY 2.0,https://www.flickr.com/photos/winklers68/3052325407
oi_044075c19a2e5977.jpg,Open Images V7,train,Robot B,CC BY 2.0,https://www.flickr.com/photos/robotb/3646763031
oi_04495b9e86ace36b.jpg,Open Images V7,train,jenswanson,CC BY 2.0,https://www.flickr.com/photos/25116144@N02/2881500740
oi_044bb2ea1859c616.jpg,Open Images V7,train,archinia,CC BY 2.0,https://www.flickr.com/photos/46753091@N06/7907948848
oi_044dfa4f66c2e700.jpg,Open Images V7,val,California Department of Fish and Wildlife,CC BY 2.0,https://www.flickr.com/photos/californiadfg/15739417630
oi_044ea002d82d7b67.jpg,Open Images V7,train,NOAA Photo Library,CC BY 2.0,https://www.flickr.com/photos/noaaphotolib/5114129965
oi_04610178383299db.jpg,Open Images V7,train,Robert Young,CC BY 2.0,https://www.flickr.com/photos/robertpaulyoung/2678183404/
oi_046178b88502dc6e.jpg,Open Images V7,test,CCFoodTravel.com,CC BY 2.0,https://www.flickr.com/photos/cumidanciki/13997238069
oi_0470608946ca548e.jpg,Open Images V7,train,fsecart,CC BY 2.0,https://www.flickr.com/photos/fsecart/772695930
oi_047a2c844c5f6e01.jpg,Open Images V7,val,Tony Hisgett,CC BY 2.0,https://www.flickr.com/photos/hisgett/220401494
oi_047c39dac517d3a4.jpg,Open Images V7,test,Jim G,CC BY 2.0,https://www.flickr.com/photos/jimg944/10761466086
oi_047c944d71190426.jpg,Open Images V7,test,Jason Pratt,CC BY 2.0,https://www.flickr.com/photos/jasonpratt/5432165975
oi_047c9935ba1aa561.jpg,Open Images V7,train,Cambodia4kids.org Beth Kanter,CC BY 2.0,https://www.flickr.com/photos/cambodia4kidsorg/4227446024
oi_047e48146bdb49a8.jpg,Open Images V7,val,Guillaume Baviere,CC BY 2.0,https://www.flickr.com/photos/84554176@N00/6887484819
oi_0480470f6f1aebb7.jpg,Open Images V7,train,Charles Hutchins,CC BY 2.0,https://www.flickr.com/photos/celesteh/14929198326
oi_0492fd9876fb31d4.jpg,Open Images V7,train,Michela Simoncini,CC BY 2.0,https://www.flickr.com/photos/comunicati/2081933400
oi_049428878feb4b81.jpg,Open Images V7,val,Sander Hoogendoorn,CC BY 2.0,https://www.flickr.com/photos/sanderovski/4712123439
oi_0497000aacfcf2c5.jpg,Open Images V7,train,Colleen Pence,CC BY 2.0,https://www.flickr.com/photos/delaneydiaries/5834312379
oi_049894a8e0aab82a.jpg,Open Images V7,test,23am.com,CC BY 2.0,https://www.flickr.com/photos/23am/3253654817
oi_049c053380f36fa2.jpg,Open Images V7,train,Carter McKendry,CC BY 2.0,https://www.flickr.com/photos/seiya235/78265819
oi_04a0982f2c8b7c84.jpg,Open Images V7,train,James Emery,CC BY 2.0,https://www.flickr.com/photos/emeryjl/3012176317
oi_04a13360c3a08af7.jpg,Open Images V7,val,James Emery,CC BY 2.0,https://www.flickr.com/photos/emeryjl/388605950
oi_04a304e0c72a1388.jpg,Open Images V7,train,kinwart,CC BY 2.0,https://www.flickr.com/photos/lindatrawnik/411910676
oi_04a39a4ccb88d9b3.jpg,Open Images V7,val,Miguel Mendez,CC BY 2.0,https://www.flickr.com/photos/flynn_nrg/6264126435
oi_04a3ceab2716d8b3.jpg,Open Images V7,test,Jhaymesisviphotography,CC BY 2.0,https://www.flickr.com/photos/jhaymesisvip/7101476103
oi_04a69f8923f8d3ca.jpg,Open Images V7,train,Rob and Stephanie Levy,CC BY 2.0,https://www.flickr.com/photos/robandstephanielevy/398262064
oi_04aac534e4a2d1f3.jpg,Open Images V7,train,Clinton &amp; Charles Robertson,CC BY 2.0,https://www.flickr.com/photos/dad_and_clint/2787347655/
oi_04ac4fec28d521c2.jpg,Open Images V7,train,Soham Banerjee,CC BY 2.0,https://www.flickr.com/photos/soham_pablo/5484343131
oi_04b1eb1e043dc105.jpg,Open Images V7,train,Christopher Michel,CC BY 2.0,https://www.flickr.com/photos/cmichel67/15966753737
oi_04c182990ebab184.jpg,Open Images V7,val,Whit Andrews,CC BY 2.0,https://www.flickr.com/photos/whita/19424628576
oi_04cb62831e7db577.jpg,Open Images V7,val,sean percival,CC BY 2.0,https://www.flickr.com/photos/seanpercival/4461008075
oi_04cf063a2f69b763.jpg,Open Images V7,train,Stephen Masters,CC BY 2.0,https://www.flickr.com/photos/gratiartis/5338952812
oi_04d5987b0596158c.jpg,Open Images V7,train,Torrey Wiley,CC BY 2.0,https://www.flickr.com/photos/pocketwiley/2342290010
oi_04d65a6dbe52bb54.jpg,Open Images V7,train,NOAA Photo Library,CC BY 2.0,https://www.flickr.com/photos/noaaphotolib/9714522239
oi_04da2e3dad673cbf.jpg,Open Images V7,train,Michael,CC BY 2.0,https://www.flickr.com/photos/elschy/15749601211
oi_04dbf711ebb15518.jpg,Open Images V7,train,Jared,CC BY 2.0,https://www.flickr.com/photos/jared422/20134548239
oi_04dd77fdf31681e2.jpg,Open Images V7,val,Wendy Piersall,CC BY 2.0,https://www.flickr.com/photos/wendypiersall/3266554895
oi_04e28414391eadce.jpg,Open Images V7,val,Derek Keats,CC BY 2.0,https://www.flickr.com/photos/dkeats/6337741824
oi_04e652c03238ead6.jpg,Open Images V7,val,Eugene Kim,CC BY 2.0,https://www.flickr.com/photos/eekim/2583591448
oi_04f036437177b46b.jpg,Open Images V7,train,Brendan Adkins,CC BY 2.0,https://www.flickr.com/photos/brendanadkins/8532319857
oi_04f16500b0f08d34.jpg,Open Images V7,train,Robert Linsdell,CC BY 2.0,https://www.flickr.com/photos/boblinsdell/17013167342
oi_04f33fc9b2f3e50c.jpg,Open Images V7,train,Ines Hegedus-Garcia,CC BY 2.0,https://www.flickr.com/photos/miamism/3893283584
oi_04f6532ad2830c9b.jpg,Open Images V7,train,Lyn Gateley,CC BY 2.0,https://www.flickr.com/photos/lyng883/3649426636
oi_04fc80be4459ad9c.jpg,Open Images V7,train,Ollie Harding,CC BY 2.0,https://www.flickr.com/photos/paddling/4618171856
oi_0503ba481920c162.jpg,Open Images V7,train,Marcel van Schooten,CC BY 2.0,https://www.flickr.com/photos/mvs/3651453878
oi_051143f3d6203241.jpg,Open Images V7,train,Sean Naber,CC BY 2.0,https://www.flickr.com/photos/seannaber/4297694351/
oi_05130a2e472f9678.jpg,Open Images V7,train,Christopher Michel,CC BY 2.0,https://www.flickr.com/photos/cmichel67/13078689083
oi_0514015fe78e0cae.jpg,Open Images V7,train,Michelle,CC BY 2.0,https://www.flickr.com/photos/dragnfly78/526946662
oi_051435098f89081d.jpg,Open Images V7,val,Nazianzus,CC BY 2.0,https://www.flickr.com/photos/nazianzus/4730078839
oi_0517a15e6af80ca8.jpg,Open Images V7,train,Colleen Pence,CC BY 2.0,https://www.flickr.com/photos/delaneydiaries/5834312917
oi_05194eeb26b00950.jpg,Open Images V7,train,N i c o l a,CC BY 2.0,https://www.flickr.com/photos/15216811@N06/22155754161
oi_051a954bb7cdaf34.jpg,Open Images V7,train,Elias Levy,CC BY 2.0,https://www.flickr.com/photos/elevy/14730693310
oi_051d42c057ab54a6.jpg,Open Images V7,train,prilfish,CC BY 2.0,https://www.flickr.com/photos/silkebaron/3916105394
oi_0523ee8ca4540852.jpg,Open Images V7,train,NOAA PMEL,CC BY 2.0,https://www.flickr.com/photos/noaa-pmel/19872560781/in/album-72157655723167090/
oi_052e1d2f58cc4c7c.jpg,Open Images V7,val,Elias Levy,CC BY 2.0,https://www.flickr.com/photos/elevy/6997589975
oi_052f4d01a2bb043e.jpg,Open Images V7,train,Dan4th Nicholas,CC BY 2.0,https://www.flickr.com/photos/dan4th/475944116
oi_0538894ddd91c572.jpg,Open Images V7,train,Gautier Poupeau,CC BY 2.0,https://www.flickr.com/photos/lespetitescases/3997165024
oi_0539f8ec6c46fc16.jpg,Open Images V7,val,James St. John,CC BY 2.0,https://www.flickr.com/photos/jsjgeology/15561502234
oi_053eaeba2152b342.jpg,Open Images V7,val,prilfish,CC BY 2.0,https://www.flickr.com/photos/silkebaron/5832666782
oi_0540fd636afa8961.jpg,Open Images V7,val,Erik Söderström,CC BY 2.0,https://www.flickr.com/photos/mescon/2745331321/
oi_0545e068cbf14420.jpg,Open Images V7,val,Neville Wootton,CC BY 2.0,https://www.flickr.com/photos/nevillewootton/8542049563
oi_05495730385fddc6.jpg,Open Images V7,train,John Trainor,CC BY 2.0,https://www.flickr.com/photos/59158146@N00/451726493
oi_054b0ee82399cf23.jpg,Open Images V7,train,Kamillo Kluth,CC BY 2.0,https://www.flickr.com/photos/27330306@N08/3757919349
oi_054f07707cf38fe4.jpg,Open Images V7,train,Rusty Clark - On the Air M-F 8am-noon,CC BY 2.0,https://www.flickr.com/photos/rusty_clark/19812763471
oi_05693aed0d8b1445.jpg,Open Images V7,test,TANAKA Juuyoh (田中十洋),CC BY 2.0,https://www.flickr.com/photos/tanaka_juuyoh/2037577114
oi_056cab1690f6a8d5.jpg,Open Images V7,train,heartbeaz,CC BY 2.0,https://www.flickr.com/photos/martl/3256164835
oi_0576e91107a19c52.jpg,Open Images V7,train,Richard Fisher,CC BY 2.0,https://www.flickr.com/photos/richardfisher/3329587607
oi_057bd3190a0c819d.jpg,Open Images V7,train,Rob and Stephanie Levy,CC BY 2.0,https://www.flickr.com/photos/robandstephanielevy/391665484
oi_057c995d29566238.jpg,Open Images V7,train,ithiefaleaf,CC BY 2.0,https://www.flickr.com/photos/ithiefaleaf/522301998
oi_057d0088da9bdd0f.jpg,Open Images V7,train,Dirk Tas,CC BY 2.0,https://www.flickr.com/photos/92272185@N00/222982329
oi_057e7ece60afdbc3.jpg,Open Images V7,train,NOAA Photo Library,CC BY 2.0,https://www.flickr.com/photos/noaaphotolib/5277335055
oi_057fc66ac044fb05.jpg,Open Images V7,train,U.S. Fish and Wildlife Service Northeast Region,CC BY 2.0,https://www.flickr.com/photos/usfwsnortheast/5961318553
oi_058220e49adb336e.jpg,Open Images V7,test,Biodiversity Heritage Library,CC BY 2.0,https://www.flickr.com/photos/biodivlibrary/6788910420
oi_05822c620149467c.jpg,Open Images V7,train,kwan kwan,CC BY 2.0,https://www.flickr.com/photos/kwankwan/6928180002
oi_0583cf0b744edf35.jpg,Open Images V7,train,Michael R Perry,CC BY 2.0,https://www.flickr.com/photos/michaelrperry/4245091166
oi_05856abcaab6c5b7.jpg,Open Images V7,train,Jim G,CC BY 2.0,https://www.flickr.com/photos/jimg944/8727694198
oi_058605b4349d2dd3.jpg,Open Images V7,train,Maxime Guilbot,CC BY 2.0,https://www.flickr.com/photos/maximeguilbot/9054049503
oi_058f82e3ce2cbd34.jpg,Open Images V7,train,Steven Damron,CC BY 2.0,https://www.flickr.com/photos/sadsnaps/4598952368
oi_05942df1264aee77.jpg,Open Images V7,val,Tristan Schmurr,CC BY 2.0,https://www.flickr.com/photos/kewl/6351673932
oi_05957aa1ed1a9172.jpg,Open Images V7,train,merec0,CC BY 2.0,https://www.flickr.com/photos/merec0/5705573690
oi_0595eeb01c761c86.jpg,Open Images V7,train,Paul Reynolds,CC BY 2.0,https://www.flickr.com/photos/bigtallguy/127016201
oi_059718f09bd1e4c3.jpg,Open Images V7,train,Martin Holst Friborg Pedersen,CC BY 2.0,https://www.flickr.com/photos/martinhfp/3491044183
oi_059bfc314d3ce2c3.jpg,Open Images V7,train,Post Memes,CC BY 2.0,https://www.flickr.com/photos/postmemes/14885586487
oi_059df03cecae9277.jpg,Open Images V7,val,lin padgham,CC BY 2.0,https://www.flickr.com/photos/linpadgham/2590002176
oi_059e199b42822248.jpg,Open Images V7,train,Nicolas de Camaret,CC BY 2.0,https://www.flickr.com/photos/ndecam/6215268048
oi_05a7dbe8ec843675.jpg,Open Images V7,train,Maltesen,CC BY 2.0,https://www.flickr.com/photos/maltesenwordpresscom/853418024
oi_05b18f36d276bd41.jpg,Open Images V7,train,Brendan,CC BY 2.0,https://www.flickr.com/photos/15347889@N08/4864457066
oi_05b22540718f1d8f.jpg,Open Images V7,train,Japan MMA,CC BY 2.0,https://www.flickr.com/photos/japanmma/15702535085
oi_05b284d435836656.jpg,Open Images V7,train,Chief Trent,CC BY 2.0,https://www.flickr.com/photos/texese/148761167
oi_05b4e9ec55bf2f6f.jpg,Open Images V7,train,Michael Bentley,CC BY 2.0,https://www.flickr.com/photos/donhomer/6828321886
oi_05b56b4decb1837c.jpg,Open Images V7,train,Jim G,CC BY 2.0,https://www.flickr.com/photos/jimg944/133024705
oi_05b6a91e1e6f1801.jpg,Open Images V7,train,tiarescott,CC BY 2.0,https://www.flickr.com/photos/tiarescott/33515994
oi_05bc4db2fd975bec.jpg,Open Images V7,train,John Coley,CC BY 2.0,https://www.flickr.com/photos/lakemartinvoice/8232827252
oi_05c55a0f313b40ed.jpg,Open Images V7,train,Lwp Kommunikáció,CC BY 2.0,https://www.flickr.com/photos/lwpkommunikacio/6207800086
oi_05ccb8d1b2a7f690.jpg,Open Images V7,train,Paul Miller,CC BY 2.0,https://www.flickr.com/photos/paulmiller/14961952515
oi_05d053f83e0aacea.jpg,Open Images V7,train,Joel Palma,CC BY 2.0,https://www.flickr.com/photos/jowel/8392865644
oi_05d4014722231bdb.jpg,Open Images V7,train,NOAA Photo Library,CC BY 2.0,https://www.flickr.com/photos/noaaphotolib/5187467047
oi_05d92e53037fdfb0.jpg,Open Images V7,train,stephen boisvert,CC BY 2.0,https://www.flickr.com/photos/srboisvert/14296370279
oi_05d949496dfbbddf.jpg,Open Images V7,train,Hamed Saber,CC BY 2.0,https://www.flickr.com/photos/hamed/123715682
oi_05d9a787bf5fce80.jpg,Open Images V7,train,Christopher Michel,CC BY 2.0,https://www.flickr.com/photos/cmichel67/16330829002
oi_05ddca8126a96101.jpg,Open Images V7,train,Mike Baird,CC BY 2.0,https://www.flickr.com/photos/mikebaird/513043255
oi_05e02be4ff1f168a.jpg,Open Images V7,train,Steven Depolo,CC BY 2.0,https://www.flickr.com/photos/stevendepolo/6022587335
oi_05e1ae55e8f8225e.jpg,Open Images V7,train,Tim Creque,CC BY 2.0,https://www.flickr.com/photos/timjc513/4524101978
oi_05eb0120505bd549.jpg,Open Images V7,test,sony_a300,CC BY 2.0,https://www.flickr.com/photos/arishahariffin/6125395356
oi_05edf866a9e81054.jpg,Open Images V7,train,sheilapic76,CC BY 2.0,https://www.flickr.com/photos/53344659@N05/4979048314
oi_05ee59f4ab194db2.jpg,Open Images V7,train,Lwp Kommunikáció,CC BY 2.0,https://www.flickr.com/photos/lwpkommunikacio/14719065449
oi_05ef0db04c90e703.jpg,Open Images V7,val,NOAA Photo Library,CC BY 2.0,https://www.flickr.com/photos/noaaphotolib/5187916444
oi_05ef53c52e6422dd.jpg,Open Images V7,train,U.S. Fish and Wildlife Service Southeast Region,CC BY 2.0,https://www.flickr.com/photos/usfwssoutheast/4606518414
oi_05f277b512d0698b.jpg,Open Images V7,train,Brian Gratwicke,CC BY 2.0,https://www.flickr.com/photos/briangratwicke/6935432736
oi_05f9f2a5cc19f69c.jpg,Open Images V7,test,bobistraveling,CC BY 2.0,https://www.flickr.com/photos/bobistraveling/4055351185
oi_060d304e27532c79.jpg,Open Images V7,train,U.S. Fish and Wildlife Service Northeast Region,CC BY 2.0,https://www.flickr.com/photos/usfwsnortheast/5343673024
oi_061ba234e3b5a4e2.jpg,Open Images V7,test,pululante,CC BY 2.0,https://www.flickr.com/photos/pululante/2096077661
oi_0626d3b472b5ff37.jpg,Open Images V7,train,Dave Lonsdale,CC BY 2.0,https://www.flickr.com/photos/davelonsdale/6246088773
oi_062b8c0cbcc0de56.jpg,Open Images V7,train,Rich Ellison,CC BY 2.0,https://www.flickr.com/photos/rdellison/441277367
oi_063954cdf498e41a.jpg,Open Images V7,train,DncnH,CC BY 2.0,https://www.flickr.com/photos/duncanh1/14849501788
oi_063ea99cb4151e2a.jpg,Open Images V7,train,Post Memes,CC BY 2.0,https://www.flickr.com/photos/postmemes/15575508565
oi_06491cf181846b0a.jpg,Open Images V7,val,Lakshmi Sawitri,CC BY 2.0,https://www.flickr.com/photos/elsaw/16609112282
oi_064cae7e3152d5eb.jpg,Open Images V7,train,SaraYeomans,CC BY 2.0,https://www.flickr.com/photos/yeomans/81133172
oi_0654d9c90c37036b.jpg,Open Images V7,train,Steve L. Martin,CC BY 2.0,https://www.flickr.com/photos/64476710@N00/3891306187
oi_0655e39ea0c7f67f.jpg,Open Images V7,train,Erik Charlton,CC BY 2.0,https://www.flickr.com/photos/erikcharlton/2935569741
oi_0656ee32e2763a43.jpg,Open Images V7,train,matýsek,CC BY 2.0,https://www.flickr.com/photos/mdclxvi/2323054671
oi_0660ced72ae88a24.jpg,Open Images V7,train,Esther Lee,CC BY 2.0,https://www.flickr.com/photos/47096398@N08/5520843451
oi_066903b165e36108.jpg,Open Images V7,val,Steven Depolo,CC BY 2.0,https://www.flickr.com/photos/stevendepolo/6023162686
oi_066af14d78f21336.jpg,Open Images V7,val,Roy Costello,CC BY 2.0,https://www.flickr.com/photos/roycostello/4471328805/
oi_066cf903967dc3df.jpg,Open Images V7,test,Juan Geracaris,CC BY 2.0,https://www.flickr.com/photos/juangeracaris/1732864463
oi_066f0fd56cbc54a9.jpg,Open Images V7,train,Tyler Karaszewski,CC BY 2.0,https://www.flickr.com/photos/tylerkaraszewski/3932851538
oi_06718d909f2280d3.jpg,Open Images V7,train,Charles Nadeau,CC BY 2.0,https://www.flickr.com/photos/chucknado/5538396297
oi_0675f3a54e7d8d40.jpg,Open Images V7,val,Kate Brady,CC BY 2.0,https://www.flickr.com/photos/cliche/4198891563
oi_06767fca65292b4e.jpg,Open Images V7,val,Karyn Christner,CC BY 2.0,https://www.flickr.com/photos/toofarnorth/4173027189
oi_067c73b111ad1ea1.jpg,Open Images V7,val,Joi Ito,CC BY 2.0,https://www.flickr.com/photos/joi/5846088891
oi_06807a49e4e93463.jpg,Open Images V7,train,Maurizio Costanzo,CC BY 2.0,https://www.flickr.com/photos/maurizio_costanzo/1147147027
oi_068450cc55ec8d94.jpg,Open Images V7,train,merec0,CC BY 2.0,https://www.flickr.com/photos/merec0/3039650333
oi_0684646d6aa92992.jpg,Open Images V7,train,USFWS - Pacific Region,CC BY 2.0,https://www.flickr.com/photos/usfwspacific/12198158916
oi_06864e5be6641f97.jpg,Open Images V7,train,bfick,CC BY 2.0,https://www.flickr.com/photos/ficken/2101725799
oi_068811356afa586b.jpg,Open Images V7,train,Cliff,CC BY 2.0,https://www.flickr.com/photos/nostri-imago/2877068012
oi_068b6fe82163ed2c.jpg,Open Images V7,train,ilovebutter,CC BY 2.0,https://www.flickr.com/photos/jdickert/2151910657
oi_069557dd07593440.jpg,Open Images V7,test,rabiem22,CC BY 2.0,https://www.flickr.com/photos/rabiem/17116414411
oi_06a0a579dda39317.jpg,Open Images V7,val,Ben Sale,CC BY 2.0,https://www.flickr.com/photos/33398884@N03/4422567879
oi_06a188214dbd1bd3.jpg,Open Images V7,train,Tommy Wong,CC BY 2.0,https://www.flickr.com/photos/gracewong/3145644803/
oi_06b01895f457cac2.jpg,Open Images V7,train,jeff~,CC BY 2.0,https://www.flickr.com/photos/jphotos/6042246210
oi_06b995280d6619a3.jpg,Open Images V7,train,Jon Rawlinson,CC BY 2.0,https://www.flickr.com/photos/london/3745603114
oi_06bee071eded89fc.jpg,Open Images V7,test,Philippe AMIOT,CC BY 2.0,https://www.flickr.com/photos/philippeamiot/18358283236
oi_06c2372fb9bad10e.jpg,Open Images V7,train,Steve Adcock,CC BY 2.0,https://www.flickr.com/photos/addyboyz/4587463704
oi_06c85a56c7076a15.jpg,Open Images V7,train,Jean,CC BY 2.0,https://www.flickr.com/photos/7326810@N08/3649555048
oi_06d2b720539a8746.jpg,Open Images V7,test,bp6316,CC BY 2.0,https://www.flickr.com/photos/bp6316/7582703650/
oi_06d7eb64cf537e45.jpg,Open Images V7,train,Weli&#x27;mi&#x27;nakwan,CC BY 2.0,https://www.flickr.com/photos/welix/409644310
oi_06d8cf4e871ef27c.jpg,Open Images V7,val,Brian Gratwicke,CC BY 2.0,https://www.flickr.com/photos/briangratwicke/6926277404
oi_06e0f1da1f1c1534.jpg,Open Images V7,test,3z6m,CC BY 2.0,https://www.flickr.com/photos/62289501@N03/7948654920
oi_06e5cd4751127c73.jpg,Open Images V7,train,Stéphane Gallay,CC BY 2.0,https://www.flickr.com/photos/isa_lias/8018814527
oi_06e73aef57e16cb7.jpg,Open Images V7,train,Blondinrikard Fröberg,CC BY 2.0,https://www.flickr.com/photos/blondinrikard/17136946887
oi_06e7bffb0695cf37.jpg,Open Images V7,train,Quazie,CC BY 2.0,https://www.flickr.com/photos/quazie/69466666
oi_06ea207451d3785c.jpg,Open Images V7,test,Raquel Abe,CC BY 2.0,https://www.flickr.com/photos/racka/2594815028
oi_06ff37ce8167efad.jpg,Open Images V7,val,U.S. Fish and Wildlife Service Northeast Region,CC BY 2.0,https://www.flickr.com/photos/usfwsnortheast/6892801246
oi_06ffa698cbe4c8ff.jpg,Open Images V7,val,Lida,CC BY 2.0,https://www.flickr.com/photos/lidok/8059473964/
oi_07020911af2a7dc9.jpg,Open Images V7,train,lin padgham,CC BY 2.0,https://www.flickr.com/photos/linpadgham/2589177025
oi_070215123f7db0fd.jpg,Open Images V7,test,Joerg Moellenkamp,CC BY 2.0,https://www.flickr.com/photos/c0t0d0s0/2456996417
oi_07033fe81f852eb7.jpg,Open Images V7,train,Bill McChesney,CC BY 2.0,https://www.flickr.com/photos/bsabarnowl/3644898848
oi_070612ac4d193f80.jpg,Open Images V7,test,Dylan Duvergé,CC BY 2.0,https://www.flickr.com/photos/frenchiefoo/15038912
oi_070eb3751da8dfa7.jpg,Open Images V7,train,Christopher Michel,CC BY 2.0,https://www.flickr.com/photos/cmichel67/16508229204
oi_07113b224f1e1457.jpg,Open Images V7,train,Marc Eschenlohr,CC BY 2.0,https://www.flickr.com/photos/bakau64/275617529
oi_0711629ee98108d9.jpg,Open Images V7,train,Phalinn Ooi,CC BY 2.0,https://www.flickr.com/photos/phalinn/20590807766
oi_0717ccd9f088380a.jpg,Open Images V7,train,NOAA Photo Library,CC BY 2.0,https://www.flickr.com/photos/noaaphotolib/5019894273
oi_071c2571a6e5b2f7.jpg,Open Images V7,train,Tim Rodenberg,CC BY 2.0,https://www.flickr.com/photos/sheriffaj/5211212950
oi_071e40700a56b544.jpg,Open Images V7,test,Lyn Gateley,CC BY 2.0,https://www.flickr.com/photos/lyng883/3655339043
oi_072224642e93a92b.jpg,Open Images V7,val,Daniella Vereeken,CC BY 2.0,https://www.flickr.com/photos/betta-online/1561007199
oi_0725a62c6bd6879e.jpg,Open Images V7,val,NOAA&#x27;s National Ocean Service,CC BY 2.0,https://www.flickr.com/photos/usoceangov/5809245971
oi_072c20016eb0b5ca.jpg,Open Images V7,train,California Department of Fish and Wildlife,CC BY 2.0,https://www.flickr.com/photos/californiadfg/14890835112/
oi_072d3dae07e0d31e.jpg,Open Images V7,train,Boris Kasimov,CC BY 2.0,https://www.flickr.com/photos/kasio69/16437616333
oi_072e44df4e6cfa03.jpg,Open Images V7,train,Joi Ito,CC BY 2.0,https://www.flickr.com/photos/joi/5594267767
oi_073273fa7d5c4174.jpg,Open Images V7,train,oliver.dodd,CC BY 2.0,https://www.flickr.com/photos/oliverdodd/14666643225
oi_0734b25f084a5b94.jpg,Open Images V7,train,Laura D&#x27;Alessandro,CC BY 2.0,https://www.flickr.com/photos/flossyflotsam/13567253893
oi_073a09c0e27d1884.jpg,Open Images V7,train,Ines Hegedus-Garcia,CC BY 2.0,https://www.flickr.com/photos/miamism/3893266090
oi_07479be88dccb019.jpg,Open Images V7,train,Ethan Ableman,CC BY 2.0,https://www.flickr.com/photos/ethansphotosarecool/3982875123
oi_074fa96bb0c1646d.jpg,Open Images V7,train,Derek Keats,CC BY 2.0,https://www.flickr.com/photos/dkeats/6147783534
oi_07546c2148fb8992.jpg,Open Images V7,train,yamauchi,CC BY 2.0,https://www.flickr.com/photos/yamauchibukuro/54867482
oi_075782becad92a05.jpg,Open Images V7,test,fto mizno,CC BY 2.0,https://www.flickr.com/photos/ftomiz/8444400368
oi_0757b1e232261698.jpg,Open Images V7,train,flowcomm,CC BY 2.0,https://www.flickr.com/photos/flowcomm/4486230758
oi_07627f596724040a.jpg,Open Images V7,train,Jim G,CC BY 2.0,https://www.flickr.com/photos/jimg944/133024216
oi_076670952bfb8d9d.jpg,Open Images V7,train,Christopher Michel,CC BY 2.0,https://www.flickr.com/photos/cmichel67/42003942
oi_0770342e6d7d8065.jpg,Open Images V7,train,Roberto Verzo,CC BY 2.0,https://www.flickr.com/photos/verzo/1561242918
oi_07709dd1a751caa6.jpg,Open Images V7,train,Upendra Kanda,CC BY 2.0,https://www.flickr.com/photos/ukanda/212147186
oi_0770a9d2617a1a1d.jpg,Open Images V7,train,Robert Nyman,CC BY 2.0,https://www.flickr.com/photos/robertnyman/16044525057
oi_077115045e59219e.jpg,Open Images V7,test,Paleontour,CC BY 2.0,https://www.flickr.com/photos/paleontour/2104930319
oi_0775dc09e43246aa.jpg,Open Images V7,train,Ratha Grimes,CC BY 2.0,https://www.flickr.com/photos/ratha/11394779256
oi_0780c1da9aebd32d.jpg,Open Images V7,train,Seabamirum,CC BY 2.0,https://www.flickr.com/photos/seabamirum/7295834302/
oi_0784c357510baac0.jpg,Open Images V7,train,Casey Fleser,CC BY 2.0,https://www.flickr.com/photos/somegeekintn/17726569253
oi_0784e8d1a2080a5f.jpg,Open Images V7,test,Daniella Vereeken,CC BY 2.0,https://www.flickr.com/photos/betta-online/1559999473
oi_078a0b13da63ca5f.jpg,Open Images V7,val,NOAA Photo Library,CC BY 2.0,https://www.flickr.com/photos/noaaphotolib/11952135193
oi_078bec7531dc283b.jpg,Open Images V7,test,Stefan Krasowski,CC BY 2.0,https://www.flickr.com/photos/rapidtravelchai/6086059488
oi_079215369941f78b.jpg,Open Images V7,train,Ingrid Taylar,CC BY 2.0,https://www.flickr.com/photos/taylar/7005302886
oi_0797ec2570c615a1.jpg,Open Images V7,train,Thoth God of Knowledge,CC BY 2.0,https://www.flickr.com/photos/thoth-god/4078908979/
oi_07988c925e0dc923.jpg,Open Images V7,val,Gary Bembridge,CC BY 2.0,https://www.flickr.com/photos/tipsfortravellers/8119171423
oi_079b9e58abe8a8f2.jpg,Open Images V7,train,Phalinn Ooi,CC BY 2.0,https://www.flickr.com/photos/phalinn/14796967991
oi_079ebb0b86b817c2.jpg,Open Images V7,val,Ged Carroll,CC BY 2.0,https://www.flickr.com/photos/renaissancechambara/16640628279
oi_079f2e40e344032f.jpg,Open Images V7,train,Martin Pettitt,CC BY 2.0,https://www.flickr.com/photos/mdpettitt/11417479105
oi_07a86b6004126d0a.jpg,Open Images V7,train,Jacques Bodin,CC BY 2.0,https://www.flickr.com/photos/jige_24/16493814099
oi_07a87550e78115d0.jpg,Open Images V7,train,Mike Baird,CC BY 2.0,https://www.flickr.com/photos/mikebaird/13962195939
oi_07aa11b0ba7ba015.jpg,Open Images V7,train,Derek Keats,CC BY 2.0,https://www.flickr.com/photos/dkeats/3081451429
oi_07aa4c5df4ab4b5d.jpg,Open Images V7,val,Mike Bowler,CC BY 2.0,https://www.flickr.com/photos/mbowler/2277788104
oi_07aec7b58824d817.jpg,Open Images V7,test,Christopher Michel,CC BY 2.0,https://www.flickr.com/photos/cmichel67/17148811080
oi_07b04bac425e0e70.jpg,Open Images V7,val,Purple Slog,CC BY 2.0,https://www.flickr.com/photos/purpleslog/1954021220
oi_07b21503a658079b.jpg,Open Images V7,train,kuhnmi,CC BY 2.0,https://www.flickr.com/photos/31176607@N05/17480942001
oi_07bc9222ba2a2425.jpg,Open Images V7,train,Alan Light,CC BY 2.0,https://www.flickr.com/photos/alan-light/6914773536
oi_07bef8e517a5124f.jpg,Open Images V7,val,Derek Keats,CC BY 2.0,https://www.flickr.com/photos/dkeats/7273701756
oi_07c26c8545124bf1.jpg,Open Images V7,train,Serge Melki,CC BY 2.0,https://www.flickr.com/photos/sergemelki/343478893
oi_07d1c2f28c554081.jpg,Open Images V7,train,Eric Sonstroem,CC BY 2.0,https://www.flickr.com/photos/sonstroem/14552550372
oi_07d684a92b57f694.jpg,Open Images V7,train,Ally Aubry,CC BY 2.0,https://www.flickr.com/photos/allyaubryphotography/4729641344
oi_07da7d765b3db66a.jpg,Open Images V7,train,icelight,CC BY 2.0,https://www.flickr.com/photos/icelight/48099138
oi_07e5d25f7f78539e.jpg,Open Images V7,test,sandrafdzh,CC BY 2.0,https://www.flickr.com/photos/sandrasays/8151564677
oi_07e66ff2a028af2c.jpg,Open Images V7,test,Zak Greant,CC BY 2.0,https://www.flickr.com/photos/zak/133737810
oi_07e6e4d6fdcee8f5.jpg,Open Images V7,val,Ben Ramirez,CC BY 2.0,https://www.flickr.com/photos/benramirez/3987403217
oi_07e8ea1c9305d1e9.jpg,Open Images V7,train,Jeff Gunn,CC BY 2.0,https://www.flickr.com/photos/jeffgunn/9292633404
oi_07eaa325b2cc02be.jpg,Open Images V7,val,belgianchocolate,CC BY 2.0,https://www.flickr.com/photos/frank-wouters/9944158
oi_07efc9a957da9a22.jpg,Open Images V7,train,Raul Antonio Alvarez,CC BY 2.0,https://www.flickr.com/photos/66729277@N00/7516132360
oi_07f76a8dc1dd09d0.jpg,Open Images V7,train,.imelda,CC BY 2.0,https://www.flickr.com/photos/imelda/3224841179
oi_07fcaa58e15ae0f4.jpg,Open Images V7,val,Lyn Gateley,CC BY 2.0,https://www.flickr.com/photos/lyng883/3367902057
oi_07fd2fed805885e2.jpg,Open Images V7,train,Jan-Willem Reusink,CC BY 2.0,https://www.flickr.com/photos/jimmybenson/7239881546
oi_0805262cf28e06de.jpg,Open Images V7,test,Ross Garner,CC BY 2.0,https://www.flickr.com/photos/42032978@N08/8711883767
oi_08175f0ed98458ec.jpg,Open Images V7,train,Andy Blackledge,CC BY 2.0,https://www.flickr.com/photos/hockeyholic/5659834075
oi_0818b2f8854b28c6.jpg,Open Images V7,train,Aaron Logan,CC BY 2.0,https://www.flickr.com/photos/lightmatter/3282461698
oi_081b52f76b4486a9.jpg,Open Images V7,train,prilfish,CC BY 2.0,https://www.flickr.com/photos/silkebaron/1387064832
oi_0820bc81ba425058.jpg,Open Images V7,val,Cristóbal Alvarado Minic,CC BY 2.0,https://www.flickr.com/photos/ctam/4088908670
oi_0821aef44fb5d315.jpg,Open Images V7,train,John Stratford,CC BY 2.0,https://www.flickr.com/photos/john47kent/3251816271
oi_08368f2e63f3e9c0.jpg,Open Images V7,train,Kirk Strauser,CC BY 2.0,https://www.flickr.com/photos/kstrauser/4512811646
oi_0838a995212d57ca.jpg,Open Images V7,train,Jason Lander,CC BY 2.0,https://www.flickr.com/photos/eyeliam/846110917
oi_083907376dbc2e57.jpg,Open Images V7,train,sheilapic76,CC BY 2.0,https://www.flickr.com/photos/53344659@N05/4979055580
oi_083f9fad0020b4f7.jpg,Open Images V7,train,Gavin Stewart,CC BY 2.0,https://www.flickr.com/photos/gavinandrewstewart/1351778310
oi_084c6688f3c4b413.jpg,Open Images V7,train,U.S. Naval Forces Central Command/U.S. Fifth Fleet,CC BY 2.0,https://www.flickr.com/photos/navcent/15682853546
oi_085c7eda09c1622b.jpg,Open Images V7,train,inyucho,CC BY 2.0,https://www.flickr.com/photos/inyucho/15998499499
oi_085ebb354929ea2b.jpg,Open Images V7,train,Andrew Turner,CC BY 2.0,https://www.flickr.com/photos/ajturner/6519204209
oi_0862a8b01cddcb3c.jpg,Open Images V7,train,Cliff Cooper,CC BY 2.0,https://www.flickr.com/photos/dizfunk/6947912565
oi_0862cd59ddda57ac.jpg,Open Images V7,train,Lelê Breveglieri,CC BY 2.0,https://www.flickr.com/photos/leleuzis/5486731835
oi_08681ab7135313cc.jpg,Open Images V7,train,Andreas März,CC BY 2.0,https://www.flickr.com/photos/andreas63/4448123367
oi_0869a8209755f24d.jpg,Open Images V7,train,Vince Smith,CC BY 2.0,https://www.flickr.com/photos/vsmithuk/301446273/
oi_086f86545510136c.jpg,Open Images V7,train,Lenore Edman,CC BY 2.0,https://www.flickr.com/photos/lenore-m/8608449754
oi_0870d67725f1a7cb.jpg,Open Images V7,test,Wapster,CC BY 2.0,https://www.flickr.com/photos/wapster/2246779323
oi_0879f85ea48334e0.jpg,Open Images V7,val,Wonderlane,CC BY 2.0,https://www.flickr.com/photos/wonderlane/3541183957
oi_087a73a2013cb2e6.jpg,Open Images V7,train,Daniella Vereeken,CC BY 2.0,https://www.flickr.com/photos/betta-online/1544187001
oi_0889306c5248845b.jpg,Open Images V7,train,Flavio Ensiki,CC BY 2.0,https://www.flickr.com/photos/flavouz/2132188385
oi_088bbaf1b89b52d7.jpg,Open Images V7,train,Michael Fajardo,CC BY 2.0,https://www.flickr.com/photos/mfajardo/399908384/
oi_088ce90034308a7d.jpg,Open Images V7,train,Jared,CC BY 2.0,https://www.flickr.com/photos/jared422/7157584333
oi_0895220222ce9033.jpg,Open Images V7,train,Brian Gratwicke,CC BY 2.0,https://www.flickr.com/photos/briangratwicke/3783127554
oi_08988b3ce0eea9f0.jpg,Open Images V7,train,Chun Yip  So,CC BY 2.0,https://www.flickr.com/photos/chunso/6196492547
oi_089aefb7dc665f9d.jpg,Open Images V7,train,Vince Smith,CC BY 2.0,https://www.flickr.com/photos/vsmithuk/5978200688
oi_089e524f0398f2d1.jpg,Open Images V7,val,Ricardo&#x27;s Photography (Thanks to all the fans!!!),CC BY 2.0,https://www.flickr.com/photos/ricardo_mangual/8283026029
oi_08a1bc366cbfb12e.jpg,Open Images V7,train,V Manninen,CC BY 2.0,https://www.flickr.com/photos/vippe/2743505015/
oi_08a3ed69bc7021ca.jpg,Open Images V7,val,Krabiman,CC BY 2.0,https://www.flickr.com/photos/krabiman/3722907033
oi_08a480d1d1a59450.jpg,Open Images V7,train,Eugeni Dodonov,CC BY 2.0,https://www.flickr.com/photos/eugeni_dodonov/4136597823/
oi_08b0f7e7252bd996.jpg,Open Images V7,train,son_gismo,CC BY 2.0,https://www.flickr.com/photos/33925611@N08/3399646402
oi_08b48b0f89cb5618.jpg,Open Images V7,test,Steve Jurvetson,CC BY 2.0,https://www.flickr.com/photos/jurvetson/4220509337
oi_08b4ee7d0add2304.jpg,Open Images V7,test,Ruth Hartnup,CC BY 2.0,https://www.flickr.com/photos/ruthanddave/54238762
oi_08b691a82f8eb121.jpg,Open Images V7,train,xiquinhosilva,CC BY 2.0,https://www.flickr.com/photos/xiquinho/5142488978
oi_08b8869eaa955a56.jpg,Open Images V7,val,lin padgham,CC BY 2.0,https://www.flickr.com/photos/linpadgham/2589191785
oi_08be764a7a195bde.jpg,Open Images V7,train,Chi King,CC BY 2.0,https://www.flickr.com/photos/davelau/16306797492
oi_08bfc689ca25015d.jpg,Open Images V7,test,David Berkowitz,CC BY 2.0,https://www.flickr.com/photos/davidberkowitz/4871363682
oi_08c03a84cb49f876.jpg,Open Images V7,val,Sarah Stewart,CC BY 2.0,https://www.flickr.com/photos/sarahmstewart/2976096764
oi_08d014c6a1a104f2.jpg,Open Images V7,val,Brendan,CC BY 2.0,https://www.flickr.com/photos/15347889@N08/4860637300
oi_08d2f24dd9db77fb.jpg,Open Images V7,train,garycycles8,CC BY 2.0,https://www.flickr.com/photos/garycycles8/9211319532
oi_08d5b8f76079b3bd.jpg,Open Images V7,train,claumoho,CC BY 2.0,https://www.flickr.com/photos/claudiah/6253090278
oi_08d7460849eb553e.jpg,Open Images V7,train,Phoenix Wolf-Ray,CC BY 2.0,https://www.flickr.com/photos/phoenixwolfray/8426589598
oi_08d7b09b696b8daa.jpg,Open Images V7,val,Anita Ritenour,CC BY 2.0,https://www.flickr.com/photos/puliarfanita/6215535103
oi_08d8cb6b9835be8a.jpg,Open Images V7,train,Christopher Michel,CC BY 2.0,https://www.flickr.com/photos/cmichel67/19403384508
oi_08dd7f5f91aca39a.jpg,Open Images V7,train,buba69,CC BY 2.0,https://www.flickr.com/photos/buba69/1297807706
oi_08df83ae4d1def24.jpg,Open Images V7,train,Beau Giles,CC BY 2.0,https://www.flickr.com/photos/beaugiles/5594839782
oi_08ea367fc3630eda.jpg,Open Images V7,val,Randy Robertson,CC BY 2.0,https://www.flickr.com/photos/randysonofrobert/804252871
oi_08ef9a1571c6460a.jpg,Open Images V7,test,Strijdklaar47,CC BY 2.0,https://www.flickr.com/photos/strijdklaar47/8333275284
oi_08f62c04a21b88ae.jpg,Open Images V7,train,Rusty Clark - On the Air M-F 8am-noon,CC BY 2.0,https://www.flickr.com/photos/rusty_clark/6047217986
oi_090475a8ef90e16b.jpg,Open Images V7,train,seligmanwaite,CC BY 2.0,https://www.flickr.com/photos/seligmanwaite/3912568720
oi_090760d1a9dd30b3.jpg,Open Images V7,test,Rinaldo Wurglitsch,CC BY 2.0,https://www.flickr.com/photos/wurglitsch/5062839642
oi_090de8564f26f150.jpg,Open Images V7,train,iNathan,CC BY 2.0,https://www.flickr.com/photos/95098029@N00/16024664162
oi_091169851b935756.jpg,Open Images V7,train,Wesley Fryer,CC BY 2.0,https://www.flickr.com/photos/wfryer/6239035391
oi_0914bf674d0d7c6b.jpg,Open Images V7,val,Dennis,CC BY 2.0,https://www.flickr.com/photos/dennismueller/3860297331
oi_0916cb9dc4184ecc.jpg,Open Images V7,train,Tony Hisgett,CC BY 2.0,https://www.flickr.com/photos/hisgett/15735561026
oi_091794f67367231b.jpg,Open Images V7,train,iwazer,CC BY 2.0,https://www.flickr.com/photos/iwazer/3776533519
oi_091f2917d35f527b.jpg,Open Images V7,train,Ryo FUKAsawa,CC BY 2.0,https://www.flickr.com/photos/fukapon/21490410308
oi_09208686a2747b88.jpg,Open Images V7,train,Toshinori Kawate,CC BY 2.0,https://www.flickr.com/photos/kawataso/14705017355
oi_092181b38275ab6f.jpg,Open Images V7,train,Jerry Kirkhart,CC BY 2.0,https://www.flickr.com/photos/jkirkhart35/1837492972
oi_09235c12bd12d14d.jpg,Open Images V7,val,abdallahh,CC BY 2.0,https://www.flickr.com/photos/husseinabdallah/9634088084
oi_0924c3edd6d88572.jpg,Open Images V7,train,Pedro Lozano,CC BY 2.0,https://www.flickr.com/photos/peterlozano/4878741194
oi_092853c1e909a915.jpg,Open Images V7,val,Daniella Vereeken,CC BY 2.0,https://www.flickr.com/photos/betta-online/1561794620
oi_0928f07540ad68be.jpg,Open Images V7,train,oliver.dodd,CC BY 2.0,https://www.flickr.com/photos/oliverdodd/8340231739
oi_092a5afcdb2549b6.jpg,Open Images V7,val,Aaron Logan,CC BY 2.0,https://www.flickr.com/photos/lightmatter/8310415767
oi_092cca8cab7383e1.jpg,Open Images V7,train,Kumar Gauraw,CC BY 2.0,https://www.flickr.com/photos/7877146@N06/8580298863
oi_092cf28559032320.jpg,Open Images V7,train,flowcomm,CC BY 2.0,https://www.flickr.com/photos/flowcomm/8753575407
oi_09305826ae76ebf3.jpg,Open Images V7,train,TheBusyBrain,CC BY 2.0,https://www.flickr.com/photos/thebusybrain/2972687043/
oi_093ec995977a2311.jpg,Open Images V7,train,Christopher Michel,CC BY 2.0,https://www.flickr.com/photos/cmichel67/12423066224
oi_0940ad4ba9348026.jpg,Open Images V7,train,Peter Trimming,CC BY 2.0,https://www.flickr.com/photos/peter-trimming/8962430327
oi_0946945783720ff2.jpg,Open Images V7,train,Northwest Power and Conservation Council,CC BY 2.0,https://www.flickr.com/photos/nwcouncil/5638439040/
oi_094809d6570c4a6b.jpg,Open Images V7,val,Seika,CC BY 2.0,https://www.flickr.com/photos/nseika/5412448757/
oi_094c8a1f90201c14.jpg,Open Images V7,val,Jim G,CC BY 2.0,https://www.flickr.com/photos/jimg944/5513979786
oi_094d4330dfc8ebbc.jpg,Open Images V7,train,mi),CC BY 2.0,https://www.flickr.com/photos/46695600@N03/6966781853/
oi_095104f3502f828a.jpg,Open Images V7,train,Jun Seita,CC BY 2.0,https://www.flickr.com/photos/jseita/5420756584
oi_0953eecece0d4546.jpg,Open Images V7,train,MyRidgebacks - Sharon C Johnson,CC BY 2.0,https://www.flickr.com/photos/60976823@N00/3340048254
oi_095511b5b1818a10.jpg,Open Images V7,train,Betsy Weber,CC BY 2.0,https://www.flickr.com/photos/betsyweber/56779031
oi_09561ad12314ee76.jpg,Open Images V7,test,USFWS - Pacific Region,CC BY 2.0,https://www.flickr.com/photos/usfwspacific/16841859636
oi_095818f3522fbf7d.jpg,Open Images V7,train,Sheila Tostes,CC BY 2.0,https://www.flickr.com/photos/sheilatostes/590942452
oi_095ddd4bd32e5d86.jpg,Open Images V7,test,Ricardo&#x27;s Photography (Thanks to all the fans!!!),CC BY 2.0,https://www.flickr.com/photos/ricardo_mangual/6964732282
oi_0960e9b92faed888.jpg,Open Images V7,val,Kamillo Kluth,CC BY 2.0,https://www.flickr.com/photos/27330306@N08/3758664958
oi_0961f76f8464aca2.jpg,Open Images V7,train,Erik Söderström,CC BY 2.0,https://www.flickr.com/photos/mescon/2745330155
oi_09630d1c1beb9038.jpg,Open Images V7,train,Christopher Michel,CC BY 2.0,https://www.flickr.com/photos/cmichel67/12242043265
oi_096b5a3c49ca1f48.jpg,Open Images V7,train,Boris Kasimov,CC BY 2.0,https://www.flickr.com/photos/kasio69/12052976276
oi_0974c7df5b625122.jpg,Open Images V7,test,Jerome Bon,CC BY 2.0,https://www.flickr.com/photos/girolame/141557021
oi_0977b5f16fa19175.jpg,Open Images V7,train,Bill Automata,CC BY 2.0,https://www.flickr.com/photos/billautomata/8467445459
oi_097ea85856cdb410.jpg,Open Images V7,train,matthew lee,CC BY 2.0,https://www.flickr.com/photos/findiver/4299975209
oi_0985fddeb55c6c45.jpg,Open Images V7,val,Travelbag Ltd,CC BY 2.0,https://www.flickr.com/photos/98585738@N07/9237184309
oi_098633187021fdd8.jpg,Open Images V7,train,François Terrier,CC BY 2.0,https://www.flickr.com/photos/fterrier/8659255201
oi_09974026a8964933.jpg,Open Images V7,train,Pia Waugh,CC BY 2.0,https://www.flickr.com/photos/piawaugh/16117630853
oi_09a7794fffd5ae1d.jpg,Open Images V7,val,Clinton &amp; Charles Robertson,CC BY 2.0,https://www.flickr.com/photos/dad_and_clint/4006623384
oi_09b1c3d7970ffe6b.jpg,Open Images V7,train,Mike Baird,CC BY 2.0,https://www.flickr.com/photos/mikebaird/431913543
oi_09b974a82a57a890.jpg,Open Images V7,val,sneakerdog,CC BY 2.0,https://www.flickr.com/photos/sneakerdog/4716684595
oi_09ba3b04d168d715.jpg,Open Images V7,train,Derek Keats,CC BY 2.0,https://www.flickr.com/photos/dkeats/6237843425
oi_09bd3fb57655e32b.jpg,Open Images V7,train,Fabian Rodriguez,CC BY 2.0,https://www.flickr.com/photos/magicfab/503720962
oi_09bd7dd5b09be9bc.jpg,Open Images V7,val,Ricardo&#x27;s Photography (Thanks to all the fans!!!),CC BY 2.0,https://www.flickr.com/photos/ricardo_mangual/6586483823
oi_09c417df1f4a87ff.jpg,Open Images V7,train,Stephanie Clifford,CC BY 2.0,https://www.flickr.com/photos/30486689@N08/4982262131
oi_09d10ed91cfc97c1.jpg,Open Images V7,train,Cambodia4kids.org Beth Kanter,CC BY 2.0,https://www.flickr.com/photos/cambodia4kidsorg/4227318002
oi_09d2e982b6f3a1c7.jpg,Open Images V7,train,Tony Hisgett,CC BY 2.0,https://www.flickr.com/photos/hisgett/400627254
oi_09d8963382ffb07e.jpg,Open Images V7,train,TheBusyBrain,CC BY 2.0,https://www.flickr.com/photos/thebusybrain/2972687095
oi_09dafc3a0c2530e1.jpg,Open Images V7,train,SaraYeomans,CC BY 2.0,https://www.flickr.com/photos/yeomans/81268750
oi_09e11f777be037c4.jpg,Open Images V7,train,dfaulder,CC BY 2.0,https://www.flickr.com/photos/dfaulder/4313107228
oi_09e779f2616dde26.jpg,Open Images V7,train,Robin Wendler,CC BY 2.0,https://www.flickr.com/photos/jprvw/8892776469
oi_09e82b992814dc71.jpg,Open Images V7,test,bjoern,CC BY 2.0,https://www.flickr.com/photos/bjoern/6795988901
oi_09ea705775be3730.jpg,Open Images V7,train,Mike Baird,CC BY 2.0,https://www.flickr.com/photos/mikebaird/530817030
oi_09eac6cba2734040.jpg,Open Images V7,train,Christopher Michel,CC BY 2.0,https://www.flickr.com/photos/cmichel67/18968896894
oi_09eeeb6e7097ce8c.jpg,Open Images V7,train,Christian Córdova,CC BY 2.0,https://www.flickr.com/photos/ccordova/352894736
oi_09f28fc2e3696e73.jpg,Open Images V7,train,Elizabeth Krumbach Joseph,CC BY 2.0,https://www.flickr.com/photos/pleia2/8136378954/
oi_09f6a1ae8259d2ce.jpg,Open Images V7,train,Lenore Edman,CC BY 2.0,https://www.flickr.com/photos/lenore-m/3270634823
oi_0a072abd92847acd.jpg,Open Images V7,val,Seamus Walsh,CC BY 2.0,https://www.flickr.com/photos/seamus_walsh/81614275
oi_0a08b4d895083a49.jpg,Open Images V7,val,adam w,CC BY 2.0,https://www.flickr.com/photos/asw909/7170426229
oi_0a09d0020b22293a.jpg,Open Images V7,test,ScubaBear68,CC BY 2.0,https://www.flickr.com/photos/22310955@N02/8442082679
oi_0a0e888802a0e835.jpg,Open Images V7,val,Christopher Michel,CC BY 2.0,https://www.flickr.com/photos/cmichel67/11280186105
oi_0a0ebae09afc7712.jpg,Open Images V7,train,Rojer,CC BY 2.0,https://www.flickr.com/photos/rojer/4891319297
oi_0a1256084738c62e.jpg,Open Images V7,train,Marcel Ekkel,CC BY 2.0,https://www.flickr.com/photos/marcelekkel/4804264512
oi_0a16f95090ba7b2f.jpg,Open Images V7,train,USFWSmidwest,CC BY 2.0,https://www.flickr.com/photos/usfwsmidwest/13387418845
oi_0a2150bcaf76fd76.jpg,Open Images V7,train,Dave Pape,CC BY 2.0,https://www.flickr.com/photos/dpape/16980662979
oi_0a23c1d7b37b3fb0.jpg,Open Images V7,train,Gérard van Drunen,CC BY 2.0,https://www.flickr.com/photos/grard_van_drunen/753952389
oi_0a2490e31d580263.jpg,Open Images V7,test,Derek Keats,CC BY 2.0,https://www.flickr.com/photos/dkeats/5732446423
oi_0a26ec1420196046.jpg,Open Images V7,train,Paul Asman and Jill Lenoble,CC BY 2.0,https://www.flickr.com/photos/pauljill/5800421806
oi_0a298ac13bf92bc3.jpg,Open Images V7,train,Hermanus Backpackers,CC BY 2.0,https://www.flickr.com/photos/hermanusbackpackers/3430730375
oi_0a2c18d82d7a3fcc.jpg,Open Images V7,train,Dimitris Siskopoulos,CC BY 2.0,https://www.flickr.com/photos/dimsis/14741288478
oi_0a322c767edf62ee.jpg,Open Images V7,train,Steve Jurvetson,CC BY 2.0,https://www.flickr.com/photos/jurvetson/16180873866
oi_0a36adfb373ee6a2.jpg,Open Images V7,test,FromSandToGlass,CC BY 2.0,https://www.flickr.com/photos/ericabreetoe/5743371341
oi_0a3bbcbfd011afab.jpg,Open Images V7,val,Jake Archibald,CC BY 2.0,https://www.flickr.com/photos/jaffathecake/10377575124
oi_0a3e5005aabdb3df.jpg,Open Images V7,val,Irene2005,CC BY 2.0,https://www.flickr.com/photos/irene2005/250984034
oi_0a4058f5ef174c30.jpg,Open Images V7,val,Mark Evans,CC BY 2.0,https://www.flickr.com/photos/chimothy27/3642513582
oi_0a40ef37f26a00a6.jpg,Open Images V7,test,Brian Gratwicke,CC BY 2.0,https://www.flickr.com/photos/briangratwicke/4784616837
oi_0a45b8adec771ab7.jpg,Open Images V7,train,Allie_Caulfield,CC BY 2.0,https://www.flickr.com/photos/wm_archiv/2678726986
oi_0a48b4637abd5abf.jpg,Open Images V7,train,Dimitris Siskopoulos,CC BY 2.0,https://www.flickr.com/photos/dimsis/18791459685
oi_0a4924c86ac52059.jpg,Open Images V7,val,Phil Campbell,CC BY 2.0,https://www.flickr.com/photos/clanlife/8062823
oi_0a501ac448c046be.jpg,Open Images V7,train,Baltimore County Public Library,CC BY 2.0,https://www.flickr.com/photos/bcplphoto/12656496934
oi_0a50f7e9da7a082e.jpg,Open Images V7,val,Takanori Nakanowatari,CC BY 2.0,https://www.flickr.com/photos/ope/27185807
oi_0a53822c7d8b7d48.jpg,Open Images V7,train,Ruth Hartnup,CC BY 2.0,https://www.flickr.com/photos/ruthanddave/6828030642
oi_0a561a6b8d64a875.jpg,Open Images V7,train,LUH 3417,CC BY 2.0,https://www.flickr.com/photos/lectervirouvegetariano/8333737571
oi_0a56a8b32ddece55.jpg,Open Images V7,val,YoTuT,CC BY 2.0,https://www.flickr.com/photos/yotut/6936755351
oi_0a5f6edba8dc9fec.jpg,Open Images V7,train,U.S. Fish and Wildlife Service Northeast Region,CC BY 2.0,https://www.flickr.com/photos/usfwsnortheast/8697970391/
oi_0a619dffd69c4f91.jpg,Open Images V7,train,heartbeaz,CC BY 2.0,https://www.flickr.com/photos/martl/3256151857
oi_0a6379dd58ccc11e.jpg,Open Images V7,train,Scazon,CC BY 2.0,https://www.flickr.com/photos/scazon/3242046255
oi_0a66423de06ebdd7.jpg,Open Images V7,train,Rory Finneren,CC BY 2.0,https://www.flickr.com/photos/roryfinneren/15967984427
oi_0a6dac4239bc36b8.jpg,Open Images V7,val,Peter Radig,CC BY 2.0,https://www.flickr.com/photos/pradig/153684767
oi_0a704bc9163296e6.jpg,Open Images V7,train,Rojer,CC BY 2.0,https://www.flickr.com/photos/rojer/4889564481/
oi_0a70da538431c63c.jpg,Open Images V7,test,BARCOS MAANAIM Pesca Esportiva na Amazônia,CC BY 2.0,https://www.flickr.com/photos/barco__maanaim_rio_guapore/8005024021
oi_0a72cc00d0303451.jpg,Open Images V7,train,ojoswi,CC BY 2.0,https://www.flickr.com/photos/ojoswis_snaps/6203320909/
oi_0a7631ae8d6c7e0f.jpg,Open Images V7,train,USFWS - Pacific Region,CC BY 2.0,https://www.flickr.com/photos/usfwspacific/4993652929
oi_0a76e65e180a2543.jpg,Open Images V7,train,temaki,CC BY 2.0,https://www.flickr.com/photos/_temaki_/7224812674
oi_0a7e57b4ef55e26a.jpg,Open Images V7,train,William Garrett,CC BY 2.0,https://www.flickr.com/photos/billgarrett-newagecrap/2287617554/
oi_0a8029be349a1c61.jpg,Open Images V7,val,NOAA Photo Library,CC BY 2.0,https://www.flickr.com/photos/noaaphotolib/5018566694
oi_0a81e454e0a4a9d1.jpg,Open Images V7,train,amelia Arifin,CC BY 2.0,https://www.flickr.com/photos/ame05/3276191052
oi_0a85912966c68f61.jpg,Open Images V7,train,Christopher Michel,CC BY 2.0,https://www.flickr.com/photos/cmichel67/12524471053
oi_0a88a23551d3a158.jpg,Open Images V7,train,U.S. Fish and Wildlife Service Southeast Region,CC BY 2.0,https://www.flickr.com/photos/usfwssoutheast/5756126584
oi_0a9398902362877f.jpg,Open Images V7,val,stickerkitty&#x27;s collection,CC BY 2.0,https://www.flickr.com/photos/stickerkitty/9447081512
oi_0a97cf096cb75a5c.jpg,Open Images V7,train,Wal N.,CC BY 2.0,https://www.flickr.com/photos/23261007@N05/2241619578
oi_0a97fe5ced78cd3a.jpg,Open Images V7,test,Mihnea Stanciu,CC BY 2.0,https://www.flickr.com/photos/fallout/9062637667
oi_0a9f2183bce7eae3.jpg,Open Images V7,val,Nick Jewell,CC BY 2.0,https://www.flickr.com/photos/macjewell/4229881374
oi_0aa251650947fd76.jpg,Open Images V7,test,Jennifer C.,CC BY 2.0,https://www.flickr.com/photos/29638108@N06/5651163443
oi_0aaa45a8987eccf4.jpg,Open Images V7,val,Wakako Mukohata,CC BY 2.0,https://www.flickr.com/photos/mumuzule/6992386129
oi_0ab49e8e5b1241f6.jpg,Open Images V7,train,benketaro,CC BY 2.0,https://www.flickr.com/photos/misskei/4289100735
oi_0ab945091ee122b9.jpg,Open Images V7,train,yvonne n,CC BY 2.0,https://www.flickr.com/photos/yvonne_n_1968/526272118
oi_0abc11568c88da7c.jpg,Open Images V7,train,Robert Sim,CC BY 2.0,https://www.flickr.com/photos/simra/2337109959
oi_0abc6db9101b2128.jpg,Open Images V7,train,Tscherno,CC BY 2.0,https://www.flickr.com/photos/tscherno/2945238858
oi_0ac1952dc4aa56e2.jpg,Open Images V7,train,Jannes Pockele,CC BY 2.0,https://www.flickr.com/photos/jpockele/2880001360
oi_0aca2ad44156dec8.jpg,Open Images V7,train,Kathy,CC BY 2.0,https://www.flickr.com/photos/44603071@N00/3229026132
oi_0acd2f5c9c86b015.jpg,Open Images V7,val,flackblag7,CC BY 2.0,https://www.flickr.com/photos/koryl/3215053296
oi_0ad452ab0add5d98.jpg,Open Images V7,train,Lyn Gateley,CC BY 2.0,https://www.flickr.com/photos/lyng883/3367874177
oi_0ade24f71a06390f.jpg,Open Images V7,train,twak,CC BY 2.0,https://www.flickr.com/photos/twak/14702517995
oi_0ae00a6b17d06801.jpg,Open Images V7,test,carolineCCB,CC BY 2.0,https://www.flickr.com/photos/carolineccb/5316761362
oi_0ae7344879802812.jpg,Open Images V7,val,Jerry Kirkhart,CC BY 2.0,https://www.flickr.com/photos/jkirkhart35/2173234830
oi_0aefb953c94f5389.jpg,Open Images V7,val,U.S. Fish and Wildlife Service Headquarters,CC BY 2.0,https://www.flickr.com/photos/usfwshq/8476718164
oi_0af1c630fca1be98.jpg,Open Images V7,train,cloudzilla,CC BY 2.0,https://www.flickr.com/photos/cloudzilla/2091098794
oi_0af1de39d2d7fbd2.jpg,Open Images V7,train,Dimitris Siskopoulos,CC BY 2.0,https://www.flickr.com/photos/dimsis/14318900169
oi_0b02258d205b00af.jpg,Open Images V7,train,John Stratford,CC BY 2.0,https://www.flickr.com/photos/john47kent/3251827767
oi_0b0bc63eba7fcf38.jpg,Open Images V7,train,Ratha Grimes,CC BY 2.0,https://www.flickr.com/photos/ratha/15455475375
oi_0b11a9b32da62113.jpg,Open Images V7,train,Brian Gratwicke,CC BY 2.0,https://www.flickr.com/photos/briangratwicke/7100306493
oi_0b156b9f08c34eb6.jpg,Open Images V7,val,Chris,CC BY 2.0,https://www.flickr.com/photos/c-greb/3699227849
oi_0b15b5804f3f5d47.jpg,Open Images V7,test,Christopher Michel,CC BY 2.0,https://www.flickr.com/photos/cmichel67/16073206567
oi_0b1f54f6aba50cc3.jpg,Open Images V7,val,Damien du Toit,CC BY 2.0,https://www.flickr.com/photos/coda/34435038
oi_0b213e7ab201c0cc.jpg,Open Images V7,val,Justin Ennis,CC BY 2.0,https://www.flickr.com/photos/averain/7860435184
oi_0b28383cb8f873fe.jpg,Open Images V7,train,Fitzgerald Marine Reserve Docent,CC BY 2.0,https://www.flickr.com/photos/131153742@N06/16747146819
oi_0b2c9f5196ba949c.jpg,Open Images V7,train,Paul Asman and Jill Lenoble,CC BY 2.0,https://www.flickr.com/photos/pauljill/2408522320
oi_0b30060ec36a8625.jpg,Open Images V7,train,Carrie Kellenberger,CC BY 2.0,https://www.flickr.com/photos/globetrotteri/1456777479
oi_0b3b4cc6ba816182.jpg,Open Images V7,test,McKay Savage,CC BY 2.0,https://www.flickr.com/photos/mckaysavage/8487147747
oi_0b3e035d1c83480e.jpg,Open Images V7,train,Alex Indigo,CC BY 2.0,https://www.flickr.com/photos/alexindigo/5562783621
oi_0b44aa8d9c62bd58.jpg,Open Images V7,val,Christopher Michel,CC BY 2.0,https://www.flickr.com/photos/cmichel67/15802229644
oi_0b48de33eba157c9.jpg,Open Images V7,val,Mickaël T.,CC BY 2.0,https://www.flickr.com/photos/mickaeltr/3446714104
oi_0b59d0caa0d64527.jpg,Open Images V7,train,Elias Levy,CC BY 2.0,https://www.flickr.com/photos/elevy/14463936931
oi_0b64c809606c485d.jpg,Open Images V7,train,osseous,CC BY 2.0,https://www.flickr.com/photos/osseous/3579418744
oi_0b6c2d93c3c4c41c.jpg,Open Images V7,test,Monado,CC BY 2.0,https://www.flickr.com/photos/monado/2747575524
oi_0b763c7f68d3c1a7.jpg,Open Images V7,train,growdigital,CC BY 2.0,https://www.flickr.com/photos/42147041@N06/5447327217
oi_0b7ba38a4243a228.jpg,Open Images V7,train,Erik Charlton,CC BY 2.0,https://www.flickr.com/photos/erikcharlton/5133190553
oi_0b7f0e5d88991cea.jpg,Open Images V7,train,Roberto Verzo,CC BY 2.0,https://www.flickr.com/photos/verzo/7672844852
oi_0b8be90a6edf2903.jpg,Open Images V7,train,Tobias Toft,CC BY 2.0,https://www.flickr.com/photos/tobiastoft/5061878546
oi_0b8e1eb683097510.jpg,Open Images V7,val,Christopher Michel,CC BY 2.0,https://www.flickr.com/photos/cmichel67/4172606739
oi_0b8e9ebadf741cd2.jpg,Open Images V7,val,Dan Hershman,CC BY 2.0,https://www.flickr.com/photos/hershman/407778853
oi_0b8fb098ce50632b.jpg,Open Images V7,train,oliver.dodd,CC BY 2.0,https://www.flickr.com/photos/oliverdodd/5952848196
oi_0b9132ad6f49f8ec.jpg,Open Images V7,train,Joe Friedl,CC BY 2.0,https://www.flickr.com/photos/grampaj0e/14595630854/
oi_0b928eda2c5da255.jpg,Open Images V7,val,Chief Trent,CC BY 2.0,https://www.flickr.com/photos/texese/148762829
oi_0b9ac48565c62887.jpg,Open Images V7,train,Jerry Kirkhart,CC BY 2.0,https://www.flickr.com/photos/jkirkhart35/5914222540
oi_0bb3b8f89dbd11ec.jpg,Open Images V7,train,Jim G,CC BY 2.0,https://www.flickr.com/photos/jimg944/7290526792
oi_0bb40a052aa4e565.jpg,Open Images V7,train,brownpau,CC BY 2.0,https://www.flickr.com/photos/brownpau/14669644259
oi_0bba9e7c09e300ed.jpg,Open Images V7,train,skeddy in NYC,CC BY 2.0,https://www.flickr.com/photos/scottkeddy/538019790
oi_0bbb00deb3015cb0.jpg,Open Images V7,val,daita saru,CC BY 2.0,https://www.flickr.com/photos/daita/2501559904/
oi_0bc31cf7b3ba4fce.jpg,Open Images V7,train,Lynne Ulrich,CC BY 2.0,https://www.flickr.com/photos/lynneulrich/19782581923
oi_0bc4a131e359abe8.jpg,Open Images V7,val,John,CC BY 2.0,https://www.flickr.com/photos/8373783@N07/5460430936
oi_0bc65a371b965bfa.jpg,Open Images V7,train,Jim G,CC BY 2.0,https://www.flickr.com/photos/jimg944/9336525557
oi_0bc81c54fd0fe0a4.jpg,Open Images V7,train,prilfish,CC BY 2.0,https://www.flickr.com/photos/silkebaron/924498998
oi_0bcae461c4b71b3d.jpg,Open Images V7,train,Leni Kummel,CC BY 2.0,https://www.flickr.com/photos/48404521@N04/4463936915
oi_0bd307478ead3309.jpg,Open Images V7,train,Jeffrey Schwartz,CC BY 2.0,https://www.flickr.com/photos/jeffschwartz/20316657
oi_0bd868c019444cb1.jpg,Open Images V7,train,A.Davey,CC BY 2.0,https://www.flickr.com/photos/adavey/5044767581
oi_0bd99f067f64fdfb.jpg,Open Images V7,test,Kirby Kerr,CC BY 2.0,https://www.flickr.com/photos/rotofugi/2549910881
oi_0bdbbd4571dedea4.jpg,Open Images V7,val,Jim G,CC BY 2.0,https://www.flickr.com/photos/jimg944/5993746305
oi_0be1eaab221cf288.jpg,Open Images V7,val,Laura,CC BY 2.0,https://www.flickr.com/photos/twonickels/90936397
oi_0be250729abcf1c7.jpg,Open Images V7,val,Peter Baker,CC BY 2.0,https://www.flickr.com/photos/wrathdelivery/2829606007
oi_0be80fcfdbee89d6.jpg,Open Images V7,train,Robert Linsdell,CC BY 2.0,https://www.flickr.com/photos/boblinsdell/9485221052
oi_0be8fb344b2753f7.jpg,Open Images V7,test,Andrea Pokrzywinski,CC BY 2.0,https://www.flickr.com/photos/andreagp/17361155835
oi_0bee60bbedd7431b.jpg,Open Images V7,train,NOAA Photo Library,CC BY 2.0,https://www.flickr.com/photos/noaaphotolib/9681687548
oi_0beecece516532ea.jpg,Open Images V7,train,Tim (Timothy) Pearce,CC BY 2.0,https://www.flickr.com/photos/timpearcelosgatos/3499049386
oi_0bf6731020450501.jpg,Open Images V7,val,NOAA Photo Library,CC BY 2.0,https://www.flickr.com/photos/noaaphotolib/5187315957
oi_0bf690ea33fd8ebb.jpg,Open Images V7,val,Brian Gratwicke,CC BY 2.0,https://www.flickr.com/photos/briangratwicke/5624582239
oi_0bfe6c4c47cecc2d.jpg,Open Images V7,train,Oliver Clarke,CC BY 2.0,https://www.flickr.com/photos/oliver_clarke/14170812965
oi_0bff36ae9f313988.jpg,Open Images V7,train,Pat Hawks,CC BY 2.0,https://www.flickr.com/photos/pathawks/3840771557
oi_0bff3862e1e395cf.jpg,Open Images V7,train,Linda Tanner,CC BY 2.0,https://www.flickr.com/photos/goingslo/18971317062
oi_0c06266d4ec16735.jpg,Open Images V7,val,Butz.2013,CC BY 2.0,https://www.flickr.com/photos/61508583@N02/13221319715
oi_0c12184fb0716eab.jpg,Open Images V7,val,Curran Kelleher,CC BY 2.0,https://www.flickr.com/photos/10604632@N02/16344326986
oi_0c127311e6213fed.jpg,Open Images V7,test,Hoi Kyung Jung,CC BY 2.0,https://www.flickr.com/photos/hoihoihoi116/5493895644
oi_0c218bd23cf61879.jpg,Open Images V7,train,Arnstein Rønning,CC BY 2.0,https://www.flickr.com/photos/eaglestein/5013603237
oi_0c36eed78174357f.jpg,Open Images V7,train,Paul Arps,CC BY 2.0,https://www.flickr.com/photos/slapers/5333593182
oi_0c39b73003d1b1ab.jpg,Open Images V7,train,Mike Bowler,CC BY 2.0,https://www.flickr.com/photos/mbowler/12579294975
oi_0c40d706863b6c60.jpg,Open Images V7,train,Mike Baird,CC BY 2.0,https://www.flickr.com/photos/mikebaird/19577290930
oi_0c42378d74a40d22.jpg,Open Images V7,train,incidencematrix,CC BY 2.0,https://www.flickr.com/photos/incidencematrix/15306605209
oi_0c4e28aac826a861.jpg,Open Images V7,train,Hafiz Issadeen,CC BY 2.0,https://www.flickr.com/photos/yimhafiz/3674592880
oi_0c528ee8c330a167.jpg,Open Images V7,val,Dimitris Siskopoulos,CC BY 2.0,https://www.flickr.com/photos/dimsis/9611700427
oi_0c53c0b6097e4d44.jpg,Open Images V7,test,David Beyer,CC BY 2.0,https://www.flickr.com/photos/cyberlemur/2857944444
oi_0c56158ba188a412.jpg,Open Images V7,train,M Cheung,CC BY 2.0,https://www.flickr.com/photos/lnss_mcheung/344902955
oi_0c56e2c1af75fe56.jpg,Open Images V7,val,Gopal Vijayaraghavan,CC BY 2.0,https://www.flickr.com/photos/t3rmin4t0r/4382241341
oi_0c59f68e94083b87.jpg,Open Images V7,test,Jitze Couperus,CC BY 2.0,https://www.flickr.com/photos/jitze1942/4922377483
oi_0c5aa3b591326405.jpg,Open Images V7,train,Derek Keats,CC BY 2.0,https://www.flickr.com/photos/dkeats/5950814783
oi_0c5cb91fe0a14fa9.jpg,Open Images V7,train,Anssi Koskinen,CC BY 2.0,https://www.flickr.com/photos/ansik/401688343
oi_0c6461e6ccee80cc.jpg,Open Images V7,train,osseous,CC BY 2.0,https://www.flickr.com/photos/osseous/1032776392
oi_0c6615d17271cefb.jpg,Open Images V7,train,Robin Wendler,CC BY 2.0,https://www.flickr.com/photos/jprvw/8812322606
oi_0c66224995b9f3b2.jpg,Open Images V7,test,Hunter Desportes,CC BY 2.0,https://www.flickr.com/photos/hdport/5857335122
oi_0c706330ff191937.jpg,Open Images V7,train,Paz Leonel,CC BY 2.0,https://www.flickr.com/photos/legon/8964303272
oi_0c71fb9834be0e1f.jpg,Open Images V7,val,Ed Bierman,CC BY 2.0,https://www.flickr.com/photos/edbierman/14897215557
oi_0c7b2e492da6ba02.jpg,Open Images V7,val,David Stanley,CC BY 2.0,https://www.flickr.com/photos/davidstanleytravel/7521861800
oi_0c7e2f316b4aa638.jpg,Open Images V7,val,Tristan Ferne,CC BY 2.0,https://www.flickr.com/photos/tristanf/108972739
oi_0c7e78df222cf439.jpg,Open Images V7,train,Amila Tennakoon,CC BY 2.0,https://www.flickr.com/photos/lakpura/17659849510
oi_0c7ea9bc43377eb9.jpg,Open Images V7,train,Brian Gratwicke,CC BY 2.0,https://www.flickr.com/photos/briangratwicke/7081537049
oi_0c8a6a25f076ee3c.jpg,Open Images V7,test,Drew Coffman,CC BY 2.0,https://www.flickr.com/photos/drewcoffman/3862833993
oi_0c8d44d1317b7afe.jpg,Open Images V7,train,wsilver,CC BY 2.0,https://www.flickr.com/photos/psycho-pics/14021821334/
oi_0c96f032ab729f02.jpg,Open Images V7,train,.dh,CC BY 2.0,https://www.flickr.com/photos/25968780@N03/7747847642
oi_0c9af7b1744e4308.jpg,Open Images V7,train,Peter Halling Hilborg,CC BY 2.0,https://www.flickr.com/photos/philborg/8564584848
oi_0c9f0abcb6849169.jpg,Open Images V7,train,maru suzu,CC BY 2.0,https://www.flickr.com/photos/suzumaru/5124078483
oi_0ca0d331f61ac8b8.jpg,Open Images V7,train,francois schnell,CC BY 2.0,https://www.flickr.com/photos/frenchy/272475773
oi_0ca68efb61ddb5df.jpg,Open Images V7,val,Pat Hawks,CC BY 2.0,https://www.flickr.com/photos/pathawks/3840770897
oi_0ca95989b39d8b20.jpg,Open Images V7,train,Karen Roe,CC BY 2.0,https://www.flickr.com/photos/karen_roe/15280197675
oi_0cae671efbcb6619.jpg,Open Images V7,train,Brian Gratwicke,CC BY 2.0,https://www.flickr.com/photos/briangratwicke/8553526502
oi_0caf142ec2c1aeaf.jpg,Open Images V7,val,Sarah Stewart,CC BY 2.0,https://www.flickr.com/photos/sarahmstewart/2975410659
oi_0cba6d80dbb5b3e6.jpg,Open Images V7,train,Christopher Michel,CC BY 2.0,https://www.flickr.com/photos/cmichel67/11295858953/
oi_0cc51c899059ef72.jpg,Open Images V7,train,Kamillo Kluth,CC BY 2.0,https://www.flickr.com/photos/27330306@N08/3758653436
oi_0cc7326de69d8561.jpg,Open Images V7,test,Mike Beauregard,CC BY 2.0,https://www.flickr.com/photos/31856336@N03/5190561165
oi_0cd0730d3d8714f3.jpg,Open Images V7,train,Michelle Callahan,CC BY 2.0,https://www.flickr.com/photos/queenmichelle/11486826024
oi_0cd0f4a48efa8cbb.jpg,Open Images V7,train,Sam Blackman,CC BY 2.0,https://www.flickr.com/photos/samblackman/8862857778/
oi_0cd37deeec798dca.jpg,Open Images V7,train,Gabriel Molina,CC BY 2.0,https://www.flickr.com/photos/breatheoutnow/11913785746
oi_0cd4fcd02c7a4edb.jpg,Open Images V7,train,tribp,CC BY 2.0,https://www.flickr.com/photos/82088316@N05/7552247538
oi_0cd952a8483fb4c2.jpg,Open Images V7,train,Blue Ocean Whale Watch,CC BY 2.0,https://www.flickr.com/photos/blueoceanwhalewatch/7897511132
oi_0cd9fb79faacc83d.jpg,Open Images V7,train,Alasdair,CC BY 2.0,https://www.flickr.com/photos/csakkarin/17600629270
oi_0cdc29a3af901e53.jpg,Open Images V7,train,Takashi Ota,CC BY 2.0,https://www.flickr.com/photos/takot/6736426277
oi_0cdd71a2cb684c68.jpg,Open Images V7,train,Antonella1975,CC BY 2.0,https://www.flickr.com/photos/29505414@N02/2908760109
oi_0ce70b62753dbc7d.jpg,Open Images V7,test,Derek Wolfgram,CC BY 2.0,https://www.flickr.com/photos/wolfgrams/2619096980
oi_0cf194a559482bd6.jpg,Open Images V7,train,Patty,CC BY 2.0,https://www.flickr.com/photos/pattista/308079931
oi_0d0a3d12b11a2fe3.jpg,Open Images V7,val,California Department of Fish and Wildlife,CC BY 2.0,https://www.flickr.com/photos/californiadfg/16100872718
oi_0d0cddc3d5afdac1.jpg,Open Images V7,train,Benjamin Hollis,CC BY 2.0,https://www.flickr.com/photos/dalangalma/11560103386
oi_0d1262f5d62c6616.jpg,Open Images V7,val,Eljay,CC BY 2.0,https://www.flickr.com/photos/eljay/6090272821
oi_0d164330a3162283.jpg,Open Images V7,train,sophie &amp; cie,CC BY 2.0,https://www.flickr.com/photos/biscotte/3995660277
oi_0d177321dba698cc.jpg,Open Images V7,train,francois schnell,CC BY 2.0,https://www.flickr.com/photos/frenchy/79368436
oi_0d1e3d05bf096d9d.jpg,Open Images V7,val,Yusuke Kawasaki,CC BY 2.0,https://www.flickr.com/photos/u-suke/2165185364
oi_0d27361771d258ff.jpg,Open Images V7,val,Nick  Perretti,CC BY 2.0,https://www.flickr.com/photos/nickperretti/4181365889
oi_0d27ebf7e0f317c9.jpg,Open Images V7,val,Chris Pearson,CC BY 2.0,https://www.flickr.com/photos/chrispearson72/2376592289
oi_0d2dba3818530541.jpg,Open Images V7,val,Esin Üstün,CC BY 2.0,https://www.flickr.com/photos/pamas/14822016009
oi_0d3c4d222ee40882.jpg,Open Images V7,val,Angel Schatz,CC BY 2.0,https://www.flickr.com/photos/glamourschatz/2554481991
oi_0d3df79a0a845d64.jpg,Open Images V7,train,Bang Nguyen,CC BY 2.0,https://www.flickr.com/photos/vietbang215/16126757377/
oi_0d3e8783e09169d2.jpg,Open Images V7,train,michimaya,CC BY 2.0,https://www.flickr.com/photos/michimaya/15586232104/
oi_0d42f3b0ef6524b7.jpg,Open Images V7,test,oliver.dodd,CC BY 2.0,https://www.flickr.com/photos/oliverdodd/15724784249
oi_0d4569ae5a5ff710.jpg,Open Images V7,train,devra,CC BY 2.0,https://www.flickr.com/photos/minicooper93402/5923319280
oi_0d4880a279b3a0c8.jpg,Open Images V7,train,Andy Mack,CC BY 2.0,https://www.flickr.com/photos/armack/1274689230
oi_0d5335c728822659.jpg,Open Images V7,train,Jim G,CC BY 2.0,https://www.flickr.com/photos/jimg944/6655438497
oi_0d6a021b4d16d9f2.jpg,Open Images V7,train,Amila Tennakoon,CC BY 2.0,https://www.flickr.com/photos/lakpura/15254290633
oi_0d6df0b67a2e44bf.jpg,Open Images V7,train,fronx,CC BY 2.0,https://www.flickr.com/photos/fronx/2357434207
oi_0d73393b30a32b0e.jpg,Open Images V7,train,Milestoned,CC BY 2.0,https://www.flickr.com/photos/baccharus/2686069297
oi_0d7a293002b93254.jpg,Open Images V7,val,kuhnmi,CC BY 2.0,https://www.flickr.com/photos/31176607@N05/17270362839
oi_0d7c2f8740917dbc.jpg,Open Images V7,train,Nico Crisafulli,CC BY 2.0,https://www.flickr.com/photos/nicocrisafulli/4259430695
oi_0d7caf16e1d0cac0.jpg,Open Images V7,train,Bill Morrow,CC BY 2.0,https://www.flickr.com/photos/billmorrow/4622424986
oi_0d81713fc2b984c9.jpg,Open Images V7,train,machu.,CC BY 2.0,https://www.flickr.com/photos/machu/26819259
oi_0d8276ee811f262b.jpg,Open Images V7,train,Daniel Ramirez,CC BY 2.0,https://www.flickr.com/photos/danramarch/13946196704
oi_0d83e5c035f79118.jpg,Open Images V7,train,NOAA PMEL,CC BY 2.0,https://www.flickr.com/photos/noaa-pmel/19860179942
oi_0d85f88c76b08f7f.jpg,Open Images V7,train,Bruno Caimi,CC BY 2.0,https://www.flickr.com/photos/bruno_brujah/11435496906
oi_0d861a5900528ce3.jpg,Open Images V7,train,Larry Johnson,CC BY 2.0,https://www.flickr.com/photos/drljohnson/3643631460
oi_0d87697dac351b23.jpg,Open Images V7,val,Brendan Adkins,CC BY 2.0,https://www.flickr.com/photos/brendanadkins/8532317279
oi_0d9401650c319e9c.jpg,Open Images V7,train,NOAA Photo Library,CC BY 2.0,https://www.flickr.com/photos/noaaphotolib/9681645446/
oi_0d989bafacf1f24b.jpg,Open Images V7,train,TAK.,CC BY 2.0,https://www.flickr.com/photos/takwill/8638056287
oi_0d9d5ed50d07b8da.jpg,Open Images V7,train,Mark Freeman,CC BY 2.0,https://www.flickr.com/photos/46357488@N00/1779059346
oi_0d9ed996c99bb80b.jpg,Open Images V7,train,Jonathan Martin,CC BY 2.0,https://www.flickr.com/photos/dryodora/9881546276/
oi_0da143ffc610500e.jpg,Open Images V7,train,Diza Ramli,CC BY 2.0,https://www.flickr.com/photos/diza/4303550502
oi_0da2fcc157844b05.jpg,Open Images V7,train,prilfish,CC BY 2.0,https://www.flickr.com/photos/silkebaron/3803225685
oi_0da6c1d67d0c49f1.jpg,Open Images V7,train,prilfish,CC BY 2.0,https://www.flickr.com/photos/silkebaron/3650735282
oi_0dab78108ba6fa0c.jpg,Open Images V7,train,francois schnell,CC BY 2.0,https://www.flickr.com/photos/frenchy/79368117
oi_0db26c8eb6dec8de.jpg,Open Images V7,train,James Brooks,CC BY 2.0,https://www.flickr.com/photos/boilermakerjim/3832320022
oi_0dd454c091156259.jpg,Open Images V7,train,Philippe AMIOT,CC BY 2.0,https://www.flickr.com/photos/philippeamiot/16483601470/
oi_0dd51a5d79016ac7.jpg,Open Images V7,val,psyberartist,CC BY 2.0,https://www.flickr.com/photos/psyberartist/10949369194
oi_0dd5ac1931a99652.jpg,Open Images V7,val,Boris Kasimov,CC BY 2.0,https://www.flickr.com/photos/kasio69/16869984378
oi_0dd6e17185288a42.jpg,Open Images V7,val,Christopher Michel,CC BY 2.0,https://www.flickr.com/photos/cmichel67/42003845
oi_0dd9f1c3318bf99f.jpg,Open Images V7,train,Fotos GOVBA,CC BY 2.0,https://www.flickr.com/photos/agecombahia/5201955668
oi_0dda38e66fddc374.jpg,Open Images V7,val,Andrew,CC BY 2.0,https://www.flickr.com/photos/polandeze/463283483
oi_0ddc3f7851bbe055.jpg,Open Images V7,train,Janine,CC BY 2.0,https://www.flickr.com/photos/geishabot/3605751326
oi_0ddcd5eb7a131916.jpg,Open Images V7,train,humberpike,CC BY 2.0,https://www.flickr.com/photos/51642154@N04/4750970608
oi_0dde854d6ba3b7ae.jpg,Open Images V7,val,far closer,CC BY 2.0,https://www.flickr.com/photos/farcloser/6049081893
oi_0de0fc923a07383f.jpg,Open Images V7,train,"Raymond Bucko, SJ",CC BY 2.0,https://www.flickr.com/photos/kishka_king/7341814388
oi_0de4c148d174692e.jpg,Open Images V7,train,Steve Jurvetson,CC BY 2.0,https://www.flickr.com/photos/jurvetson/6302344873
oi_0de4f40b8a7d26ac.jpg,Open Images V7,train,Brian Gratwicke,CC BY 2.0,https://www.flickr.com/photos/briangratwicke/6182428878
oi_0deeabeaead877f0.jpg,Open Images V7,val,Eugene Kim,CC BY 2.0,https://www.flickr.com/photos/eekim/5153783872
oi_0df0dd9fa55ff240.jpg,Open Images V7,test,Dominik Brygier,CC BY 2.0,https://www.flickr.com/photos/80857060@N05/8113035174
oi_0df658ab0e3f0e55.jpg,Open Images V7,train,Shayan (USA),CC BY 2.0,https://www.flickr.com/photos/ssanyal/2479343857
oi_0df978cdaa10ec58.jpg,Open Images V7,train,francois schnell,CC BY 2.0,https://www.flickr.com/photos/frenchy/79365432
oi_0e01261410320eb4.jpg,Open Images V7,val,flowcomm,CC BY 2.0,https://www.flickr.com/photos/flowcomm/8752775205
oi_0e093be7fc3f3a48.jpg,Open Images V7,test,USFWSmidwest,CC BY 2.0,https://www.flickr.com/photos/usfwsmidwest/15175365997
oi_0e10f4370f30eb50.jpg,Open Images V7,train,Mike Riela,CC BY 2.0,https://www.flickr.com/photos/mikeriela/14513008396
oi_0e164a6ce30dec6b.jpg,Open Images V7,val,gordon.milligan,CC BY 2.0,https://www.flickr.com/photos/el-milligano/15062527034
oi_0e1c65ba18674b70.jpg,Open Images V7,train,April Spreeman,CC BY 2.0,https://www.flickr.com/photos/krisandapril/14563358
oi_0e252a32b2f5fefc.jpg,Open Images V7,train,Pacific Southwest Region USFWS,CC BY 2.0,https://www.flickr.com/photos/usfws_pacificsw/15092573950
oi_0e29aa00c2c59255.jpg,Open Images V7,val,Jolene Bertoldi,CC BY 2.0,https://www.flickr.com/photos/za-photos/7467791492
oi_0e3235a5edef1bf1.jpg,Open Images V7,train,Christopher Michel,CC BY 2.0,https://www.flickr.com/photos/cmichel67/12389953354
oi_0e33752c2e47ad9c.jpg,Open Images V7,val,Elias Levy,CC BY 2.0,https://www.flickr.com/photos/elevy/6997575255
oi_0e39325dcd4e2dd5.jpg,Open Images V7,train,Akuppa John Wigham,CC BY 2.0,https://www.flickr.com/photos/90664717@N00/179326064
oi_0e39f9297043922e.jpg,Open Images V7,val,Ik T,CC BY 2.0,https://www.flickr.com/photos/monchan/3643312773
oi_0e3bf2804d9964b8.jpg,Open Images V7,train,Kentaro Ohno,CC BY 2.0,https://www.flickr.com/photos/inucara/10523925896
oi_0e43207c7a37ac37.jpg,Open Images V7,val,Cambodia4kids.org Beth Kanter,CC BY 2.0,https://www.flickr.com/photos/cambodia4kidsorg/4226630143
oi_0e49f054fc15670c.jpg,Open Images V7,train,naka hide,CC BY 2.0,https://www.flickr.com/photos/26026157@N02/4868048606
oi_0e4c12f878d8c66b.jpg,Open Images V7,train,MIKI Yoshihito,CC BY 2.0,https://www.flickr.com/photos/mujitra/8958828923
oi_0e4cf96a7f76e86f.jpg,Open Images V7,train,Margaretha Rebecca Hopfner,CC BY 2.0,https://www.flickr.com/photos/margarethahopfner/3427658540
oi_0e4fdc228145ffc5.jpg,Open Images V7,train,Derek Gavey,CC BY 2.0,https://www.flickr.com/photos/derekgavey/4929598905
oi_0e50d7f454d52ff7.jpg,Open Images V7,val,U.S. Army Corps of Engineers Savannah District,CC BY 2.0,https://www.flickr.com/photos/savannahcorps/8227413336
oi_0e5c6ea8a8564178.jpg,Open Images V7,train,Dreama_K,CC BY 2.0,https://www.flickr.com/photos/fauxen/4814886080
oi_0e5dbbf67cf7f569.jpg,Open Images V7,train,Marco Fedele,CC BY 2.0,https://www.flickr.com/photos/marcofedele/2364536364
oi_0e667756921d61ab.jpg,Open Images V7,train,Jeff Rader,CC BY 2.0,https://www.flickr.com/photos/xnine/4039244800
oi_0e668c463031f3d8.jpg,Open Images V7,train,davitydave,CC BY 2.0,https://www.flickr.com/photos/dlytle/8211624827
oi_0e6a2fe19e640d5e.jpg,Open Images V7,train,Alan Levine,CC BY 2.0,https://www.flickr.com/photos/cogdog/4433908989
oi_0e6a67166d3e7fdc.jpg,Open Images V7,train,Jerry Kirkhart,CC BY 2.0,https://www.flickr.com/photos/jkirkhart35/14681248832
oi_0e70cc7577ea6c2d.jpg,Open Images V7,train,fto mizno,CC BY 2.0,https://www.flickr.com/photos/ftomiz/7076251627
oi_0e7667a842cbbe88.jpg,Open Images V7,train,Patrick Gaudin,CC BY 2.0,https://www.flickr.com/photos/voyages-provence/5413090852/
oi_0e7767c1d4f509e2.jpg,Open Images V7,val,Marie Hale,CC BY 2.0,https://www.flickr.com/photos/15016964@N02/5918424992
oi_0e78bfbc2fe072d2.jpg,Open Images V7,train,Lisa Cyr,CC BY 2.0,https://www.flickr.com/photos/borderlys/3096193525/
oi_0e7abd387e0f7d32.jpg,Open Images V7,val,McKay Savage,CC BY 2.0,https://www.flickr.com/photos/mckaysavage/9976194294
oi_0e7ae1c211f5435e.jpg,Open Images V7,train,Marcel Ekkel,CC BY 2.0,https://www.flickr.com/photos/marcelekkel/4804267090
oi_0e8101fb264a761a.jpg,Open Images V7,test,Christopher Michel,CC BY 2.0,https://www.flickr.com/photos/cmichel67/11240225716
oi_0e8c9aca3da89a17.jpg,Open Images V7,train,Derek Keats,CC BY 2.0,https://www.flickr.com/photos/dkeats/5297145239
oi_0e9166e7721f6f8a.jpg,Open Images V7,train,Ian Griffiths,CC BY 2.0,https://www.flickr.com/photos/bladeflyer/53255474
oi_0e93ec65bb5905ea.jpg,Open Images V7,train,Roberto Latxaga,CC BY 2.0,https://www.flickr.com/photos/kurtxio/2890712758
oi_0e94658bbf97e30d.jpg,Open Images V7,val,Christopher Michel,CC BY 2.0,https://www.flickr.com/photos/cmichel67/11877900424
oi_0e9797dff8cfabe9.jpg,Open Images V7,val,"Jim, the Photographer",CC BY 2.0,https://www.flickr.com/photos/jcapaldi/8727877966
oi_0e99a61e71fd6846.jpg,Open Images V7,train,Christopher Michel,CC BY 2.0,https://www.flickr.com/photos/cmichel67/19775263975
oi_0e9a05947527196e.jpg,Open Images V7,train,mary jane watson,CC BY 2.0,https://www.flickr.com/photos/avigon/297670693
oi_0e9e98c07c88b324.jpg,Open Images V7,val,Bryn Pinzgauer,CC BY 2.0,https://www.flickr.com/photos/12394349@N06/14970227049/
oi_0e9eceb26a4dd253.jpg,Open Images V7,train,Leonid Mamchenkov,CC BY 2.0,https://www.flickr.com/photos/mamchenkov/160811262
oi_0ea3d91170653a36.jpg,Open Images V7,train,Renato Targa,CC BY 2.0,https://www.flickr.com/photos/rtarga/209765872
oi_0eb60565819f3a00.jpg,Open Images V7,train,Karen Hull,CC BY 2.0,https://www.flickr.com/photos/32972667@N07/3209611642
oi_0eb6957c325f2f52.jpg,Open Images V7,train,Paul Papadimitriou,CC BY 2.0,https://www.flickr.com/photos/ppapadimitriou/5624819305
oi_0ebb45f6132fd1f3.jpg,Open Images V7,train,kanegen,CC BY 2.0,https://www.flickr.com/photos/kanegen/3791352073
oi_0ebbf6c0c2861690.jpg,Open Images V7,val,Thomas Quine,CC BY 2.0,https://www.flickr.com/photos/quinet/6020556923/
oi_0ebcedfb0011846f.jpg,Open Images V7,train,Paul VanDerWerf,CC BY 2.0,https://www.flickr.com/photos/pavdw/14468900941
oi_0ecc7d03c930b745.jpg,Open Images V7,val,Marco Hazard,CC BY 2.0,https://www.flickr.com/photos/42405591@N02/11013421204
oi_0ed10c322b104002.jpg,Open Images V7,val,Jean,CC BY 2.0,https://www.flickr.com/photos/7326810@N08/3072646142
oi_0ed68c7dc7e0266e.jpg,Open Images V7,train,Dave Lonsdale,CC BY 2.0,https://www.flickr.com/photos/davelonsdale/5956863490
oi_0edbbff49a24acb8.jpg,Open Images V7,val,Lauren Liston,CC BY 2.0,https://www.flickr.com/photos/mehgrapher/6077732860
oi_0edd947f0950aaf5.jpg,Open Images V7,train,Andreas Ahrens,CC BY 2.0,https://www.flickr.com/photos/eiolos/11350606605
oi_0ee0a60a0b1bd285.jpg,Open Images V7,train,Michael Napoleon,CC BY 2.0,https://www.flickr.com/photos/cusegoyle/2992477765
oi_0ef2b34b1d277a71.jpg,Open Images V7,train,Frontierofficial,CC BY 2.0,https://www.flickr.com/photos/frontierofficial/16721359641
oi_0f0098ab7862f61f.jpg,Open Images V7,train,Petri Autio,CC BY 2.0,https://www.flickr.com/photos/arkanoidi/17132327971
oi_0f065533191a8088.jpg,Open Images V7,train,satta,CC BY 2.0,https://www.flickr.com/photos/ssatta/8661868303/
oi_0f07d75e7754d4c1.jpg,Open Images V7,train,Ratha Grimes,CC BY 2.0,https://www.flickr.com/photos/ratha/17259516546
oi_0f08e7ee6d205e33.jpg,Open Images V7,train,Bryce Edwards,CC BY 2.0,https://www.flickr.com/photos/bryce_edwards/253098819
oi_0f0e01e9572c1a1a.jpg,Open Images V7,train,LASZLO ILYES,CC BY 2.0,https://www.flickr.com/photos/laszlo-photo/2068111350
oi_0f126a0dd071f587.jpg,Open Images V7,val,Mark Doliner,CC BY 2.0,https://www.flickr.com/photos/markdoliner/15030520299
oi_0f1364d713fb28f2.jpg,Open Images V7,val,Derek Keats,CC BY 2.0,https://www.flickr.com/photos/dkeats/6522131085
oi_0f13bbce7405ab11.jpg,Open Images V7,val,NOAA Photo Library,CC BY 2.0,https://www.flickr.com/photos/noaaphotolib/5020399221
oi_0f16d74afe57eec8.jpg,Open Images V7,val,bobistraveling,CC BY 2.0,https://www.flickr.com/photos/bobistraveling/3543410931
oi_0f17de74f0194d8d.jpg,Open Images V7,train,Gary Bembridge,CC BY 2.0,https://www.flickr.com/photos/tipsfortravellers/20276243232
oi_0f1d9730a82aece6.jpg,Open Images V7,val,NOAA Photo Library,CC BY 2.0,https://www.flickr.com/photos/noaaphotolib/5019925885
oi_0f2344b926f34a72.jpg,Open Images V7,train,Lana_aka_BADGRL,CC BY 2.0,https://www.flickr.com/photos/lanacar/2297093741
oi_0f236c9ae0bea454.jpg,Open Images V7,train,berduchwal,CC BY 2.0,https://www.flickr.com/photos/62136890@N02/16178350149
oi_0f34f604a0eba196.jpg,Open Images V7,train,Steven Depolo,CC BY 2.0,https://www.flickr.com/photos/stevendepolo/6022588245
oi_0f3a56bab5758994.jpg,Open Images V7,train,Brian Gratwicke,CC BY 2.0,https://www.flickr.com/photos/briangratwicke/8500601944
oi_0f3ad378bc80e507.jpg,Open Images V7,train,Chris Williamson,CC BY 2.0,https://www.flickr.com/photos/chriswsn/3759692662
oi_0f40027bf69a2993.jpg,Open Images V7,val,Mike Baird,CC BY 2.0,https://www.flickr.com/photos/mikebaird/5282306828/
oi_0f4dad5fd06a2586.jpg,Open Images V7,val,Mike Baird,CC BY 2.0,https://www.flickr.com/photos/mikebaird/6764288755
oi_0f51db210f5a7d6c.jpg,Open Images V7,val,Tom Thai,CC BY 2.0,https://www.flickr.com/photos/eviltomthai/5129367629
oi_0f5809a5003a53a6.jpg,Open Images V7,train,Kathy,CC BY 2.0,https://www.flickr.com/photos/44603071@N00/7006940729
oi_0f58b8e952dc1a9a.jpg,Open Images V7,test,Teddy Llovet,CC BY 2.0,https://www.flickr.com/photos/teddyllovet/1410664853
oi_0f61e3250f8ee420.jpg,Open Images V7,train,Aidan,CC BY 2.0,https://www.flickr.com/photos/aidanwojtas/2360703642
oi_0f63c21de51c34e0.jpg,Open Images V7,train,prilfish,CC BY 2.0,https://www.flickr.com/photos/silkebaron/462570285
oi_0f68b32a33cc56bb.jpg,Open Images V7,train,flowcomm,CC BY 2.0,https://www.flickr.com/photos/flowcomm/14182225706
oi_0f6f24770156860e.jpg,Open Images V7,train,Scazon,CC BY 2.0,https://www.flickr.com/photos/scazon/3036779269
oi_0f749f00d7ea91f0.jpg,Open Images V7,train,Jennifer C.,CC BY 2.0,https://www.flickr.com/photos/29638108@N06/4158923183
oi_0f76b2eba5fdb45d.jpg,Open Images V7,train,LASZLO ILYES,CC BY 2.0,https://www.flickr.com/photos/laszlo-photo/149792963
oi_0f7ca3921ba5c188.jpg,Open Images V7,val,q phia,CC BY 2.0,https://www.flickr.com/photos/q-phia/8454717752
oi_0f7d6797032bbe54.jpg,Open Images V7,train,adels,CC BY 2.0,https://www.flickr.com/photos/adels/1468728162
oi_0f89df39a329c03f.jpg,Open Images V7,train,Tregde Ferie,CC BY 2.0,https://www.flickr.com/photos/tregde/20412312803
oi_0f97204c69112c61.jpg,Open Images V7,val,francois schnell,CC BY 2.0,https://www.flickr.com/photos/frenchy/372381240
oi_0f9805317acc424c.jpg,Open Images V7,train,Ben Furneaux,CC BY 2.0,https://www.flickr.com/photos/benfurneaux/256763645
oi_0f993d56be2c0a28.jpg,Open Images V7,val,John Lambert Pearson,CC BY 2.0,https://www.flickr.com/photos/orphanjones/821915343
oi_0f9efbc6fe4324b2.jpg,Open Images V7,val,Maureen,CC BY 2.0,https://www.flickr.com/photos/amerune/16226454
oi_0faa5fad1d34416b.jpg,Open Images V7,train,Don Richards,CC BY 2.0,https://www.flickr.com/photos/highlander411/3521934575
oi_0fafa18d1f2a83d1.jpg,Open Images V7,train,Brad Topar,CC BY 2.0,https://www.flickr.com/photos/bradtopar/15342190587/
oi_0fb5245152db2f45.jpg,Open Images V7,train,Baltimore County Public Library,CC BY 2.0,https://www.flickr.com/photos/bcplphoto/12656490854
oi_0fbd05ae04ad16f3.jpg,Open Images V7,train,andrew bishop,CC BY 2.0,https://www.flickr.com/photos/giantrobot/4154387337
oi_0fbe189a7c453c40.jpg,Open Images V7,train,Virginia State Parks,CC BY 2.0,https://www.flickr.com/photos/vastateparksstaff/19113178809
oi_0fc17f624f11512b.jpg,Open Images V7,train,Simon Shek,CC BY 2.0,https://www.flickr.com/photos/simon_shek/580613183
oi_0fc5e961736b04dd.jpg,Open Images V7,val,New Brunswick Tourism,CC BY 2.0,https://www.flickr.com/photos/tourismnewbrunswick/6053806293
oi_0fc67e8f056bc7a9.jpg,Open Images V7,val,gchampeau,CC BY 2.0,https://www.flickr.com/photos/gchampeau/8047227882/
oi_0fc9c39c0088fb44.jpg,Open Images V7,val,Réseau Framasoft,CC BY 2.0,https://www.flickr.com/photos/framapix/481045072
oi_0fcf642211933c96.jpg,Open Images V7,val,Derrick Moreno,CC BY 2.0,https://www.flickr.com/photos/dmoreno/889052038
oi_0fd0c080e68a917b.jpg,Open Images V7,test,Michelle Milla,CC BY 2.0,https://www.flickr.com/photos/michellemilla/7241931074
oi_0fd2d68e379a1670.jpg,Open Images V7,val,Birgit Juel  Martinsen,CC BY 2.0,https://www.flickr.com/photos/martinsen-jordenrundt/5415861858
oi_0fe27a6e5ebe5852.jpg,Open Images V7,train,Purple Slog,CC BY 2.0,https://www.flickr.com/photos/purpleslog/1953961898
oi_0fe85dc78a7deebb.jpg,Open Images V7,train,Chief Trent,CC BY 2.0,https://www.flickr.com/photos/texese/148762504
oi_0ff01489e29e8264.jpg,Open Images V7,train,Frontierofficial,CC BY 2.0,https://www.flickr.com/photos/frontierofficial/16855597830
oi_0ffccd33d286597e.jpg,Open Images V7,train,"red, white, and black eyes forever",CC BY 2.0,https://www.flickr.com/photos/pcrean/5193832250
oi_1000963bf929cfc4.jpg,Open Images V7,train,GoToVan,CC BY 2.0,https://www.flickr.com/photos/gotovan/8553076243
oi_1000b5fe04f78886.jpg,Open Images V7,train,Orin Zebest,CC BY 2.0,https://www.flickr.com/photos/orinrobertjohn/5528300579
oi_1001939572d1ccc4.jpg,Open Images V7,train,Peter Corbett,CC BY 2.0,https://www.flickr.com/photos/ptc24/446388558
oi_100c1b2e7889b842.jpg,Open Images V7,val,kuhnmi,CC BY 2.0,https://www.flickr.com/photos/31176607@N05/10350947773
oi_100cfdfa289820ea.jpg,Open Images V7,train,Kei Muratagawa,CC BY 2.0,https://www.flickr.com/photos/muratagawa/15973314001
oi_100d8c7c56fc072b.jpg,Open Images V7,train,benketaro,CC BY 2.0,https://www.flickr.com/photos/misskei/4289712676
oi_101534687c8f5d84.jpg,Open Images V7,train,Gregg Tavares,CC BY 2.0,https://www.flickr.com/photos/greggman/12808118483
oi_1015cbb0042ef3b8.jpg,Open Images V7,train,momo,CC BY 2.0,https://www.flickr.com/photos/kudumomo/2353877117
oi_101c092c503975c1.jpg,Open Images V7,train,oliver.dodd,CC BY 2.0,https://www.flickr.com/photos/oliverdodd/14666631365
oi_101cbacbb143bfd5.jpg,Open Images V7,train,David Ohmer,CC BY 2.0,https://www.flickr.com/photos/the-o/984839893
oi_101d97e0fae5e419.jpg,Open Images V7,test,Jim G,CC BY 2.0,https://www.flickr.com/photos/jimg944/6655435689
oi_10247d537817342f.jpg,Open Images V7,train,Lenore Edman,CC BY 2.0,https://www.flickr.com/photos/lenore-m/5980423084
oi_102af76171426c29.jpg,Open Images V7,train,Post Memes,CC BY 2.0,https://www.flickr.com/photos/postmemes/15537134146
oi_102d66d51a75afa6.jpg,Open Images V7,val,Dave Hoover,CC BY 2.0,https://www.flickr.com/photos/redsquirrel/6836113785
oi_10409680683fc241.jpg,Open Images V7,train,Polar Cruises,CC BY 2.0,https://www.flickr.com/photos/polarphotos/5962043925
oi_1042754361dc5091.jpg,Open Images V7,train,Diego Cavichiolli Carbone,CC BY 2.0,https://www.flickr.com/photos/dccarbone/4264609292
oi_1045aff99382a053.jpg,Open Images V7,train,NOAA Photo Library,CC BY 2.0,https://www.flickr.com/photos/noaaphotolib/5102520099
oi_10576f9a74228fcb.jpg,Open Images V7,train,Jaysmark,CC BY 2.0,https://www.flickr.com/photos/jaysmark/15163202643
oi_1059a2f42f612fbc.jpg,Open Images V7,train,elainne_dickinson,CC BY 2.0,https://www.flickr.com/photos/elainnedickinson/460942856
oi_1066e7d5f860f1f9.jpg,Open Images V7,train,Danny Chapman,CC BY 2.0,https://www.flickr.com/photos/11152520@N03/1341946351/
oi_1067cf7c080ca1d6.jpg,Open Images V7,train,Marc Veraart,CC BY 2.0,https://www.flickr.com/photos/marcveraart/2758798603
oi_1070430b03a27789.jpg,Open Images V7,train,Paul Reynolds,CC BY 2.0,https://www.flickr.com/photos/bigtallguy/7054948971
oi_107c48584330feeb.jpg,Open Images V7,train,Hjalmar Gislason,CC BY 2.0,https://www.flickr.com/photos/hjallig/558374838
oi_107f87286b2e5b11.jpg,Open Images V7,train,UCFFool,CC BY 2.0,https://www.flickr.com/photos/ucffool/8061004597
oi_107fefbad04b7d8c.jpg,Open Images V7,train,Claire,CC BY 2.0,https://www.flickr.com/photos/seabass_london/263282054
oi_1081852d289bebf6.jpg,Open Images V7,train,ctsnow,CC BY 2.0,https://www.flickr.com/photos/ctsnow/1852519109
oi_1087d70120acfb36.jpg,Open Images V7,train,nakimusi,CC BY 2.0,http://www.flickr.com/photo.gne?short=5tBL3z
oi_10899f25befe8ad6.jpg,Open Images V7,train,Reedz Malik,CC BY 2.0,https://www.flickr.com/photos/anakbrunei/7095015887
oi_1095a86c7c18a28e.jpg,Open Images V7,train,Glen Edelson,CC BY 2.0,https://www.flickr.com/photos/glenirah/4894137296
oi_10967dec1b4b698e.jpg,Open Images V7,train,Christopher Michel,CC BY 2.0,https://www.flickr.com/photos/cmichel67/8369569335
oi_10989ab0e3f2de3f.jpg,Open Images V7,test,GoToVan,CC BY 2.0,https://www.flickr.com/photos/gotovan/11071747483
oi_10a698a9e71371ca.jpg,Open Images V7,val,Joseph Morris,CC BY 2.0,https://www.flickr.com/photos/josephmorris/14782573195
oi_10a7aacdab66fc2a.jpg,Open Images V7,train,Leimenide,CC BY 2.0,https://www.flickr.com/photos/24350382@N07/8036940971
oi_10abe5ad09e2cd03.jpg,Open Images V7,val,A.Davey,CC BY 2.0,https://www.flickr.com/photos/adavey/813437128
oi_10b314d41b4187b6.jpg,Open Images V7,val,Ishwar,CC BY 2.0,https://www.flickr.com/photos/mojosaurus/569240457
oi_10b3ae7ca1c16d5e.jpg,Open Images V7,train,Renzelle Mae Abasolo,CC BY 2.0,https://www.flickr.com/photos/maehabasolo/10494889073
oi_10c049699cf39568.jpg,Open Images V7,test,Fabian Reinwald,CC BY 2.0,https://www.flickr.com/photos/fabian_reinwald/2630625329
oi_10ce4ce90d283d99.jpg,Open Images V7,train,LaneG,CC BY 2.0,https://www.flickr.com/photos/laneg/209743060
oi_10d5f7326348078b.jpg,Open Images V7,train,Jared,CC BY 2.0,https://www.flickr.com/photos/jared422/7157582869
oi_10d9e614b67a4f31.jpg,Open Images V7,train,Christian Newton,CC BY 2.0,https://www.flickr.com/photos/cnewtoncom/350099085
oi_10e329cc666e8c16.jpg,Open Images V7,val,Diego Torres Silvestre,CC BY 2.0,https://www.flickr.com/photos/3336/17664720
oi_10e3b32fe4a9dea3.jpg,Open Images V7,train,Sean Loyless,CC BY 2.0,https://www.flickr.com/photos/haggismac/13500046403
oi_10e82548e96680f4.jpg,Open Images V7,train,Erwin Soo,CC BY 2.0,https://www.flickr.com/photos/erwin_soo/8662378857
oi_10eaddc1074d2049.jpg,Open Images V7,val,liimus,CC BY 2.0,https://www.flickr.com/photos/liimus/8592384812
oi_10ed4becd0640b25.jpg,Open Images V7,train,Tregde Ferie,CC BY 2.0,https://www.flickr.com/photos/tregde/15357732292
oi_10fa7566b55ce8d9.jpg,Open Images V7,train,barachihuang,CC BY 2.0,https://www.flickr.com/photos/barachi/9202238554
oi_10fc3957c0fe7d90.jpg,Open Images V7,train,Terri Bateman,CC BY 2.0,https://www.flickr.com/photos/134468672@N06/19620372323
oi_1100738889b332da.jpg,Open Images V7,train,Port of San Diego,CC BY 2.0,https://www.flickr.com/photos/portofsandiego/3359370943
oi_11021bb5978ade23.jpg,Open Images V7,test,bookfinch,CC BY 2.0,https://www.flickr.com/photos/mamsy/18353122663
oi_11055a1987239c61.jpg,Open Images V7,train,Renzelle Mae Abasolo,CC BY 2.0,https://www.flickr.com/photos/maehabasolo/9319869227
oi_11069afad5ce6a45.jpg,Open Images V7,train,Anita Ritenour,CC BY 2.0,https://www.flickr.com/photos/puliarfanita/9606241182
oi_110bfda82643183f.jpg,Open Images V7,train,Brian Gratwicke,CC BY 2.0,https://www.flickr.com/photos/briangratwicke/6181947769
oi_111137efe1890761.jpg,Open Images V7,train,eric molina,CC BY 2.0,https://www.flickr.com/photos/iamagenious/7377914564
oi_1111a28357ddc78e.jpg,Open Images V7,train,Anja Disseldorp,CC BY 2.0,https://www.flickr.com/photos/jadis1958/5775548587
oi_112701c8694affae.jpg,Open Images V7,train,Christopher Michel,CC BY 2.0,https://www.flickr.com/photos/cmichel67/21168003241
oi_1127d6f3f5e6910a.jpg,Open Images V7,train,Mike Baird,CC BY 2.0,https://www.flickr.com/photos/mikebaird/19765317245
oi_112ab32cb9afef54.jpg,Open Images V7,train,Subharnab Majumdar,CC BY 2.0,https://www.flickr.com/photos/subharnab/2095864414
oi_112c884bee8ddf1b.jpg,Open Images V7,train,Karen,CC BY 2.0,https://www.flickr.com/photos/56832361@N00/11792714613
oi_112cdb3e8abb5746.jpg,Open Images V7,val,bradleyolin,CC BY 2.0,https://www.flickr.com/photos/yarhargoat/16151545305
oi_113407e2e512f946.jpg,Open Images V7,train,Xplore Dive,CC BY 2.0,https://www.flickr.com/photos/xploredive/5110203760
oi_1136a490a5bd3097.jpg,Open Images V7,train,Jon Connell,CC BY 2.0,https://www.flickr.com/photos/ciamabue/9538804242
oi_113a64da5a40f872.jpg,Open Images V7,train,chattygd,CC BY 2.0,https://www.flickr.com/photos/36636097@N05/9273391725
oi_1143e26451f24bdd.jpg,Open Images V7,train,Jerry Kirkhart,CC BY 2.0,https://www.flickr.com/photos/jkirkhart35/3901465834
oi_114aa26239937054.jpg,Open Images V7,train,Brian Gratwicke,CC BY 2.0,https://www.flickr.com/photos/briangratwicke/6181964327
oi_114c83094233c9bc.jpg,Open Images V7,val,Luiz Eduardo,CC BY 2.0,https://www.flickr.com/photos/leduardo/3676696918
oi_11503263c65b4842.jpg,Open Images V7,train,duzzani,CC BY 2.0,https://www.flickr.com/photos/duzzani/15062650559
oi_115049285f1b2bf9.jpg,Open Images V7,val,Russell Bernice,CC BY 2.0,https://www.flickr.com/photos/russellbernice/3759665691
oi_11507f5ad4514832.jpg,Open Images V7,test,Pedro Reyna,CC BY 2.0,https://www.flickr.com/photos/thebigtable/16437821403
oi_115528727cedf9fd.jpg,Open Images V7,train,Kathy,CC BY 2.0,https://www.flickr.com/photos/44603071@N00/8394464388
oi_115f8a66ffe60a1b.jpg,Open Images V7,train,NOAA&#x27;s National Ocean Service,CC BY 2.0,https://www.flickr.com/photos/usoceangov/3749300315
oi_1160c9d0ad86cd9f.jpg,Open Images V7,val,Madeleine Deaton,CC BY 2.0,https://www.flickr.com/photos/madeleine_h/7592873152
oi_116b914c1382a3e7.jpg,Open Images V7,train,Upsilon Andromedae,CC BY 2.0,https://www.flickr.com/photos/upsand/3478719507
oi_11765239efcbaf94.jpg,Open Images V7,train,John,CC BY 2.0,https://www.flickr.com/photos/8373783@N07/2705783319
oi_117722da34c6b9c2.jpg,Open Images V7,train,Lauri Rantala,CC BY 2.0,https://www.flickr.com/photos/wstryder/2736575956
oi_1183840f373d8df2.jpg,Open Images V7,train,Eric Chan,CC BY 2.0,https://www.flickr.com/photos/maveric2003/14925750830
oi_1186f7009a77ade6.jpg,Open Images V7,train,Milestoned,CC BY 2.0,https://www.flickr.com/photos/baccharus/2686631976
oi_1189962805d48903.jpg,Open Images V7,train,Joi Ito,CC BY 2.0,https://www.flickr.com/photos/joi/5067353043
oi_11899718f876c0a3.jpg,Open Images V7,val,Virginia State Parks,CC BY 2.0,https://www.flickr.com/photos/vastateparksstaff/10559436975
oi_119a5e405e949cf0.jpg,Open Images V7,train,Wagner ROCHINK,CC BY 2.0,https://www.flickr.com/photos/rochink/4366050856/
oi_119f4faf469be7a5.jpg,Open Images V7,train,nayrb7,CC BY 2.0,https://www.flickr.com/photos/nayrb7/500361630
oi_11b428a4950cc4d5.jpg,Open Images V7,train,Sachavir,CC BY 2.0,https://www.flickr.com/photos/sachavir/3815675022
oi_11b52bd799f51159.jpg,Open Images V7,train,NOAA Photo Library,CC BY 2.0,https://www.flickr.com/photos/noaaphotolib/5077885835
oi_11b5bc07eda167d1.jpg,Open Images V7,val,Elias Levy,CC BY 2.0,https://www.flickr.com/photos/elevy/14730815577/
oi_11b8fb040956d35f.jpg,Open Images V7,val,SaraYeomans,CC BY 2.0,https://www.flickr.com/photos/yeomans/81212516/
oi_11c18a1141bf7e0d.jpg,Open Images V7,train,JD,CC BY 2.0,https://www.flickr.com/photos/jdbaskin/14401403004
oi_11c2e332267517b6.jpg,Open Images V7,train,Boris Kasimov,CC BY 2.0,https://www.flickr.com/photos/kasio69/11654500655
oi_11de8c37e7b0c10e.jpg,Open Images V7,train,Chris Lester,CC BY 2.0,https://www.flickr.com/photos/moonstoneportrait/101296728
oi_11e123f6ea614d26.jpg,Open Images V7,train,ume-y,CC BY 2.0,https://www.flickr.com/photos/ume-y/5768049299
oi_11f158e4118f3b52.jpg,Open Images V7,train,www.GlynLowe.com,CC BY 2.0,https://www.flickr.com/photos/glynlowe/7697257532
oi_11f7e518267cf3ea.jpg,Open Images V7,train,Faris Algosaibi,CC BY 2.0,https://www.flickr.com/photos/siraf72/9243795107
oi_11f8ae53e19a5406.jpg,Open Images V7,train,Michela Simoncini,CC BY 2.0,https://www.flickr.com/photos/comunicati/1251425149/
oi_120852cf49aa56a9.jpg,Open Images V7,train,Steve Slater,CC BY 2.0,https://www.flickr.com/photos/wildlife_encounters/15143037147
oi_1210d61a78f30069.jpg,Open Images V7,val,Mike Lizzi,CC BY 2.0,https://www.flickr.com/photos/ragingmike/4344427721
oi_121aa5c09bca4bed.jpg,Open Images V7,val,Lyn Gateley,CC BY 2.0,https://www.flickr.com/photos/lyng883/3646556652
oi_121b11a05411a5a7.jpg,Open Images V7,train,Cliff Cooper,CC BY 2.0,https://www.flickr.com/photos/dizfunk/6947913069
oi_12219d252fce4fc1.jpg,Open Images V7,train,Muhammad Mansour,CC BY 2.0,https://www.flickr.com/photos/triplemimg/19752950204
oi_12259ea0b92b47b7.jpg,Open Images V7,test,Sarah Sammis,CC BY 2.0,https://www.flickr.com/photos/pussreboots/15363032202
oi_1226a273624144dc.jpg,Open Images V7,train,Purple Slog,CC BY 2.0,https://www.flickr.com/photos/purpleslog/1953198733
oi_122af1acc6f77f1a.jpg,Open Images V7,train,Roberto Verzo,CC BY 2.0,https://www.flickr.com/photos/verzo/1561243470
oi_1231a1b32bb75087.jpg,Open Images V7,val,Jean-Claude Langevin,CC BY 2.0,https://www.flickr.com/photos/97608429@N03/9309336040
oi_12330d0d7e24dcc1.jpg,Open Images V7,val,NOAA Photo Library,CC BY 2.0,https://www.flickr.com/photos/noaaphotolib/5103131248
oi_123a4ddad1a7c2ea.jpg,Open Images V7,train,Peter Shanks,CC BY 2.0,https://www.flickr.com/photos/botheredbybees/4355967432
oi_123f31c844f9eba2.jpg,Open Images V7,train,Rojer,CC BY 2.0,https://www.flickr.com/photos/rojer/4873504479
oi_1248dce9f2a15304.jpg,Open Images V7,train,Gobierno del Chubut,CC BY 2.0,https://www.flickr.com/photos/gobiernodelchubut/2863174466
oi_12530c2986f8b7bc.jpg,Open Images V7,train,Clinton &amp; Charles Robertson,CC BY 2.0,https://www.flickr.com/photos/dad_and_clint/2787348085
oi_125514c12249b2b6.jpg,Open Images V7,train,nomis-simon,CC BY 2.0,https://www.flickr.com/photos/nomissimon/16094290512
oi_12564d7656befd29.jpg,Open Images V7,val,Liza,CC BY 2.0,https://www.flickr.com/photos/lizadaly/15138787161
oi_125bb06a4e16f2ed.jpg,Open Images V7,train,Emran Kassim,CC BY 2.0,https://www.flickr.com/photos/emrank/2474226285
oi_125c9849d584cf28.jpg,Open Images V7,train,Rob Dingwall,CC BY 2.0,https://www.flickr.com/photos/robertdingwall/201484279
oi_126a7d149b17d901.jpg,Open Images V7,val,James Niland,CC BY 2.0,https://www.flickr.com/photos/bareego/6829761947
oi_1273575d0168ea5e.jpg,Open Images V7,train,David Skinner,CC BY 2.0,https://www.flickr.com/photos/branestawm/11209757864
oi_127979e836f6b5cc.jpg,Open Images V7,test,Chris Feser,CC BY 2.0,https://www.flickr.com/photos/feserc/3099762353
oi_127f3d7d08e54b55.jpg,Open Images V7,val,Bill McChesney,CC BY 2.0,https://www.flickr.com/photos/bsabarnowl/4452414541/
oi_1280a9bade12a828.jpg,Open Images V7,val,Chris Pearson,CC BY 2.0,https://www.flickr.com/photos/chrispearson72/2377436716
oi_1282f26370c6189e.jpg,Open Images V7,train,gmg_zero3,CC BY 2.0,https://www.flickr.com/photos/gmg_zero3/2415518738
oi_12872f9c78839b7d.jpg,Open Images V7,train,Andy Hay,CC BY 2.0,https://www.flickr.com/photos/andyhay/15842705410
oi_128e977945e44657.jpg,Open Images V7,train,prilfish,CC BY 2.0,https://www.flickr.com/photos/silkebaron/5370662342
oi_12a1d8e91d413738.jpg,Open Images V7,train,Cambodia4kids.org Beth Kanter,CC BY 2.0,https://www.flickr.com/photos/cambodia4kidsorg/4226542623
oi_12bc8823b0329365.jpg,Open Images V7,train,Mike Baird,CC BY 2.0,https://www.flickr.com/photos/mikebaird/5396886631
oi_12bc9c089ae77a28.jpg,Open Images V7,train,Nadya Peek,CC BY 2.0,https://www.flickr.com/photos/nadya/4252404618
oi_12bd03fcd2b32e0f.jpg,Open Images V7,test,John Regan,CC BY 2.0,https://www.flickr.com/photos/jprjr/14878696986
oi_12bda06325f0a5e4.jpg,Open Images V7,train,UNED Universidad Nacional de Educación a Distancia,CC BY 2.0,https://www.flickr.com/photos/uned/5558509810
oi_12be9d3bb4588eb2.jpg,Open Images V7,test,4Shooks,CC BY 2.0,https://www.flickr.com/photos/23812246@N04/14846389686
oi_12c5dbd3713aef82.jpg,Open Images V7,train,Murphy Chen,CC BY 2.0,https://www.flickr.com/photos/10739750@N08/14872429103
oi_12c770a9bc540c37.jpg,Open Images V7,val,Britt Reints,CC BY 2.0,https://www.flickr.com/photos/emmandevin/8088296147
oi_12c87d60a1899dfa.jpg,Open Images V7,train,Jeremy T. Hetzel,CC BY 2.0,https://www.flickr.com/photos/jthetzel/14802226572
oi_12d269defa2ba99c.jpg,Open Images V7,train,Anita Ritenour,CC BY 2.0,https://www.flickr.com/photos/puliarfanita/9592732147
oi_12d33274c0a8a311.jpg,Open Images V7,val,Paul Sableman,CC BY 2.0,https://www.flickr.com/photos/pasa/9222912105
oi_12d41f412a6cfdce.jpg,Open Images V7,train,Phalinn Ooi,CC BY 2.0,https://www.flickr.com/photos/phalinn/14613586117
oi_12d628937a2e3072.jpg,Open Images V7,test,Kevin Cabral,CC BY 2.0,https://www.flickr.com/photos/133479973@N02/19562928446
oi_12d729fd0dce2e72.jpg,Open Images V7,test,Dallas Krentzel,CC BY 2.0,https://www.flickr.com/photos/31867959@N04/6011806511
oi_12d7a82bd911c40e.jpg,Open Images V7,test,Jennifer Aitkens,CC BY 2.0,https://www.flickr.com/photos/molajen/404360044
oi_12e85951334b6969.jpg,Open Images V7,train,Maria Ly,CC BY 2.0,https://www.flickr.com/photos/mariachily/373011012
oi_12e9743848073957.jpg,Open Images V7,train,Thomas Kriese,CC BY 2.0,https://www.flickr.com/photos/thomaspix/14932210460
oi_12ee4bf30b3c52ea.jpg,Open Images V7,train,Fred von Lohmann,CC BY 2.0,https://www.flickr.com/photos/vonlohmann/504647243
oi_12ef1102d87c3bb8.jpg,Open Images V7,val,David Hill,CC BY 2.0,https://www.flickr.com/photos/dehill/8702084405
oi_12f05183f4362297.jpg,Open Images V7,train,NOAA Photo Library,CC BY 2.0,https://www.flickr.com/photos/noaaphotolib/9718016900
oi_12fbbc2bee6928af.jpg,Open Images V7,train,Brian Gratwicke,CC BY 2.0,https://www.flickr.com/photos/briangratwicke/14625153239
oi_13078e4a76b72434.jpg,Open Images V7,val,Warren Talbot,CC BY 2.0,https://www.flickr.com/photos/marriedwithluggage/5527775980
oi_131dc3c0e84146aa.jpg,Open Images V7,train,Masayuki Takaku,CC BY 2.0,https://www.flickr.com/photos/yukita/4654427
oi_1325debedb00c0cb.jpg,Open Images V7,val,myorange Taipei,CC BY 2.0,https://www.flickr.com/photos/myorange/14479497/
oi_13279a52aeaf2f29.jpg,Open Images V7,train,ERIC FORGET,CC BY 2.0,https://www.flickr.com/photos/tarchamps/4001349251
oi_132d8912cf2ebbef.jpg,Open Images V7,train,Mark Doliner,CC BY 2.0,https://www.flickr.com/photos/markdoliner/15590390881
oi_133ba6244a74d0d0.jpg,Open Images V7,train,Elin Palmgren,CC BY 2.0,https://www.flickr.com/photos/elinpalmgren/6315844376/
oi_133de7ccad6f1c57.jpg,Open Images V7,train,mauroguanandi,CC BY 2.0,https://www.flickr.com/photos/mauroguanandi/11054709125
oi_1340bfcb74ce157e.jpg,Open Images V7,train,Pacific Southwest Region USFWS,CC BY 2.0,https://www.flickr.com/photos/usfws_pacificsw/6215055555
oi_1342e735b93cc28c.jpg,Open Images V7,train,Tony Webster,CC BY 2.0,https://www.flickr.com/photos/diversey/2084613180
oi_134a1e35de660979.jpg,Open Images V7,val,Braden Kowitz,CC BY 2.0,https://www.flickr.com/photos/kowitz/380254991
oi_134c717779b73947.jpg,Open Images V7,train,Vadim Kurland,CC BY 2.0,https://www.flickr.com/photos/vkurland/7506141840
oi_134fbea28731e044.jpg,Open Images V7,val,Erik Cleves Kristensen,CC BY 2.0,https://www.flickr.com/photos/erikkristensen/5918658840
oi_134fcf20bd39c3f7.jpg,Open Images V7,val,Serge Melki,CC BY 2.0,https://www.flickr.com/photos/sergemelki/4317045775
oi_13510374778cd628.jpg,Open Images V7,train,Mike Baird,CC BY 2.0,https://www.flickr.com/photos/mikebaird/7799826476
oi_135458d88533730f.jpg,Open Images V7,train,Aleksander Dragnes,CC BY 2.0,https://www.flickr.com/photos/adragnes/642042559
oi_135a7f6c0a4ab720.jpg,Open Images V7,train,Lisa Cyr,CC BY 2.0,https://www.flickr.com/photos/borderlys/60716316/
oi_135b78900180f572.jpg,Open Images V7,train,Christian Heilmann,CC BY 2.0,https://www.flickr.com/photos/codepo8/5987134665
oi_135c2d34f708c484.jpg,Open Images V7,train,Christopher Michel,CC BY 2.0,https://www.flickr.com/photos/cmichel67/17146767459
oi_136b66f8ef077761.jpg,Open Images V7,train,Sarah Stewart,CC BY 2.0,https://www.flickr.com/photos/sarahmstewart/2976093508/
oi_136c8d499b74c05c.jpg,Open Images V7,train,David Stanley,CC BY 2.0,https://www.flickr.com/photos/davidstanleytravel/16275445625
oi_136e9a45bee9fd5b.jpg,Open Images V7,val,andy muir,CC BY 2.0,https://www.flickr.com/photos/37589005@N04/3808008908
oi_1375188a124142aa.jpg,Open Images V7,train,Sancho McCann,CC BY 2.0,https://www.flickr.com/photos/sanchom/522828113
oi_137a610cb17d87c7.jpg,Open Images V7,train,Post Memes,CC BY 2.0,https://www.flickr.com/photos/postmemes/15117874439
oi_137e0f6b6dc276d9.jpg,Open Images V7,train,saragoldsmith,CC BY 2.0,https://www.flickr.com/photos/saragoldsmith/2895247089
oi_137f7d52265dc473.jpg,Open Images V7,train,Gerrit Huurman,CC BY 2.0,https://www.flickr.com/photos/32782129@N00/181389857
oi_1384690ccda5f1d0.jpg,Open Images V7,test,NOAA Photo Library,CC BY 2.0,https://www.flickr.com/photos/noaaphotolib/11952072143
oi_1387188001a6ed80.jpg,Open Images V7,train,David Stanley,CC BY 2.0,https://www.flickr.com/photos/davidstanleytravel/15793396170
oi_138a785388dc92b5.jpg,Open Images V7,train,Leandro Coelho,CC BY 2.0,https://www.flickr.com/photos/jemps/8769134917
oi_138ba3da5459fbcc.jpg,Open Images V7,val,Ramchandran Maharajapuram,CC BY 2.0,https://www.flickr.com/photos/me_ram/3115397748
oi_13937ab020c69808.jpg,Open Images V7,train,Marcus Pink,CC BY 2.0,https://www.flickr.com/photos/kompott/8468080121
oi_13943a24232f34c9.jpg,Open Images V7,val,Yannick Vernet,CC BY 2.0,https://www.flickr.com/photos/yannick_vernet/17112042679
oi_1399292a6113d511.jpg,Open Images V7,train,Christopher Michel,CC BY 2.0,https://www.flickr.com/photos/cmichel67/4173405268
oi_1399d03b7f92efa0.jpg,Open Images V7,test,Jerry Kirkhart,CC BY 2.0,https://www.flickr.com/photos/jkirkhart35/423767585
oi_139c8f488fa4e05b.jpg,Open Images V7,train,Christopher Michel,CC BY 2.0,https://www.flickr.com/photos/cmichel67/16436258001
oi_139d0ab35e2049aa.jpg,Open Images V7,train,Anna  Barnett,CC BY 2.0,https://www.flickr.com/photos/anna-barnett/4459523898
oi_13ba67901100abe7.jpg,Open Images V7,train,A.Davey,CC BY 2.0,https://www.flickr.com/photos/adavey/4121717289
oi_13bc5bae2922fe90.jpg,Open Images V7,val,"Jim, the Photographer",CC BY 2.0,https://www.flickr.com/photos/jcapaldi/6656466421
oi_13c8c9a010dfe5af.jpg,Open Images V7,train,Celso  Abreu,CC BY 2.0,https://www.flickr.com/photos/celsoabreu/4568690477
oi_13cfa47d3d11658a.jpg,Open Images V7,train,Jamie Lantzy,CC BY 2.0,https://www.flickr.com/photos/jlantzy/2699900146
oi_13d20bc9a8174a7f.jpg,Open Images V7,train,Calgary Reviews,CC BY 2.0,https://www.flickr.com/photos/calgaryreviews/8522198393
oi_13d3988302d4d883.jpg,Open Images V7,train,vagabondvince310,CC BY 2.0,https://www.flickr.com/photos/vagabondvince/5994882215
oi_13d9565008acfe03.jpg,Open Images V7,test,NOAA Photo Library,CC BY 2.0,https://www.flickr.com/photos/noaaphotolib/5188117562
oi_13db9ef2f8e6934a.jpg,Open Images V7,val,in-boulder,CC BY 2.0,https://www.flickr.com/photos/inboulder/4258691470
oi_13e404c2cf19f0b2.jpg,Open Images V7,test,Jacob Gordon,CC BY 2.0,https://www.flickr.com/photos/jacobg/2959763725
oi_13e6ac5429a402e2.jpg,Open Images V7,train,David Shane,CC BY 2.0,https://www.flickr.com/photos/david_shane/5944269720
oi_13ec85788ad82904.jpg,Open Images V7,train,sandrafdzh,CC BY 2.0,https://www.flickr.com/photos/sandrasays/8151598426
oi_13f00477fd28e4dc.jpg,Open Images V7,train,LASZLO ILYES,CC BY 2.0,https://www.flickr.com/photos/laszlo-photo/188003604
oi_13f3d6aa67b36e50.jpg,Open Images V7,test,fto mizno,CC BY 2.0,https://www.flickr.com/photos/ftomiz/8444401808
oi_13f48c40f418ac01.jpg,Open Images V7,train,NOAA Photo Library,CC BY 2.0,https://www.flickr.com/photos/noaaphotolib/5187511257
oi_13f501ff26212bfc.jpg,Open Images V7,train,Rev Stan,CC BY 2.0,https://www.flickr.com/photos/revstan/11087871303
oi_13f56a531d900ea4.jpg,Open Images V7,test,Brian Gratwicke,CC BY 2.0,https://www.flickr.com/photos/briangratwicke/7081533269
oi_13fc4644a8764d91.jpg,Open Images V7,val,Allie_Caulfield,CC BY 2.0,https://www.flickr.com/photos/wm_archiv/2718380336
oi_13ffc1038a07ab05.jpg,Open Images V7,train,EOL Learning and Education Group,CC BY 2.0,https://www.flickr.com/photos/44919417@N04/4598971734
oi_1401f356ccd29c5c.jpg,Open Images V7,val,Derek Keats,CC BY 2.0,https://www.flickr.com/photos/dkeats/6642558513
oi_1402eb6581c49b7b.jpg,Open Images V7,val,Stuart Marsh,CC BY 2.0,https://www.flickr.com/photos/beardygeek/2387180483
oi_1404113c33b155ca.jpg,Open Images V7,train,Shane Adams,CC BY 2.0,https://www.flickr.com/photos/ishane/4782211624
oi_140c1d57c6893d69.jpg,Open Images V7,train,Jon Acuna,CC BY 2.0,https://www.flickr.com/photos/96104980@N04/19598800123
oi_14133aa07e6184f9.jpg,Open Images V7,train,Steve C,CC BY 2.0,https://www.flickr.com/photos/chtifiun/7773207076
oi_1426235f741140bf.jpg,Open Images V7,train,Gildardo Sánchez,CC BY 2.0,https://www.flickr.com/photos/gildardo/9178931921
oi_14288d36a1ea70fd.jpg,Open Images V7,train,David Merrett,CC BY 2.0,https://www.flickr.com/photos/davehamster/15708046793
oi_142f67b1829b8b95.jpg,Open Images V7,train,benketaro,CC BY 2.0,https://www.flickr.com/photos/misskei/4289846226
oi_1431c2e8d33c73e7.jpg,Open Images V7,test,Lindsey Nicholson,CC BY 2.0,https://www.flickr.com/photos/linznicholson/6736079587
oi_1436b8baf1d67e0b.jpg,Open Images V7,train,California Department of Fish and Wildlife,CC BY 2.0,https://www.flickr.com/photos/californiadfg/6022596466
oi_14389b90d7274512.jpg,Open Images V7,train,Wilfred Hdez,CC BY 2.0,https://www.flickr.com/photos/wilfred_hdez/15031040684
oi_143aa73e911f1935.jpg,Open Images V7,train,Minda Haas Kuhlmann,CC BY 2.0,https://www.flickr.com/photos/mindahaas/15694313673/
oi_143dc5a0647cd47b.jpg,Open Images V7,train,Jamie Matos,CC BY 2.0,https://www.flickr.com/photos/128774610@N06/15645073478
oi_14406d416f1f414d.jpg,Open Images V7,train,Brian Norwood,CC BY 2.0,https://www.flickr.com/photos/bnorwood/2758269448
oi_144327698f2a71ae.jpg,Open Images V7,train,bfick,CC BY 2.0,https://www.flickr.com/photos/ficken/2102509664
oi_1443e990dc2137d9.jpg,Open Images V7,train,Henry Zbyszynski,CC BY 2.0,https://www.flickr.com/photos/hankzby/18906358381
oi_14494be22999a0a3.jpg,Open Images V7,test,karlnorling,CC BY 2.0,https://www.flickr.com/photos/karlnorling/9529850541
oi_14495c29853627ea.jpg,Open Images V7,test,Jonathan Martin,CC BY 2.0,https://www.flickr.com/photos/dryodora/9658717473
oi_145771c5b297645e.jpg,Open Images V7,train,Lakshmi Sawitri,CC BY 2.0,https://www.flickr.com/photos/elsaw/10020603935
oi_145d4dfc5855c862.jpg,Open Images V7,train,Tammy Lo,CC BY 2.0,https://www.flickr.com/photos/tammylo/8027857665
oi_1461be21601f7e6d.jpg,Open Images V7,train,Jim G,CC BY 2.0,https://www.flickr.com/photos/jimg944/5994307026/
oi_1476798af4a23ff5.jpg,Open Images V7,train,Lyn Gateley,CC BY 2.0,https://www.flickr.com/photos/lyng883/3655396159
oi_1477a5f171017ea5.jpg,Open Images V7,test,Brian Norwood,CC BY 2.0,https://www.flickr.com/photos/bnorwood/2773051947
oi_147c3794bc00272f.jpg,Open Images V7,test,NOAA Photo Library,CC BY 2.0,https://www.flickr.com/photos/noaaphotolib/11468566683
oi_147f58220cbdd249.jpg,Open Images V7,val,James Abbott,CC BY 2.0,https://www.flickr.com/photos/jamesabbott1963/16234964906
oi_14817f383777b6ab.jpg,Open Images V7,train,Cindy Devin,CC BY 2.0,https://www.flickr.com/photos/cindydevin/17410777225
oi_149437f0cfd5fd3e.jpg,Open Images V7,test,Nam LaMore,CC BY 2.0,https://www.flickr.com/photos/nlamore/8100826
oi_149545403c1d0ecc.jpg,Open Images V7,train,prilfish,CC BY 2.0,https://www.flickr.com/photos/silkebaron/4786630288
oi_149a8e31b4a2dfbf.jpg,Open Images V7,train,Cliff,CC BY 2.0,https://www.flickr.com/photos/nostri-imago/2948759402
oi_14a762f303696c89.jpg,Open Images V7,train,Sarah,CC BY 2.0,https://www.flickr.com/photos/dm-set/2824945060
oi_14a8119c2822de61.jpg,Open Images V7,train,Brad Flickinger,CC BY 2.0,https://www.flickr.com/photos/56155476@N08/8213122963
oi_14af9d60a283fe41.jpg,Open Images V7,train,Jon Roig,CC BY 2.0,https://www.flickr.com/photos/runnr_az/12898024633
oi_14b79b241455769c.jpg,Open Images V7,train,Dan Perry,CC BY 2.0,https://www.flickr.com/photos/golf_pictures/5148568709
oi_14c6a7ae32f0e04f.jpg,Open Images V7,val,Jeremy Keith,CC BY 2.0,https://www.flickr.com/photos/adactio/459388082
oi_14ce83bf10974c81.jpg,Open Images V7,train,Phalinn Ooi,CC BY 2.0,https://www.flickr.com/photos/phalinn/2510462565
oi_14da075cb2527643.jpg,Open Images V7,val,Marlin Lum,CC BY 2.0,https://www.flickr.com/photos/marlinphoto/3574537513
oi_14eeced8ad0bbc8a.jpg,Open Images V7,train,Ed Bierman,CC BY 2.0,https://www.flickr.com/photos/edbierman/3557324330
oi_14f1a79b28baed75.jpg,Open Images V7,train,Dan4th Nicholas,CC BY 2.0,https://www.flickr.com/photos/dan4th/483866876
oi_14f22acdb738e48d.jpg,Open Images V7,train,Commodore Gandalf Cunningham,CC BY 2.0,https://www.flickr.com/photos/gandalfcunningham/5295189943
oi_14f634d40f301f2f.jpg,Open Images V7,train,Graham and Sheila,CC BY 2.0,https://www.flickr.com/photos/grahamandsheila/9014143128
oi_14f6ad027030fefc.jpg,Open Images V7,test,heartbeaz,CC BY 2.0,https://www.flickr.com/photos/martl/3215235002
oi_14f949867b6a79e2.jpg,Open Images V7,val,flowcomm,CC BY 2.0,https://www.flickr.com/photos/flowcomm/8753485931
oi_14fe9dc03ad38cbd.jpg,Open Images V7,train,Toshinori Kawate,CC BY 2.0,https://www.flickr.com/photos/kawataso/14518457957
oi_1503345129572d14.jpg,Open Images V7,val,Rob Loftis,CC BY 2.0,https://www.flickr.com/photos/77913019@N00/14635676982
oi_1510981852fbe3b1.jpg,Open Images V7,val,Mike Baird,CC BY 2.0,https://www.flickr.com/photos/mikebaird/9489403027
oi_1514018df28c5953.jpg,Open Images V7,train,prilfish,CC BY 2.0,https://www.flickr.com/photos/silkebaron/3501118029
oi_151d927e7bff7a80.jpg,Open Images V7,train,Daniella Vereeken,CC BY 2.0,https://www.flickr.com/photos/betta-online/1555554916
oi_1522677a14add9a6.jpg,Open Images V7,train,J. Simmons,CC BY 2.0,https://www.flickr.com/photos/jedibfa/9727781676
oi_152e152b96f8d817.jpg,Open Images V7,val,Anne Meadows,CC BY 2.0,https://www.flickr.com/photos/ameadows/2379326997
oi_153004741391e3b0.jpg,Open Images V7,train,Pablo Mera,CC BY 2.0,https://www.flickr.com/photos/musaship/2583445978
oi_15326defbc9d634c.jpg,Open Images V7,train,Christopher Michel,CC BY 2.0,https://www.flickr.com/photos/cmichel67/16081908227
oi_153736d1877dbce7.jpg,Open Images V7,val,Caulier Gilles,CC BY 2.0,https://www.flickr.com/photos/digikam/4232352116
oi_1547ad4f7c28906e.jpg,Open Images V7,val,logan kahle,CC BY 2.0,https://www.flickr.com/photos/46812934@N04/14705877655
oi_154b36dc25dfa468.jpg,Open Images V7,train,Suvodeb Banerjee,CC BY 2.0,https://www.flickr.com/photos/suvodeb/4675687228
oi_1555a5ba35eca1cf.jpg,Open Images V7,train,Don Richards,CC BY 2.0,https://www.flickr.com/photos/highlander411/3521713629
oi_1560313cd8a028cb.jpg,Open Images V7,train,Daniella Vereeken,CC BY 2.0,https://www.flickr.com/photos/betta-online/1552149644
oi_156174c453dd6b38.jpg,Open Images V7,train,Fernando Gustavo Mayo,CC BY 2.0,https://www.flickr.com/photos/gusty10/8523667267
oi_1563bed0c57f9774.jpg,Open Images V7,val,Rojer,CC BY 2.0,https://www.flickr.com/photos/rojer/4891927406
oi_1566f0e412149e52.jpg,Open Images V7,train,JoshBerglund19,CC BY 2.0,https://www.flickr.com/photos/tyrian123/479207210
oi_1569a564b78eb44f.jpg,Open Images V7,train,gordon.milligan,CC BY 2.0,https://www.flickr.com/photos/el-milligano/8016864758
oi_156c564ede532770.jpg,Open Images V7,train,Ian Lee,CC BY 2.0,https://www.flickr.com/photos/ian02054/5873857251
oi_157136c0692d5c19.jpg,Open Images V7,test,A.Davey,CC BY 2.0,https://www.flickr.com/photos/adavey/4122710960
oi_15745dd687723d37.jpg,Open Images V7,train,Garry Knight,CC BY 2.0,https://www.flickr.com/photos/garryknight/4860127655
oi_1576e8d458d75738.jpg,Open Images V7,train,Cambodia4kids.org Beth Kanter,CC BY 2.0,https://www.flickr.com/photos/cambodia4kidsorg/11539624654
oi_157fa1dd8669079c.jpg,Open Images V7,train,Frontierofficial,CC BY 2.0,https://www.flickr.com/photos/frontierofficial/15487987377
oi_1584103bd86d77ac.jpg,Open Images V7,train,NOAA PMEL,CC BY 2.0,https://www.flickr.com/photos/noaa-pmel/19841389236
oi_15843468992c595a.jpg,Open Images V7,val,q phia,CC BY 2.0,https://www.flickr.com/photos/q-phia/13570586673
oi_1587ce06bf960bfd.jpg,Open Images V7,train,Louisiana Sea Grant College Program Louisiana State University,CC BY 2.0,https://www.flickr.com/photos/88158121@N00/12601471975
oi_158815b3dcff22ab.jpg,Open Images V7,train,Matt Tillett,CC BY 2.0,https://www.flickr.com/photos/mattyfioner/1175494222
oi_15952c001bcb9053.jpg,Open Images V7,train,sunchild123,CC BY 2.0,https://www.flickr.com/photos/sunchild123/10246972195
oi_15953cf5858b2755.jpg,Open Images V7,train,ictheostega,CC BY 2.0,https://www.flickr.com/photos/ictheostega/3669456817
oi_159b1df33650cc9a.jpg,Open Images V7,train,Marko Kudjerski,CC BY 2.0,https://www.flickr.com/photos/marko8904/17063706078
oi_15a4b675d42da868.jpg,Open Images V7,train,Makuahine Pa&#x27;i Ki&#x27;i,CC BY 2.0,https://www.flickr.com/photos/hawaii-mcgraths/1740190642
oi_15af47e8aa33c667.jpg,Open Images V7,train,Selena N. B. H.,CC BY 2.0,https://www.flickr.com/photos/moonlightbulb/14840368707
oi_15b01c4a77e80563.jpg,Open Images V7,test,Jennifer Murawski,CC BY 2.0,https://www.flickr.com/photos/jmurawski/488291075
oi_15bfaeb8708b91c8.jpg,Open Images V7,test,Brian Gratwicke,CC BY 2.0,https://www.flickr.com/photos/briangratwicke/6790465450
oi_15ca54ba7de6a198.jpg,Open Images V7,test,Brandon,CC BY 2.0,https://www.flickr.com/photos/tigercatbrandon/7974687433
oi_15cb948f59e73da6.jpg,Open Images V7,train,Jim G,CC BY 2.0,https://www.flickr.com/photos/jimg944/16857562446
oi_15d003907fa14bd5.jpg,Open Images V7,train,William Warby,CC BY 2.0,https://www.flickr.com/photos/wwarby/6964030142
oi_15d4ed5ee2cf92c5.jpg,Open Images V7,train,merec0,CC BY 2.0,https://www.flickr.com/photos/merec0/7000740645
oi_15d8254ded0f11f7.jpg,Open Images V7,train,kimubert,CC BY 2.0,https://www.flickr.com/photos/treevillage/18578203194
oi_15de0a16f1dc1129.jpg,Open Images V7,train,Kanko*,CC BY 2.0,https://www.flickr.com/photos/kankan/19828574
oi_15e0a5204d0574ae.jpg,Open Images V7,train,jim,CC BY 2.0,https://www.flickr.com/photos/jimsnapper/466148687
oi_15e6f318093e1004.jpg,Open Images V7,train,Chief Trent,CC BY 2.0,https://www.flickr.com/photos/texese/148761710
oi_15e72113e2841bab.jpg,Open Images V7,val,bp6316,CC BY 2.0,https://www.flickr.com/photos/bp6316/7582637506
oi_15f228feddfd471c.jpg,Open Images V7,test,Katatonic28,CC BY 2.0,https://www.flickr.com/photos/midwestkimchee/2430604829
oi_15f9088ef126b25b.jpg,Open Images V7,train,Mike Charest,CC BY 2.0,https://www.flickr.com/photos/mikecharest/15880694297
oi_15fa2c1633ee58c7.jpg,Open Images V7,train,robposse,CC BY 2.0,https://www.flickr.com/photos/51274664@N06/6837144443
oi_15fc1a4a16051bf7.jpg,Open Images V7,train,tomislav medak,CC BY 2.0,https://www.flickr.com/photos/tomislavmedak/6772163021
oi_160fb8cd92c58c87.jpg,Open Images V7,train,Dom Crossley,CC BY 2.0,https://www.flickr.com/photos/flashcurd/3843023283
oi_1611453c9b788fd1.jpg,Open Images V7,train,David Amsler,CC BY 2.0,https://www.flickr.com/photos/amslerpix/7762032896
oi_16147e10a94b5dc0.jpg,Open Images V7,train,ajari,CC BY 2.0,https://www.flickr.com/photos/ajari/2974414907
oi_1621a2cdeaccc729.jpg,Open Images V7,train,William Warby,CC BY 2.0,https://www.flickr.com/photos/wwarby/19447833340
oi_1641c90c75c812a7.jpg,Open Images V7,train,dom fellowes,CC BY 2.0,https://www.flickr.com/photos/domfell/15908059152
oi_164b19fd957d705d.jpg,Open Images V7,train,A.Davey,CC BY 2.0,https://www.flickr.com/photos/adavey/901485051
oi_164b4b8fca95c472.jpg,Open Images V7,train,shankar s.,CC BY 2.0,https://www.flickr.com/photos/shankaronline/7987416477
oi_1658002429bbc026.jpg,Open Images V7,train,U.S. Department of Agriculture,CC BY 2.0,https://www.flickr.com/photos/usdagov/22320572811
oi_1659eb06d45146f3.jpg,Open Images V7,train,Polar Cruises,CC BY 2.0,https://www.flickr.com/photos/polarphotos/4679967373
oi_165ebe62199e6446.jpg,Open Images V7,train,Karri Huhtanen,CC BY 2.0,https://www.flickr.com/photos/damork/9171264211
oi_166396f3bff4fd2d.jpg,Open Images V7,train,Marco,CC BY 2.0,https://www.flickr.com/photos/foqus/2009471663
oi_16690f97d58cbb95.jpg,Open Images V7,train,Archangel12,CC BY 2.0,https://www.flickr.com/photos/archangel12/15223052585
oi_16692615e75377f4.jpg,Open Images V7,train,Morten Skogly,CC BY 2.0,https://www.flickr.com/photos/mskogly/340287602
oi_1673d240b7498bdf.jpg,Open Images V7,val,Sam Beebe,CC BY 2.0,https://www.flickr.com/photos/sbeebe/6998621903
oi_1674a2d9519406d8.jpg,Open Images V7,train,Albert Plawinski,CC BY 2.0,https://www.flickr.com/photos/albertplawinski/14362127583
oi_16789568f7139e73.jpg,Open Images V7,train,Emran Kassim,CC BY 2.0,https://www.flickr.com/photos/emrank/2534509049
oi_167beebc8ebdf0a5.jpg,Open Images V7,train,Betsy Weber,CC BY 2.0,https://www.flickr.com/photos/betsyweber/56778990
oi_167c8df83e54005a.jpg,Open Images V7,train,Victor Gregory,CC BY 2.0,https://www.flickr.com/photos/casanovapacifista/2784038519
oi_168118cb3bd69577.jpg,Open Images V7,train,James St. John,CC BY 2.0,https://www.flickr.com/photos/jsjgeology/16167498881
oi_1681ac7148a9f0b1.jpg,Open Images V7,val,James St. John,CC BY 2.0,https://www.flickr.com/photos/jsjgeology/15967467829
oi_16836185f5edff19.jpg,Open Images V7,train,timquijano,CC BY 2.0,https://www.flickr.com/photos/timquijano/5335583560
oi_1683b16573c65c04.jpg,Open Images V7,train,Giò,CC BY 2.0,https://www.flickr.com/photos/pixelspin/7800639068/
oi_1685064bcf645d4a.jpg,Open Images V7,train,Martin Pettitt,CC BY 2.0,https://www.flickr.com/photos/mdpettitt/9006087870
oi_168a6b7bea180827.jpg,Open Images V7,test,stef bemba,CC BY 2.0,https://www.flickr.com/photos/110973116@N08/14194328857
oi_1690fbcc02a5409b.jpg,Open Images V7,val,Paul Downey,CC BY 2.0,https://www.flickr.com/photos/psd/14319064
oi_169cf58b98573ab5.jpg,Open Images V7,train,Shinichi Haramizu,CC BY 2.0,https://www.flickr.com/photos/haramizu3/5128224154
oi_169ff993192484df.jpg,Open Images V7,val,Ed Bierman,CC BY 2.0,https://www.flickr.com/photos/edbierman/2806826553
oi_16a5f6dde55ee4af.jpg,Open Images V7,train,mriggen,CC BY 2.0,https://www.flickr.com/photos/riggenransom/5677302411
oi_16ad315a477c73cf.jpg,Open Images V7,train,Jim G,CC BY 2.0,https://www.flickr.com/photos/jimg944/2953192949
oi_16ad731d2aadc77b.jpg,Open Images V7,train,James Brooks,CC BY 2.0,https://www.flickr.com/photos/jkbrooks85/14322969232
oi_16b1d8fcb55b1462.jpg,Open Images V7,train,Karen,CC BY 2.0,https://www.flickr.com/photos/56832361@N00/791990188
oi_16c071b22545092e.jpg,Open Images V7,train,cheeseslave,CC BY 2.0,https://www.flickr.com/photos/ammichaels/14743035495
oi_16c6c927b4e1efda.jpg,Open Images V7,val,NOAA Photo Library,CC BY 2.0,https://www.flickr.com/photos/noaaphotolib/9678443533
oi_16c9c39e372c2dcd.jpg,Open Images V7,train,Thomas Kriese,CC BY 2.0,https://www.flickr.com/photos/thomaspix/15132368972
oi_16cc6568fcfe8d31.jpg,Open Images V7,train,Dmitry Baranovskiy,CC BY 2.0,https://www.flickr.com/photos/dmitry-baranovskiy/406366402
oi_16d5dd45b7f1702a.jpg,Open Images V7,train,eGuide Travel,CC BY 2.0,https://www.flickr.com/photos/eguidetravel/8058715493
oi_16e68498ffeccc04.jpg,Open Images V7,test,The Official CTBTO Photostream,CC BY 2.0,https://www.flickr.com/photos/ctbto/3817529488
oi_16e9f3fed3ea3aed.jpg,Open Images V7,test,TANAKA Juuyoh (田中十洋),CC BY 2.0,https://www.flickr.com/photos/tanaka_juuyoh/3367636898
oi_16ee489fd020bb26.jpg,Open Images V7,train,ms.akr,CC BY 2.0,https://www.flickr.com/photos/msakr/5530176714/
oi_16f5fef0b0a99b97.jpg,Open Images V7,test,USFWS - Pacific Region,CC BY 2.0,https://www.flickr.com/photos/usfwspacific/5762688377
oi_16fc40439789c346.jpg,Open Images V7,train,Phalinn Ooi,CC BY 2.0,https://www.flickr.com/photos/phalinn/13820627703/
oi_16fd59239aea44d2.jpg,Open Images V7,val,The_Gut,CC BY 2.0,https://www.flickr.com/photos/frogbelly/1368226469
oi_16fd7ae23f375d91.jpg,Open Images V7,train,Biodiversity Heritage Library,CC BY 2.0,https://www.flickr.com/photos/biodivlibrary/7051210679
oi_17032bee4c42e654.jpg,Open Images V7,train,gailhampshire,CC BY 2.0,https://www.flickr.com/photos/gails_pictures/8475069051
oi_1703858aefd5533c.jpg,Open Images V7,train,BenLucier,CC BY 2.0,https://www.flickr.com/photos/blucier/6222796871
oi_170801ce5fa7e043.jpg,Open Images V7,test,DncnH,CC BY 2.0,https://www.flickr.com/photos/duncanh1/15033033521
oi_17088950a443e314.jpg,Open Images V7,train,Greg Schechter,CC BY 2.0,https://www.flickr.com/photos/gregthebusker/8037426264
oi_170a064d257d79b8.jpg,Open Images V7,test,Fraser Cairns,CC BY 2.0,https://www.flickr.com/photos/catsncarp/1407893632
oi_170c1a9c518d2093.jpg,Open Images V7,train,Jakub Zimny,CC BY 2.0,https://www.flickr.com/photos/129136417@N04/15394095723
oi_170c3d2bf217ca25.jpg,Open Images V7,train,Nathan Forget,CC BY 2.0,https://www.flickr.com/photos/nathanf/12961189035
oi_1711c181b5e4d4e1.jpg,Open Images V7,train,Andrea Pravettoni,CC BY 2.0,https://www.flickr.com/photos/andreaprave/3093429988
oi_1718cf984fbdf36f.jpg,Open Images V7,train,David Blaikie,CC BY 2.0,https://www.flickr.com/photos/nikonvscanon/5866373339
oi_1718e149a99e84d1.jpg,Open Images V7,train,Murray Barnes,CC BY 2.0,https://www.flickr.com/photos/aeu04117/757077176
oi_171caa868f931c2b.jpg,Open Images V7,train,Brian Snelson,CC BY 2.0,https://www.flickr.com/photos/exfordy/5217724745
oi_1722636aa984182a.jpg,Open Images V7,train,Tristan Ferne,CC BY 2.0,https://www.flickr.com/photos/tristanf/5873481117
oi_17256b2896f38b75.jpg,Open Images V7,train,Hafiz Issadeen,CC BY 2.0,https://www.flickr.com/photos/yimhafiz/4820937781
oi_1728ad190d76dd58.jpg,Open Images V7,train,oliver.dodd,CC BY 2.0,https://www.flickr.com/photos/oliverdodd/8357128386
oi_173bc0ab47c414b6.jpg,Open Images V7,test,Allen Ormond,CC BY 2.0,https://www.flickr.com/photos/fromrocks/569783787
oi_173fb5ef6cbf61fe.jpg,Open Images V7,train,Donnie Nunley,CC BY 2.0,https://www.flickr.com/photos/dbnunley/9739034466
oi_174f39145eb903f9.jpg,Open Images V7,train,israeltourism,CC BY 2.0,https://www.flickr.com/photos/visitisrael/7005757439
oi_1757eaec8524d885.jpg,Open Images V7,test,The Pug Father,CC BY 2.0,https://www.flickr.com/photos/fleur-design/458562940
oi_175c6791a3f07424.jpg,Open Images V7,train,Travelbag Ltd,CC BY 2.0,https://www.flickr.com/photos/98585738@N07/9237185481
oi_175df01abddc9c46.jpg,Open Images V7,val,Lakshmi Sawitri,CC BY 2.0,https://www.flickr.com/photos/elsaw/5556221574
oi_176cab0ed59d8813.jpg,Open Images V7,train,Kathleen Franklin,CC BY 2.0,https://www.flickr.com/photos/kathycsus/2495860783
oi_176d18fbf18bb5ae.jpg,Open Images V7,train,David,CC BY 2.0,https://www.flickr.com/photos/davidw/2307229740
oi_177081e0a5ba4c22.jpg,Open Images V7,val,Biodiversity Heritage Library,CC BY 2.0,https://www.flickr.com/photos/biodivlibrary/6961838697
oi_177524837220e63f.jpg,Open Images V7,val,Christopher Michel,CC BY 2.0,https://www.flickr.com/photos/cmichel67/16013085498
oi_1775a71e8fbaaa9f.jpg,Open Images V7,train,Acronimen,CC BY 2.0,https://www.flickr.com/photos/23279780@N00/284502246
oi_177ca7a9727f73c4.jpg,Open Images V7,val,Rick McCharles,CC BY 2.0,https://www.flickr.com/photos/rickmccharles/6890828161
oi_177d84c93f687110.jpg,Open Images V7,val,Edmund Garman,CC BY 2.0,https://www.flickr.com/photos/3cl/3716203096
oi_1780382e00a3dcc3.jpg,Open Images V7,val,Allie_Caulfield,CC BY 2.0,https://www.flickr.com/photos/wm_archiv/6747779121
oi_1780eaeb905e5433.jpg,Open Images V7,train,Alberto Otero García,CC BY 2.0,https://www.flickr.com/photos/albertoog/17127126117
oi_178e3b5e4ef85144.jpg,Open Images V7,val,Jerry,CC BY 2.0,https://www.flickr.com/photos/way2go/8811396022
oi_17a4e7c349403648.jpg,Open Images V7,train,Mikko Koponen,CC BY 2.0,https://www.flickr.com/photos/mtkopone/4190196187
oi_17a809ee5c9b5b4d.jpg,Open Images V7,train,Chris Johnston,CC BY 2.0,https://www.flickr.com/photos/31387329@N07/12058714113
oi_17aff5af90d29dcd.jpg,Open Images V7,train,Fatima,CC BY 2.0,https://www.flickr.com/photos/idibal/15524946311
oi_17b3db845334a824.jpg,Open Images V7,train,NOAA Photo Library,CC BY 2.0,https://www.flickr.com/photos/noaaphotolib/5036399325
oi_17ba653be0f8c2fd.jpg,Open Images V7,train,A.Davey,CC BY 2.0,https://www.flickr.com/photos/adavey/4150283483
oi_17c0493ab118d5e0.jpg,Open Images V7,train,Frontierofficial,CC BY 2.0,https://www.flickr.com/photos/frontierofficial/15204027729
oi_17c08efd9fd1bdd6.jpg,Open Images V7,train,Andreas Ahrens,CC BY 2.0,https://www.flickr.com/photos/eiolos/11350001203
oi_17c2d113f4b7931f.jpg,Open Images V7,train,NOAA Photo Library,CC BY 2.0,https://www.flickr.com/photos/noaaphotolib/9784352576
oi_17c6e60cdd018bb6.jpg,Open Images V7,val,Joi Ito,CC BY 2.0,https://www.flickr.com/photos/joi/6526701499
oi_17d16ba089c6d52b.jpg,Open Images V7,train,karlafg,CC BY 2.0,https://www.flickr.com/photos/53316112@N00/16414648318
oi_17d8e470189f7667.jpg,Open Images V7,train,Stuart Chapman,CC BY 2.0,https://www.flickr.com/photos/99353930@N00/5600781776
oi_17dc329636812592.jpg,Open Images V7,train,Graham Richardson,CC BY 2.0,https://www.flickr.com/photos/didbygraham/3110690540
oi_17dd7fa432516c09.jpg,Open Images V7,test,Kačka a Ondra,CC BY 2.0,https://www.flickr.com/photos/14548166@N03/5333031968
oi_17e04697077f24af.jpg,Open Images V7,test,NOAA Photo Library,CC BY 2.0,https://www.flickr.com/photos/noaaphotolib/9718101970
oi_17e1713d57666984.jpg,Open Images V7,val,Jerry Kirkhart,CC BY 2.0,https://www.flickr.com/photos/jkirkhart35/6821549273
oi_17e425d6ce5cc59d.jpg,Open Images V7,train,neekoh.fi,CC BY 2.0,https://www.flickr.com/photos/neekohfi/7817760542
oi_17e7ce91efe204d3.jpg,Open Images V7,train,Brian Norwood,CC BY 2.0,https://www.flickr.com/photos/bnorwood/2757519367
oi_17e8a331e6f01736.jpg,Open Images V7,train,Brian Gratwicke,CC BY 2.0,https://www.flickr.com/photos/briangratwicke/7108173803
oi_17eee2d40ed82e9c.jpg,Open Images V7,train,Moosealope,CC BY 2.0,https://www.flickr.com/photos/8510057@N02/5400292954
oi_180bfbc132d67212.jpg,Open Images V7,val,Tim Parkinson,CC BY 2.0,https://www.flickr.com/photos/timparkinson/2305354874/
oi_181d0cb283b9058e.jpg,Open Images V7,train,Miran  Rijavec,CC BY 2.0,https://www.flickr.com/photos/miran/2299753044
oi_181e2dc7c8ef0a59.jpg,Open Images V7,train,Josh Hallett,CC BY 2.0,https://www.flickr.com/photos/hyku/357726845
oi_181fb238f60d5ac7.jpg,Open Images V7,val,James Cridland,CC BY 2.0,https://www.flickr.com/photos/jamescridland/3074511872
oi_1821fb7eba4f9482.jpg,Open Images V7,train,Travelbag Ltd,CC BY 2.0,https://www.flickr.com/photos/98585738@N07/9237181579
oi_18290d5e36ce480f.jpg,Open Images V7,test,Fred von Lohmann,CC BY 2.0,https://www.flickr.com/photos/vonlohmann/504621850
oi_18296fad628c888e.jpg,Open Images V7,train,IvanWalsh.com,CC BY 2.0,https://www.flickr.com/photos/ivanwalsh/4225444594
oi_1836f310f27d3fb8.jpg,Open Images V7,val,Michael Bentley,CC BY 2.0,https://www.flickr.com/photos/donhomer/13849140734
oi_183e662cbb413fcd.jpg,Open Images V7,test,Eric Fleming,CC BY 2.0,https://www.flickr.com/photos/efleming/3495711808
oi_183f3653a4223374.jpg,Open Images V7,train,Alejandro Hernandez.,CC BY 2.0,https://www.flickr.com/photos/ace_0f_magic/3340585922
oi_183fca58be3b7b12.jpg,Open Images V7,val,Derek Keats,CC BY 2.0,https://www.flickr.com/photos/dkeats/5199118888
oi_18413e88fc2b4d6c.jpg,Open Images V7,train,Mike Baird,CC BY 2.0,https://www.flickr.com/photos/mikebaird/4788421198
oi_1841b789d682b009.jpg,Open Images V7,train,McKay Savage,CC BY 2.0,https://www.flickr.com/photos/mckaysavage/9976140946
oi_185bb32224ef9ffe.jpg,Open Images V7,train,Su--May,CC BY 2.0,https://www.flickr.com/photos/su-may/15218631778
oi_185ff9791339c94f.jpg,Open Images V7,train,Derek Keats,CC BY 2.0,https://www.flickr.com/photos/dkeats/6328925911
oi_1868a6d4d49e573f.jpg,Open Images V7,train,Mike Baird,CC BY 2.0,https://www.flickr.com/photos/mikebaird/6764308137
oi_186d484f3837233c.jpg,Open Images V7,train,FromSandToGlass,CC BY 2.0,https://www.flickr.com/photos/ericabreetoe/7271716298
oi_1874729fae0c9030.jpg,Open Images V7,test,Luigi Mengato,CC BY 2.0,https://www.flickr.com/photos/luigimengato/6178895844
oi_18749ff842eb6d94.jpg,Open Images V7,train,Alan Turkus,CC BY 2.0,https://www.flickr.com/photos/aturkus/485882427
oi_18757a503ae052f1.jpg,Open Images V7,val,Reedz Malik,CC BY 2.0,https://www.flickr.com/photos/anakbrunei/7095015787
oi_1878b0035573df8f.jpg,Open Images V7,test,Kārlis Dambrāns,CC BY 2.0,https://www.flickr.com/photos/janitors/15608147109
oi_18814d7dbf529dec.jpg,Open Images V7,train,Justin Henry,CC BY 2.0,https://www.flickr.com/photos/zappowbang/161125484
oi_1898c48ae98ac4dd.jpg,Open Images V7,train,Robert Nyman,CC BY 2.0,https://www.flickr.com/photos/robertnyman/16229529072
oi_189da97f2a765257.jpg,Open Images V7,val,NOAA&#x27;s National Ocean Service,CC BY 2.0,https://www.flickr.com/photos/usoceangov/5818274164
oi_189e87fff43d11ec.jpg,Open Images V7,val,Lyn Gateley,CC BY 2.0,https://www.flickr.com/photos/lyng883/3366576928
oi_18a687fc7f3e4ec1.jpg,Open Images V7,train,Mike Baird,CC BY 2.0,https://www.flickr.com/photos/mikebaird/4758561130
oi_18aac1798911bdcc.jpg,Open Images V7,val,Alexander Cahlenstein,CC BY 2.0,https://www.flickr.com/photos/tusken91/19757342859
oi_18ab1553fccb525a.jpg,Open Images V7,val,Paul Asman and Jill Lenoble,CC BY 2.0,https://www.flickr.com/photos/pauljill/3460962970
oi_18ab15e1a8ed542d.jpg,Open Images V7,val,saragoldsmith,CC BY 2.0,https://www.flickr.com/photos/saragoldsmith/2895260465
oi_18addc5ba6444134.jpg,Open Images V7,train,Jay Galvin,CC BY 2.0,https://www.flickr.com/photos/jaygalvin/5545308805
oi_18b50c62f8a1890b.jpg,Open Images V7,train,NRDC pix,CC BY 2.0,https://www.flickr.com/photos/nrdcpix/5590304246
oi_18b9b4fd22aad59b.jpg,Open Images V7,val,Christopher Michel,CC BY 2.0,https://www.flickr.com/photos/cmichel67/12703683133
oi_18ba21edf5baf632.jpg,Open Images V7,val,Fred von Lohmann,CC BY 2.0,https://www.flickr.com/photos/vonlohmann/4208765329
oi_18bafbea6cc57a84.jpg,Open Images V7,train,Mike Baird,CC BY 2.0,https://www.flickr.com/photos/mikebaird/5282305090
oi_18bbd03a831c646f.jpg,Open Images V7,train,NOAA Photo Library,CC BY 2.0,https://www.flickr.com/photos/noaaphotolib/5187317123
oi_18c75e1034ccd6f4.jpg,Open Images V7,train,David Saddler,CC BY 2.0,https://www.flickr.com/photos/80502454@N00/1259207031
oi_18d583c96f2ad5a0.jpg,Open Images V7,test,Tony Alter,CC BY 2.0,https://www.flickr.com/photos/78428166@N00/9656418441
oi_18e41c80f74dc337.jpg,Open Images V7,train,Javier Ignacio Acuña Ditzel,CC BY 2.0,https://www.flickr.com/photos/santoposmoderno/8377980469
oi_18e65e1e4fd5d02a.jpg,Open Images V7,test,Tras los Muros,CC BY 2.0,https://www.flickr.com/photos/traslosmuros/14724726047
oi_18e660e83b824e50.jpg,Open Images V7,train,daita saru,CC BY 2.0,https://www.flickr.com/photos/daita/13281836334
oi_18f6486f5f580b34.jpg,Open Images V7,train,Mike Baird,CC BY 2.0,https://www.flickr.com/photos/mikebaird/348178157
oi_18fa67ce04fb0d1d.jpg,Open Images V7,train,Brooke Novak,CC BY 2.0,https://www.flickr.com/photos/brookenovak/774554822
oi_1905b6f37bfd0a85.jpg,Open Images V7,test,senov,CC BY 2.0,https://www.flickr.com/photos/busbong/4978449265
oi_190a0b236fc06c9e.jpg,Open Images V7,train,Lyn Gateley,CC BY 2.0,https://www.flickr.com/photos/lyng883/3366585624
oi_19152385765d5849.jpg,Open Images V7,test,Laszlo Daroczy,CC BY 2.0,https://www.flickr.com/photos/xoranus/16879981622/
oi_1917a9b0d11fc8a9.jpg,Open Images V7,train,Jim G,CC BY 2.0,https://www.flickr.com/photos/jimg944/3644405587
oi_192076c48b9e7bef.jpg,Open Images V7,train,Joanne,CC BY 2.0,https://www.flickr.com/photos/cuyahogajco/8607252549
oi_19218e8c9afe9edc.jpg,Open Images V7,train,tribp,CC BY 2.0,https://www.flickr.com/photos/82088316@N05/8624906288
oi_1927faf8d09b4612.jpg,Open Images V7,train,sheilapic76,CC BY 2.0,https://www.flickr.com/photos/53344659@N05/4978423837
oi_192a3652eba76a62.jpg,Open Images V7,train,Lowell Hendrix,CC BY 2.0,https://www.flickr.com/photos/ldhendrix/5654683524
oi_192f77a544fec681.jpg,Open Images V7,val,Fraser Cairns,CC BY 2.0,https://www.flickr.com/photos/catsncarp/1581223823
oi_19300ac71bb197ae.jpg,Open Images V7,train,Shelly Prevost,CC BY 2.0,https://www.flickr.com/photos/photogism/19249424634
oi_1931389ae5c00c04.jpg,Open Images V7,train,Jake Archibald,CC BY 2.0,https://www.flickr.com/photos/jaffathecake/17119674802
oi_193282b0a2341091.jpg,Open Images V7,train,Daniella Vereeken,CC BY 2.0,https://www.flickr.com/photos/betta-online/1560362943
oi_1932fe401472cbff.jpg,Open Images V7,train,Tom Hughes-Croucher,CC BY 2.0,https://www.flickr.com/photos/sh1mmer/2471553676
oi_1937900893473df6.jpg,Open Images V7,test,Ruth Hartnup,CC BY 2.0,https://www.flickr.com/photos/ruthanddave/2820828167
oi_193eb25db5045968.jpg,Open Images V7,val,danjo paluska,CC BY 2.0,https://www.flickr.com/photos/sixmilliondollardan/3488012638
oi_19410bcc6d6f9e56.jpg,Open Images V7,train,Andrew Chambers,CC BY 2.0,https://www.flickr.com/photos/ozzyphotopro/15649460254/
oi_19414a619daf6336.jpg,Open Images V7,train,Joi Ito,CC BY 2.0,https://www.flickr.com/photos/joi/4878790001
oi_19507c61646b30c7.jpg,Open Images V7,train,Jim Whimpey,CC BY 2.0,https://www.flickr.com/photos/jimwhimpey/1222006877
oi_1958d80af3cb1492.jpg,Open Images V7,train,brownpau,CC BY 2.0,https://www.flickr.com/photos/brownpau/4726037061
oi_195ab2dc4071dc05.jpg,Open Images V7,val,tangi bertin,CC BY 2.0,https://www.flickr.com/photos/tangi_bertin/17459791103
oi_195ab673f49137c1.jpg,Open Images V7,train,Steren Giannini,CC BY 2.0,https://www.flickr.com/photos/steren/5074216113
oi_195add2dd6c27c72.jpg,Open Images V7,val,Amanjeev,CC BY 2.0,https://www.flickr.com/photos/amanjeev/9586019666
oi_195da929caf4ccc1.jpg,Open Images V7,train,Audrey,CC BY 2.0,https://www.flickr.com/photos/audreyjm529/4721669663
oi_1977442188629e6f.jpg,Open Images V7,train,Tim Buss,CC BY 2.0,https://www.flickr.com/photos/timbuss/9389084000
oi_19804240cd0e5b50.jpg,Open Images V7,val,Derek Hatfield,CC BY 2.0,https://www.flickr.com/photos/loimere/115882998
oi_19a9571a3ab26b0b.jpg,Open Images V7,train,NOAA Photo Library,CC BY 2.0,https://www.flickr.com/photos/noaaphotolib/9717657428
oi_19aa3566c1995958.jpg,Open Images V7,test,jomilo75,CC BY 2.0,https://www.flickr.com/photos/jomilo75/522557121
oi_19aa4ef86456290b.jpg,Open Images V7,train,Martin Pettitt,CC BY 2.0,https://www.flickr.com/photos/mdpettitt/455606091
oi_19aaeb0db8722820.jpg,Open Images V7,train,David Mellis,CC BY 2.0,https://www.flickr.com/photos/mellis/13984780
oi_19b5b308a0117c2a.jpg,Open Images V7,train,A.Davey,CC BY 2.0,https://www.flickr.com/photos/adavey/4108458401
oi_19bfdddc5619c3f0.jpg,Open Images V7,test,Erik Charlton,CC BY 2.0,https://www.flickr.com/photos/erikcharlton/317988020
oi_19bff44f019f1ddd.jpg,Open Images V7,val,Warren Talbot,CC BY 2.0,https://www.flickr.com/photos/marriedwithluggage/5564649535
oi_19ca8d4f19b87b3f.jpg,Open Images V7,train,William Warby,CC BY 2.0,https://www.flickr.com/photos/wwarby/8191560226
oi_19d0622f7717cc9a.jpg,Open Images V7,train,brownpau,CC BY 2.0,https://www.flickr.com/photos/brownpau/4726038085
oi_19df7e9a3c9e3dcc.jpg,Open Images V7,val,Farhan Perdana (Blek),CC BY 2.0,https://www.flickr.com/photos/black_claw/5363686282
oi_19e83ff62241dcda.jpg,Open Images V7,train,Aaron Logan,CC BY 2.0,https://www.flickr.com/photos/lightmatter/3282457532/
oi_19f250282a1ed8b3.jpg,Open Images V7,train,Cathy T,CC BY 2.0,https://www.flickr.com/photos/misschatter/3334778522
oi_19f5d01c744f9847.jpg,Open Images V7,train,Michael R Perry,CC BY 2.0,https://www.flickr.com/photos/michaelrperry/16827786452
oi_19f8e79c79963424.jpg,Open Images V7,train,Ron Knight,CC BY 2.0,https://www.flickr.com/photos/sussexbirder/8074712205
oi_19fa2d75ee5ef0e3.jpg,Open Images V7,test,Mark Evans,CC BY 2.0,https://www.flickr.com/photos/chimothy27/3642461818
oi_19fc68d0545d9199.jpg,Open Images V7,train,Pacific Southwest Region USFWS,CC BY 2.0,https://www.flickr.com/photos/usfws_pacificsw/5411432331
oi_19fd560a40a008e5.jpg,Open Images V7,train,City.and.Color,CC BY 2.0,https://www.flickr.com/photos/technicolourcity/10496768933
oi_19ff224c693b1d84.jpg,Open Images V7,train,Jérôme Decq,CC BY 2.0,https://www.flickr.com/photos/lesphotosdejerome/5297505803
oi_1a051d0366881c97.jpg,Open Images V7,test,Thomas Kriese,CC BY 2.0,https://www.flickr.com/photos/thomaspix/14932180579
oi_1a0a3c8febf35090.jpg,Open Images V7,test,Moto &quot;Club4AG&quot; Miwa,CC BY 2.0,https://www.flickr.com/photos/moto_club4ag/4922737980
oi_1a0c2aab672833f8.jpg,Open Images V7,test,Steve Jurvetson,CC BY 2.0,https://www.flickr.com/photos/jurvetson/3614039
oi_1a14918598afc83a.jpg,Open Images V7,train,TauchSport_Steininger,CC BY 2.0,https://www.flickr.com/photos/tauchsport-steininger/4625061937
oi_1a17b7ea4c431232.jpg,Open Images V7,train,Tyler Yeo,CC BY 2.0,https://www.flickr.com/photos/tylermyeo/8063354190
oi_1a1b0bcfeb7cfcb0.jpg,Open Images V7,test,Jarrod Trainque,CC BY 2.0,https://www.flickr.com/photos/jarrodtrainque/407348303
oi_1a20ac92e2ea193f.jpg,Open Images V7,train,Allie_Caulfield,CC BY 2.0,https://www.flickr.com/photos/wm_archiv/6115119532/
oi_1a21b56e1ccad579.jpg,Open Images V7,test,Charles Roper,CC BY 2.0,https://www.flickr.com/photos/charlesroper/12141538014
oi_1a24e7fab12748f0.jpg,Open Images V7,train,Olga Pavlovsky,CC BY 2.0,https://www.flickr.com/photos/olenkaolja/3067560755
oi_1a27cbb9a2a01b6c.jpg,Open Images V7,train,Amila Tennakoon,CC BY 2.0,https://www.flickr.com/photos/lakpura/15871961451
oi_1a33ffb56d35568a.jpg,Open Images V7,val,Elias Levy,CC BY 2.0,https://www.flickr.com/photos/elevy/18997872598
oi_1a36005025d7ca56.jpg,Open Images V7,val,Zepfanman.com,CC BY 2.0,https://www.flickr.com/photos/zepfanman/2761998224
oi_1a3fbd03daac1271.jpg,Open Images V7,train,orcas.world,CC BY 2.0,https://www.flickr.com/photos/orcasworld/13141358014
oi_1a497c4132bdd638.jpg,Open Images V7,train,Yale Peabody Museum of Natural History,CC BY 2.0,https://www.flickr.com/photos/yalepeabodymuseum/14284462096/
oi_1a4a467531afcdef.jpg,Open Images V7,train,Kristin,CC BY 2.0,https://www.flickr.com/photos/kerotab/426300863
oi_1a4ecc13cd46a177.jpg,Open Images V7,val,Jay Gooby,CC BY 2.0,https://www.flickr.com/photos/jaygooby/4852992628
oi_1a51f73f96d2e88b.jpg,Open Images V7,test,Chika Watanabe,CC BY 2.0,https://www.flickr.com/photos/chikawatanabe/61157875
oi_1a53c9163d196ca6.jpg,Open Images V7,val,Christopher Michel,CC BY 2.0,https://www.flickr.com/photos/cmichel67/12389517865
oi_1a53d5ec69d04c8b.jpg,Open Images V7,val,sharifmurphy,CC BY 2.0,https://www.flickr.com/photos/91223786@N07/8399886805
oi_1a55c729a6ceb506.jpg,Open Images V7,train,Heather Cowper,CC BY 2.0,https://www.flickr.com/photos/heatheronhertravels/2415781701
oi_1a580c4eaf2c2410.jpg,Open Images V7,train,Kamillo Kluth,CC BY 2.0,https://www.flickr.com/photos/27330306@N08/3758833966
oi_1a61067f11dce18a.jpg,Open Images V7,train,Louisiana Sea Grant College Program Louisiana State University,CC BY 2.0,https://www.flickr.com/photos/88158121@N00/15597099893
oi_1a64ff13b8dcc099.jpg,Open Images V7,train,Travis,CC BY 2.0,https://www.flickr.com/photos/variationblogr/12697617395
oi_1a672e02b3461a67.jpg,Open Images V7,train,Michela Simoncini,CC BY 2.0,https://www.flickr.com/photos/comunicati/8176745788/
oi_1a78f8f22f3c6d36.jpg,Open Images V7,train,Ryosuke Hosoi,CC BY 2.0,https://www.flickr.com/photos/rhosoi/2835019125
oi_1a895bdeb8aff8a4.jpg,Open Images V7,test,CasalMALY,CC BY 2.0,https://www.flickr.com/photos/casalmaly/3458284192
oi_1a89c48011bc64f2.jpg,Open Images V7,train,Jared,CC BY 2.0,https://www.flickr.com/photos/jared422/19698547024
oi_1a8a56d8196a9318.jpg,Open Images V7,val,Dan Hershman,CC BY 2.0,https://www.flickr.com/photos/hershman/734720192
oi_1a8ddbc3255c0987.jpg,Open Images V7,val,Tyler Karaszewski,CC BY 2.0,https://www.flickr.com/photos/tylerkaraszewski/3154152552
oi_1a99aa89abe118a5.jpg,Open Images V7,train,amanderson2,CC BY 2.0,https://www.flickr.com/photos/amanderson/7342815190
oi_1a9aab49cf8149e8.jpg,Open Images V7,train,duzzani,CC BY 2.0,https://www.flickr.com/photos/duzzani/15249115322
oi_1aa77ea32ad7e632.jpg,Open Images V7,test,monkeywing,CC BY 2.0,https://www.flickr.com/photos/colinsite/2041125291
oi_1ab339d4231ca8cc.jpg,Open Images V7,test,Josh Hallett,CC BY 2.0,https://www.flickr.com/photos/hyku/357842489
oi_1abda2bb54afdeff.jpg,Open Images V7,val,Gilad Rom,CC BY 2.0,https://www.flickr.com/photos/gilad_rom/2347750603
oi_1ac4f2fa8952c1e4.jpg,Open Images V7,train,Jeremy T. Hetzel,CC BY 2.0,https://www.flickr.com/photos/jthetzel/2164672534
oi_1ac55f38938c6499.jpg,Open Images V7,train,Karen,CC BY 2.0,https://www.flickr.com/photos/56832361@N00/11792847854
oi_1ac65c6a6a060204.jpg,Open Images V7,train,Ratha Grimes,CC BY 2.0,https://www.flickr.com/photos/ratha/9188029381
oi_1ad0606170bcc3b6.jpg,Open Images V7,train,Brian Gratwicke,CC BY 2.0,https://www.flickr.com/photos/briangratwicke/7081555617
oi_1ad82c7bcb907751.jpg,Open Images V7,train,Sarafina LPS,CC BY 2.0,https://www.flickr.com/photos/sarafinalps/14629075671
oi_1add72ee14bf39cf.jpg,Open Images V7,val,J.Glenn Bauer,CC BY 2.0,https://www.flickr.com/photos/fotofings/7280920108
oi_1ae7268ff2ed81d5.jpg,Open Images V7,train,Jerry Kirkhart,CC BY 2.0,https://www.flickr.com/photos/jkirkhart35/2473213000
oi_1af45824e6869d14.jpg,Open Images V7,train,Mike Baird,CC BY 2.0,https://www.flickr.com/photos/mikebaird/9020077355
oi_1afc0f8f04bd6f25.jpg,Open Images V7,val,Kevin Jones,CC BY 2.0,https://www.flickr.com/photos/kj-an/2195774925
oi_1b0f139f0338ad11.jpg,Open Images V7,train,Laurent DELLEUR,CC BY 2.0,https://www.flickr.com/photos/67364904@N00/118703037/
oi_1b0f53069475235c.jpg,Open Images V7,train,Allie_Caulfield,CC BY 2.0,https://www.flickr.com/photos/wm_archiv/5545862387
oi_1b0f73acc68fb957.jpg,Open Images V7,train,Justin Ennis,CC BY 2.0,https://www.flickr.com/photos/averain/7860364104
oi_1b1735699f23d414.jpg,Open Images V7,test,Marit &amp; Toomas Hinnosaar,CC BY 2.0,https://www.flickr.com/photos/hinnosaar/4473795426
oi_1b1df891107fa1b6.jpg,Open Images V7,train,fto mizno,CC BY 2.0,https://www.flickr.com/photos/ftomiz/8444401574
oi_1b1eb712d8e2c95e.jpg,Open Images V7,train,Polar Cruises,CC BY 2.0,https://www.flickr.com/photos/polarphotos/4683982612
oi_1b2119f3732e08de.jpg,Open Images V7,train,Peter Mulligan,CC BY 2.0,https://www.flickr.com/photos/nagillum/1154164568
oi_1b2adae37776fe9b.jpg,Open Images V7,train,Dick Thomas Johnson,CC BY 2.0,https://www.flickr.com/photos/31029865@N06/16789316737
oi_1b2bc78123b1eb87.jpg,Open Images V7,val,NOAA Photo Library,CC BY 2.0,https://www.flickr.com/photos/noaaphotolib/5188116098
oi_1b35b71965effb6f.jpg,Open Images V7,test,Chad Kainz,CC BY 2.0,https://www.flickr.com/photos/smaedli/16969477642
oi_1b3654a7ed31ae96.jpg,Open Images V7,train,Jerry Kirkhart,CC BY 2.0,https://www.flickr.com/photos/jkirkhart35/3733771247
oi_1b42f8fc3c875bce.jpg,Open Images V7,val,José David Leiva,CC BY 2.0,https://www.flickr.com/photos/daflai/5502521689
oi_1b43f0e9a4b94d4f.jpg,Open Images V7,train,Powell Burns,CC BY 2.0,https://www.flickr.com/photos/powellburns/8904021618
oi_1b480fe908710bbf.jpg,Open Images V7,train,CHeitz,CC BY 2.0,https://www.flickr.com/photos/coreyheitzmd/8455105468
oi_1b4df5591d424ed5.jpg,Open Images V7,train,Hanumann,CC BY 2.0,https://www.flickr.com/photos/40883475@N00/5298323953
oi_1b568484b819b3c0.jpg,Open Images V7,test,Paul Asman and Jill Lenoble,CC BY 2.0,https://www.flickr.com/photos/pauljill/4675823060
oi_1b57425d92493586.jpg,Open Images V7,train,David Amsler,CC BY 2.0,https://www.flickr.com/photos/amslerpix/22371772615
oi_1b5cece26c5b1e9f.jpg,Open Images V7,train,Miguel Vieira,CC BY 2.0,https://www.flickr.com/photos/miguelvieira/5220312052
oi_1b5dc0acb615b96e.jpg,Open Images V7,train,allegro Takahi,CC BY 2.0,https://www.flickr.com/photos/allegro/39242395
oi_1b5fa3b49d6dfcdd.jpg,Open Images V7,train,Mike Shelby,CC BY 2.0,https://www.flickr.com/photos/mikeshelby/522642148
oi_1b6a3daec8093808.jpg,Open Images V7,train,Julie Pi,CC BY 2.0,https://www.flickr.com/photos/95443816@N00/1153763678
oi_1b8be42a66692fac.jpg,Open Images V7,train,Yuval Haimovits,CC BY 2.0,https://www.flickr.com/photos/yuvalh/1386174210
oi_1b959ab44e2cb2c5.jpg,Open Images V7,val,Shinji,CC BY 2.0,https://www.flickr.com/photos/cinz/30301397
oi_1b95ac5781268788.jpg,Open Images V7,train,joaquin uy,CC BY 2.0,https://www.flickr.com/photos/wakxy/868321863/
oi_1b971729aaef8b32.jpg,Open Images V7,train,A.Davey,CC BY 2.0,https://www.flickr.com/photos/adavey/3580168512
oi_1b9e40ef9da1e34b.jpg,Open Images V7,train,Mike Charest,CC BY 2.0,https://www.flickr.com/photos/mikecharest/15879169300
oi_1b9eced31ca436ef.jpg,Open Images V7,train,Cambodia4kids.org Beth Kanter,CC BY 2.0,https://www.flickr.com/photos/cambodia4kidsorg/4227289800
oi_1ba1d41158f4f942.jpg,Open Images V7,train,istolethetv,CC BY 2.0,https://www.flickr.com/photos/istolethetv/2204333077
oi_1ba9da91cb5df43a.jpg,Open Images V7,train,Paul Welding,CC BY 2.0,https://www.flickr.com/photos/paulweldingphotography/15823832631
oi_1bad5e854a78dcce.jpg,Open Images V7,train,SaraYeomans,CC BY 2.0,https://www.flickr.com/photos/yeomans/81268752
oi_1bb21b6eb0895603.jpg,Open Images V7,train,Derek Gavey,CC BY 2.0,https://www.flickr.com/photos/derekgavey/5939914169
oi_1bb2558c25ca82e5.jpg,Open Images V7,train,Biodiversity Heritage Library,CC BY 2.0,https://www.flickr.com/photos/biodivlibrary/6384871057
oi_1bb26f42a28affa3.jpg,Open Images V7,train,Robert Nunnally,CC BY 2.0,https://www.flickr.com/photos/46183897@N00/5289259324
oi_1bb2fec76da609a4.jpg,Open Images V7,train,Angell Williams,CC BY 2.0,https://www.flickr.com/photos/53357045@N02/4973039335
oi_1bb51ee735566548.jpg,Open Images V7,val,benny_bloomfield,CC BY 2.0,https://www.flickr.com/photos/benny_bloomfield/2038194961
oi_1bb6c21181997692.jpg,Open Images V7,train,Mike Baird,CC BY 2.0,https://www.flickr.com/photos/mikebaird/302576266/
oi_1bbf94bd833c6b9a.jpg,Open Images V7,train,Denis,CC BY 2.0,https://www.flickr.com/photos/boabdil45/7132986805
oi_1bd097d5c17448c6.jpg,Open Images V7,test,ChunDer Lee,CC BY 2.0,https://www.flickr.com/photos/chunder_lee/8706021913
oi_1bd4988852601bd9.jpg,Open Images V7,train,Brian Jeffery Beggerly,CC BY 2.0,https://www.flickr.com/photos/beggs/11353885474
oi_1be2ba7ecbf9c04b.jpg,Open Images V7,train,amanderson2,CC BY 2.0,https://www.flickr.com/photos/amanderson/3815450891
oi_1bea1fc34111edd3.jpg,Open Images V7,train,Mike Baird,CC BY 2.0,https://www.flickr.com/photos/mikebaird/5291858272
oi_1bf2370cc2f83428.jpg,Open Images V7,train,yaquina,CC BY 2.0,https://www.flickr.com/photos/70097310@N00/3686262330
oi_1bf8b1ad12699032.jpg,Open Images V7,train,Neeta Lind,CC BY 2.0,https://www.flickr.com/photos/neeta_lind/9317050931
oi_1bfaa7c46df8cbe1.jpg,Open Images V7,test,Andres Perez,CC BY 2.0,https://www.flickr.com/photos/an23dr77ew/15997308944
oi_1bfb9d151c9c59d3.jpg,Open Images V7,val,Jennifer Feuchter,CC BY 2.0,https://www.flickr.com/photos/jennerosity/2612505382
oi_1bff7bee09ffd4ab.jpg,Open Images V7,train,rachelbesley,CC BY 2.0,https://www.flickr.com/photos/rachelbesley/6332774694
oi_1c02e938a7e04143.jpg,Open Images V7,val,Hernán García Crespo,CC BY 2.0,https://www.flickr.com/photos/subzonica/11661511166
oi_1c04a045d94a0fb8.jpg,Open Images V7,val,Christopher Michel,CC BY 2.0,https://www.flickr.com/photos/cmichel67/3730255159
oi_1c08c075a868854d.jpg,Open Images V7,train,Naotake Murayama,CC BY 2.0,https://www.flickr.com/photos/naotakem/178175420
oi_1c09e3bcad89dc00.jpg,Open Images V7,train,bp6316,CC BY 2.0,https://www.flickr.com/photos/bp6316/7582681888
oi_1c0ac57da766f6dc.jpg,Open Images V7,train,Abhinaba Basu,CC BY 2.0,https://www.flickr.com/photos/abhinaba/7114769241
oi_1c0b5dfe9a4b8a0e.jpg,Open Images V7,train,Michael Newton,CC BY 2.0,https://www.flickr.com/photos/newton/1110518143/
oi_1c0bda1803a36acd.jpg,Open Images V7,val,Brian Gratwicke,CC BY 2.0,https://www.flickr.com/photos/briangratwicke/14831622823
oi_1c0d5e511e224902.jpg,Open Images V7,train,Andrew Parnell,CC BY 2.0,https://www.flickr.com/photos/andrewparnell/345717028
oi_1c136bdbbec8d969.jpg,Open Images V7,train,Peyman Zehtab Fard,CC BY 2.0,https://www.flickr.com/photos/peymanz/13977071690
oi_1c184c370121df35.jpg,Open Images V7,test,chee.hong,CC BY 2.0,https://www.flickr.com/photos/chleong/7031970561
oi_1c1e45570b6b9128.jpg,Open Images V7,train,Brian Gratwicke,CC BY 2.0,https://www.flickr.com/photos/briangratwicke/8502139954
oi_1c1fa1c6ed6435c3.jpg,Open Images V7,train,Rick Flores,CC BY 2.0,https://www.flickr.com/photos/ricardojesusflores/6158763270
oi_1c232bcb410d9e76.jpg,Open Images V7,train,A.Davey,CC BY 2.0,https://www.flickr.com/photos/adavey/5051562533
oi_1c28e1196c001092.jpg,Open Images V7,train,J24L,CC BY 2.0,https://www.flickr.com/photos/47209045@N03/4380470345
oi_1c2ab0b049bb0e87.jpg,Open Images V7,train,Josh Grenier,CC BY 2.0,https://www.flickr.com/photos/jdg32373/5897530109
oi_1c2ba0e4542e7d9f.jpg,Open Images V7,train,Andrea Pokrzywinski,CC BY 2.0,https://www.flickr.com/photos/andreagp/5350324509
oi_1c43b4afd9b57681.jpg,Open Images V7,train,malditofriki,CC BY 2.0,https://www.flickr.com/photos/joseptarres/16242321677
oi_1c4508d7dc99498f.jpg,Open Images V7,train,Ewen Roberts,CC BY 2.0,https://www.flickr.com/photos/donabelandewen/473252263
oi_1c46ca14b2c4cf5a.jpg,Open Images V7,val,Rinaldo Wurglitsch,CC BY 2.0,https://www.flickr.com/photos/wurglitsch/2713815681
oi_1c4f20c7d7e6faae.jpg,Open Images V7,train,California Department of Fish and Wildlife,CC BY 2.0,https://www.flickr.com/photos/californiadfg/7773814264
oi_1c550cc6c7e1f830.jpg,Open Images V7,train,Lisa Williams,CC BY 2.0,https://www.flickr.com/photos/pixellou/10663661406
oi_1c59acab792e2a1c.jpg,Open Images V7,train,Secretaria de Agricultura e Abastecimento,CC BY 2.0,https://www.flickr.com/photos/agriculturasp/5413250023
oi_1c5ef604f02f5b48.jpg,Open Images V7,train,jeff~,CC BY 2.0,https://www.flickr.com/photos/jphotos/17747162659
oi_1c5fc5200b1d22b0.jpg,Open Images V7,test,Kenny Louie,CC BY 2.0,https://www.flickr.com/photos/kwl/8737918346
oi_1c63f08e4395bdf8.jpg,Open Images V7,train,Derek Keats,CC BY 2.0,https://www.flickr.com/photos/dkeats/5759187420
oi_1c644d8d044847d3.jpg,Open Images V7,train,osseous,CC BY 2.0,https://www.flickr.com/photos/osseous/1452749715
oi_1c67608340631ebe.jpg,Open Images V7,train,Fred von Lohmann,CC BY 2.0,https://www.flickr.com/photos/vonlohmann/504628786
oi_1c6fd6bffc759e48.jpg,Open Images V7,train,Corrada,CC BY 2.0,https://www.flickr.com/photos/45241847@N07/5469273739
oi_1c7280d842e9746d.jpg,Open Images V7,train,Yuya Saito,CC BY 2.0,https://www.flickr.com/photos/studiomohawk/4982227327
oi_1c72f36f6253024f.jpg,Open Images V7,train,Mike Baird,CC BY 2.0,https://www.flickr.com/photos/mikebaird/5915047774
oi_1c74e56540c5fd32.jpg,Open Images V7,train,Jun Seita,CC BY 2.0,https://www.flickr.com/photos/jseita/5420148087
oi_1c757b8bec328495.jpg,Open Images V7,train,Chris Oakley,CC BY 2.0,https://www.flickr.com/photos/chrisoakley/6044202012
oi_1c75d407623ecfcd.jpg,Open Images V7,val,Rojer,CC BY 2.0,https://www.flickr.com/photos/rojer/4891293893
oi_1c765f16b45741ed.jpg,Open Images V7,val,Nan Palmero,CC BY 2.0,https://www.flickr.com/photos/nanpalmero/4637457356
oi_1c783517f38c80bf.jpg,Open Images V7,train,Jon-Eric Melsæter,CC BY 2.0,https://www.flickr.com/photos/jonmelsa/796196961
oi_1c80c40c7623c749.jpg,Open Images V7,train,jomilo75,CC BY 2.0,https://www.flickr.com/photos/jomilo75/504843908
oi_1c8301b59e49e787.jpg,Open Images V7,val,EOL Learning and Education Group,CC BY 2.0,https://www.flickr.com/photos/44919417@N04/5884687578
oi_1c98ec890a41a8fb.jpg,Open Images V7,train,Sam Beebe,CC BY 2.0,https://www.flickr.com/photos/sbeebe/6852493210
oi_1c9b60b89b53d797.jpg,Open Images V7,val,Tyler,CC BY 2.0,https://www.flickr.com/photos/haglundt/8582510308/
oi_1c9bc53e52ef65b4.jpg,Open Images V7,val,raider of gin,CC BY 2.0,https://www.flickr.com/photos/fairerdingo/8105075643
oi_1ca09521d94b54c6.jpg,Open Images V7,train,JeffChristiansen,CC BY 2.0,https://www.flickr.com/photos/jeffchristiansen/6986665963
oi_1ca5bc50fa331c9d.jpg,Open Images V7,train,Biodiversity Heritage Library,CC BY 2.0,https://www.flickr.com/photos/biodivlibrary/7555981672
oi_1caa6efbcd8b8976.jpg,Open Images V7,train,Christian Newton,CC BY 2.0,https://www.flickr.com/photos/cnewtoncom/350099097
oi_1caac47d587ee1de.jpg,Open Images V7,train,Robert Scoble,CC BY 2.0,https://www.flickr.com/photos/scobleizer/3165365092
oi_1cb2a4330150c4ce.jpg,Open Images V7,train,Walter Lim,CC BY 2.0,https://www.flickr.com/photos/coolinsights/5825837261
oi_1cbb868746524579.jpg,Open Images V7,val,Jim G,CC BY 2.0,https://www.flickr.com/photos/jimg944/2886601246
oi_1cc1daf847bb6048.jpg,Open Images V7,test,Gareth Simpson,CC BY 2.0,https://www.flickr.com/photos/xurble/162077559
oi_1cccf036cfb3cf6f.jpg,Open Images V7,train,Derek Keats,CC BY 2.0,https://www.flickr.com/photos/dkeats/6074209670
oi_1ccd3cd199d28434.jpg,Open Images V7,train,bernard_in_va,CC BY 2.0,https://www.flickr.com/photos/bear_in_va/4088254668
oi_1cd191535edab41f.jpg,Open Images V7,val,yeowatzup,CC BY 2.0,https://www.flickr.com/photos/yeowatzup/2820830819
oi_1cd30a05131f65a6.jpg,Open Images V7,train,abdallahh,CC BY 2.0,https://www.flickr.com/photos/husseinabdallah/3908052905
oi_1cd984dea0c682b0.jpg,Open Images V7,train,Tim Green,CC BY 2.0,https://www.flickr.com/photos/atoach/8333410577
oi_1ce072e317ef159f.jpg,Open Images V7,val,Viva Iquique weblog / www.vivaiquique.com,CC BY 2.0,https://www.flickr.com/photos/vivaiquique/5654398152
oi_1ce38eb04970bde1.jpg,Open Images V7,train,Andrea Schaffer,CC BY 2.0,https://www.flickr.com/photos/aschaf/7614136384
oi_1ce548929aa01087.jpg,Open Images V7,train,Sandip Bhattacharya,CC BY 2.0,https://www.flickr.com/photos/sandipb/14345042053
oi_1cec6dbf5bc2ff65.jpg,Open Images V7,val,Brendan Adkins,CC BY 2.0,https://www.flickr.com/photos/brendanadkins/8533428342
oi_1cee68095c8b4923.jpg,Open Images V7,test,Cat Burston,CC BY 2.0,https://www.flickr.com/photos/catt1788/15308092395
oi_1cefe936cfbc62d4.jpg,Open Images V7,val,Rojer,CC BY 2.0,https://www.flickr.com/photos/rojer/5210536599
oi_1cf88f87464eb985.jpg,Open Images V7,val,Ed Bierman,CC BY 2.0,https://www.flickr.com/photos/edbierman/5005915614/in/photostream/
oi_1cff4f9915752e95.jpg,Open Images V7,train,Shubert Ciencia,CC BY 2.0,https://www.flickr.com/photos/bigberto/3933222404
oi_1d02f9681d6e7149.jpg,Open Images V7,train,Rojer,CC BY 2.0,https://www.flickr.com/photos/rojer/4891856868
oi_1d0e41138d3a6799.jpg,Open Images V7,train,RichardBH,CC BY 2.0,https://www.flickr.com/photos/rbh/259183729
oi_1d0ff45a529846af.jpg,Open Images V7,val,gordon.milligan,CC BY 2.0,https://www.flickr.com/photos/el-milligano/15658824686
oi_1d115b61e1c8319f.jpg,Open Images V7,train,flickker photos,CC BY 2.0,https://www.flickr.com/photos/38504374@N02/3591063943
oi_1d24ae9e96329595.jpg,Open Images V7,train,Daniel Ryan,CC BY 2.0,https://www.flickr.com/photos/wdanielryan/8557140905
oi_1d2fce7e82a55d56.jpg,Open Images V7,train,Christopher Czermak,CC BY 2.0,https://www.flickr.com/photos/126951421@N05/14936045556
oi_1d310eb0ccfa9431.jpg,Open Images V7,train,Ian Griffiths,CC BY 2.0,https://www.flickr.com/photos/bladeflyer/53261569
oi_1d39b5f186c1f1e9.jpg,Open Images V7,test,Janne Hellsten,CC BY 2.0,https://www.flickr.com/photos/nurpax/3768366525
oi_1d400bb4be8b8603.jpg,Open Images V7,train,Christopher Michel,CC BY 2.0,https://www.flickr.com/photos/cmichel67/12529016084
oi_1d491a6fcbfbc1d7.jpg,Open Images V7,val,flippinyank,CC BY 2.0,https://www.flickr.com/photos/26326001@N08/10662410644
oi_1d4b1913ec3e8857.jpg,Open Images V7,train,Giorgio Nicodemo,CC BY 2.0,https://www.flickr.com/photos/lullaby_71/3666432570
oi_1d502c12cae60c03.jpg,Open Images V7,val,James St. John,CC BY 2.0,https://www.flickr.com/photos/jsjgeology/8365399088
oi_1d54c0736e4b2492.jpg,Open Images V7,test,Steve C,CC BY 2.0,https://www.flickr.com/photos/chtifiun/6819275340
oi_1d5743f019b6fb06.jpg,Open Images V7,train,Edward Kim,CC BY 2.0,https://www.flickr.com/photos/vacationpass/10596422746
oi_1d5b59910b6c56ed.jpg,Open Images V7,train,Michael Bentley,CC BY 2.0,https://www.flickr.com/photos/donhomer/6786431393
oi_1d5f711e414a3e1c.jpg,Open Images V7,train,Jolene Bertoldi,CC BY 2.0,https://www.flickr.com/photos/za-photos/7467806678
oi_1d625f803b9d0fa8.jpg,Open Images V7,test,Justin Henry,CC BY 2.0,https://www.flickr.com/photos/zappowbang/890311791
oi_1d6700dc38491571.jpg,Open Images V7,val,Kārlis Dambrāns,CC BY 2.0,https://www.flickr.com/photos/janitors/15793979735
oi_1d67d71a0fed300c.jpg,Open Images V7,train,Stefan Krasowski,CC BY 2.0,https://www.flickr.com/photos/rapidtravelchai/6085512161
oi_1d7f811d01e223b2.jpg,Open Images V7,train,prilfish,CC BY 2.0,https://www.flickr.com/photos/silkebaron/15662641440
oi_1d8060c914dcc3e7.jpg,Open Images V7,train,Jenny Brown,CC BY 2.0,https://www.flickr.com/photos/jennyellenbrown/490307498
oi_1d97fdc38c383a20.jpg,Open Images V7,val,NOAA Photo Library,CC BY 2.0,https://www.flickr.com/photos/noaaphotolib/5020400497
oi_1da563dbd0ed5ffe.jpg,Open Images V7,train,Joi Ito,CC BY 2.0,https://www.flickr.com/photos/joi/5594260097
oi_1db0b57a0feb5515.jpg,Open Images V7,train,Nils Rinaldi,CC BY 2.0,https://www.flickr.com/photos/nilsrinaldi/5157809941
oi_1db5a455389f2fcd.jpg,Open Images V7,val,Joi Ito,CC BY 2.0,https://www.flickr.com/photos/joi/5120098638
oi_1dba697dd666aacc.jpg,Open Images V7,test,Derek Keats,CC BY 2.0,https://www.flickr.com/photos/dkeats/6207740605
oi_1dc601777592f323.jpg,Open Images V7,train,Yusuke Umezawa,CC BY 2.0,https://www.flickr.com/photos/umezy12/9213257661
oi_1dcf9f57fcef73ca.jpg,Open Images V7,train,Fuzzy Gerdes,CC BY 2.0,https://www.flickr.com/photos/fuzzy/5052112673
oi_1dd889ade5bb170f.jpg,Open Images V7,train,Jerry Kirkhart,CC BY 2.0,https://www.flickr.com/photos/jkirkhart35/12671246795
oi_1dd8f46397f51563.jpg,Open Images V7,val,Polar Cruises,CC BY 2.0,https://www.flickr.com/photos/polarphotos/4684030926
oi_1dde50e30ac622f1.jpg,Open Images V7,train,rudresh_calls,CC BY 2.0,https://www.flickr.com/photos/85677269@N00/14308736688/
oi_1ddf423a85ba2809.jpg,Open Images V7,train,James St. John,CC BY 2.0,https://www.flickr.com/photos/jsjgeology/15527792634
oi_1de358c4bf1195b5.jpg,Open Images V7,train,Christopher Michel,CC BY 2.0,https://www.flickr.com/photos/cmichel67/12405451583
oi_1dea1a96bacbe056.jpg,Open Images V7,train,James Mann,CC BY 2.0,https://www.flickr.com/photos/james_mann/8435590084
oi_1dec8be358fac5ca.jpg,Open Images V7,val,bettyx1138,CC BY 2.0,https://www.flickr.com/photos/bettyx1138/4224908604
oi_1df3be26444e7824.jpg,Open Images V7,test,William Warby,CC BY 2.0,https://www.flickr.com/photos/wwarby/9641442440
oi_1df48625113a8635.jpg,Open Images V7,train,Chris Gaun,CC BY 2.0,https://www.flickr.com/photos/60099952@N08/5507186251
oi_1e13dba48cb0362f.jpg,Open Images V7,train,Jim G,CC BY 2.0,https://www.flickr.com/photos/jimg944/6919344217
oi_1e16fd496920cc71.jpg,Open Images V7,train,Derek Key,CC BY 2.0,https://www.flickr.com/photos/derekskey/3470455527
oi_1e1db3baade4263c.jpg,Open Images V7,train,Yuko Hara,CC BY 2.0,https://www.flickr.com/photos/yuko_ppp/2621282076
oi_1e1e54b0e4b182d2.jpg,Open Images V7,train,brownpau,CC BY 2.0,https://www.flickr.com/photos/brownpau/14669636399
oi_1e21b91a4a13fbe6.jpg,Open Images V7,train,Nick,CC BY 2.0,https://www.flickr.com/photos/34517490@N00/13522988735
oi_1e24b6999b014892.jpg,Open Images V7,val,Gail Frederick,CC BY 2.0,https://www.flickr.com/photos/galfred/158879033
oi_1e2d1027b68822c2.jpg,Open Images V7,train,Derek Hatfield,CC BY 2.0,https://www.flickr.com/photos/loimere/17855765532
oi_1e2d1f987f962bac.jpg,Open Images V7,val,Robert Linsdell,CC BY 2.0,https://www.flickr.com/photos/boblinsdell/13491657375
oi_1e367aaf20601cd8.jpg,Open Images V7,test,AnnaKika,CC BY 2.0,https://www.flickr.com/photos/ullkika/5960431518
oi_1e3965ebc6806fbc.jpg,Open Images V7,test,Jim G,CC BY 2.0,https://www.flickr.com/photos/jimg944/3094706044
oi_1e3e6280c22a888a.jpg,Open Images V7,train,Brian Jeffery Beggerly,CC BY 2.0,https://www.flickr.com/photos/beggs/11354100516
oi_1e41def101e63ac0.jpg,Open Images V7,train,Michael Guntsche,CC BY 2.0,https://www.flickr.com/photos/maru76/8161881386
oi_1e4fd57ee8072c2e.jpg,Open Images V7,train,Anita Ritenour,CC BY 2.0,https://www.flickr.com/photos/puliarfanita/18216632904
oi_1e585a5e75b8b848.jpg,Open Images V7,train,Jeremy T. Hetzel,CC BY 2.0,https://www.flickr.com/photos/jthetzel/5989716096
oi_1e6690476365bcf9.jpg,Open Images V7,val,David Lofink,CC BY 2.0,https://www.flickr.com/photos/lofink/4341689079
oi_1e81d79bb796a2db.jpg,Open Images V7,train,Chris Pearson,CC BY 2.0,https://www.flickr.com/photos/chrispearson72/2376592939
oi_1e880060109b39d6.jpg,Open Images V7,val,Dave Lonsdale,CC BY 2.0,https://www.flickr.com/photos/davelonsdale/6491325147
oi_1e882a77db5f49f1.jpg,Open Images V7,train,NOAA Photo Library,CC BY 2.0,https://www.flickr.com/photos/noaaphotolib/5078474764
oi_1e8c05fdd074860b.jpg,Open Images V7,train,Ed Bierman,CC BY 2.0,https://www.flickr.com/photos/edbierman/2790364490
oi_1e9078359d86856f.jpg,Open Images V7,train,Simon Fraser University -  University Communications,CC BY 2.0,https://www.flickr.com/photos/sfupamr/12072357006
oi_1e9293a72d809a02.jpg,Open Images V7,train,Hamed Saber,CC BY 2.0,https://www.flickr.com/photos/hamed/2914649546
oi_1e93f4ad46b2bf2b.jpg,Open Images V7,test,Travis,CC BY 2.0,https://www.flickr.com/photos/variationblogr/12697630985
oi_1e951157f5a1bcea.jpg,Open Images V7,train,The Pug Father,CC BY 2.0,https://www.flickr.com/photos/76929828@N00/458562944
oi_1ea4ba445bcf012a.jpg,Open Images V7,val,Andrew,CC BY 2.0,https://www.flickr.com/photos/arg_flickr/14365634924
oi_1eb1c04085fe775b.jpg,Open Images V7,val,"Eden, Janine and Jim",CC BY 2.0,https://www.flickr.com/photos/edenpictures/9454999295
oi_1eb221b4be0731e3.jpg,Open Images V7,train,TANAKA Juuyoh (田中十洋),CC BY 2.0,https://www.flickr.com/photos/tanaka_juuyoh/3677902054
oi_1ec6b2213131ae53.jpg,Open Images V7,test,Kalyan Chakravarthy,CC BY 2.0,https://www.flickr.com/photos/kalyan02/13571605374
oi_1ec9edfc7d38cd3e.jpg,Open Images V7,train,NOAA Photo Library,CC BY 2.0,https://www.flickr.com/photos/noaaphotolib/14502031541/
oi_1ed32f0601a75cb8.jpg,Open Images V7,train,amanderson2,CC BY 2.0,https://www.flickr.com/photos/amanderson/15899016501
oi_1edc5039a694e181.jpg,Open Images V7,val,Margaretha Rebecca Hopfner,CC BY 2.0,https://www.flickr.com/photos/margarethahopfner/3427658426
oi_1ee00ecd4c9f39fc.jpg,Open Images V7,val,Rich Moffitt,CC BY 2.0,https://www.flickr.com/photos/shutterbc/373664413
oi_1eeee89aa0b82b09.jpg,Open Images V7,train,Rinaldo Wurglitsch,CC BY 2.0,https://www.flickr.com/photos/wurglitsch/2710870857
oi_1efbb20deb73ab72.jpg,Open Images V7,train,Makuahine Pa&#x27;i Ki&#x27;i,CC BY 2.0,https://www.flickr.com/photos/hawaii-mcgraths/4298767646
oi_1f0165c0c23d6a33.jpg,Open Images V7,val,Zoe,CC BY 2.0,https://www.flickr.com/photos/_lovenothing/3773792954/
oi_1f053a630a404b30.jpg,Open Images V7,train,Kathy,CC BY 2.0,https://www.flickr.com/photos/44603071@N00/10106861396
oi_1f0a3642d18dba65.jpg,Open Images V7,val,LASZLO ILYES,CC BY 2.0,https://www.flickr.com/photos/laszlo-photo/286315863
oi_1f2081ef6739eb09.jpg,Open Images V7,train,Francisco Becerro,CC BY 2.0,https://www.flickr.com/photos/58743958@N04/11252034275
oi_1f2692fdd135b12a.jpg,Open Images V7,val,Karri Huhtanen,CC BY 2.0,https://www.flickr.com/photos/damork/9171258941
oi_1f27725fdedd0769.jpg,Open Images V7,train,prilfish,CC BY 2.0,https://www.flickr.com/photos/silkebaron/7774933458
oi_1f2cecf7238c2c97.jpg,Open Images V7,train,daita saru,CC BY 2.0,https://www.flickr.com/photos/daita/4442782982
oi_1f4b7a8c139991f8.jpg,Open Images V7,train,Lucy Rickards,CC BY 2.0,https://www.flickr.com/photos/lucybraceevans/12883843214
oi_1f4bb66c3059fab0.jpg,Open Images V7,train,U.S. Fish and Wildlife Service Headquarters,CC BY 2.0,https://www.flickr.com/photos/usfwshq/8473489795
oi_1f63845d8dc4dddb.jpg,Open Images V7,train,Walter Saporiti,CC BY 2.0,https://www.flickr.com/photos/saporitiw/5096411324
oi_1f6626f9896d86f2.jpg,Open Images V7,val,Tim Creque,CC BY 2.0,https://www.flickr.com/photos/timjc513/3127910969
oi_1f66f65c8a8035ac.jpg,Open Images V7,train,Rick McCharles,CC BY 2.0,https://www.flickr.com/photos/rickmccharles/8658739501/
oi_1f73b764184b7fff.jpg,Open Images V7,train,Jóhann Gulin,CC BY 2.0,https://www.flickr.com/photos/joinn/3059178306
oi_1f742823ed095f1e.jpg,Open Images V7,train,Maureen,CC BY 2.0,https://www.flickr.com/photos/amerune/527716853
oi_1f8b48fe65dce0ac.jpg,Open Images V7,train,jomilo75,CC BY 2.0,https://www.flickr.com/photos/jomilo75/502324463
oi_1f8dbb41581bfe5a.jpg,Open Images V7,test,Jhaymesisviphotography,CC BY 2.0,https://www.flickr.com/photos/jhaymesisvip/6955386032
oi_1fa45250ab15bdc4.jpg,Open Images V7,train,Jakrapong Kongmalai,CC BY 2.0,https://www.flickr.com/photos/jakrapong/538904580
oi_1fa5af24f0ede4ea.jpg,Open Images V7,train,heartbeaz,CC BY 2.0,https://www.flickr.com/photos/martl/3256174045
oi_1fa6e59f1414566b.jpg,Open Images V7,train,Alex Indigo,CC BY 2.0,https://www.flickr.com/photos/alexindigo/5562794845
oi_1fb2510178f6691a.jpg,Open Images V7,test,Justin Ennis,CC BY 2.0,https://www.flickr.com/photos/averain/7860110546
oi_1fbcaf250c25d817.jpg,Open Images V7,train,Ratha Grimes,CC BY 2.0,https://www.flickr.com/photos/ratha/15407323182
oi_1fc11646e10ec26a.jpg,Open Images V7,train,Irene2005,CC BY 2.0,https://www.flickr.com/photos/irene2005/250990138
oi_1fc3a29a93ddad11.jpg,Open Images V7,train,Wendy Piersall,CC BY 2.0,https://www.flickr.com/photos/wendypiersall/3266569637
oi_1fd4806f5cf4f79b.jpg,Open Images V7,train,Clara S.,CC BY 2.0,https://www.flickr.com/photos/pictureclara/8273324948
oi_1fd509051d76a54f.jpg,Open Images V7,val,Edward Leung,CC BY 2.0,https://www.flickr.com/photos/lcledward/3513603734
oi_1fd939fc4db5d914.jpg,Open Images V7,test,Kamillo Kluth,CC BY 2.0,https://www.flickr.com/photos/27330306@N08/3758730288
oi_1fdb0a321721fb64.jpg,Open Images V7,val,Brian Gratwicke,CC BY 2.0,https://www.flickr.com/photos/briangratwicke/8438952715
oi_1fde8005d6ed0660.jpg,Open Images V7,test,Jon Connell,CC BY 2.0,https://www.flickr.com/photos/ciamabue/9538803248
oi_1fdf083123b7b6d5.jpg,Open Images V7,train,Carodean Road Designs,CC BY 2.0,https://www.flickr.com/photos/carodeanroaddesigns/15211091950
oi_1fe5dff4c4edcf13.jpg,Open Images V7,train,prilfish,CC BY 2.0,https://www.flickr.com/photos/silkebaron/7744587042
oi_1fe8197eff4719b0.jpg,Open Images V7,train,Yasuyuki HIRATA,CC BY 2.0,https://www.flickr.com/photos/hirata_yasuyuki/10510604223
oi_1fee605e180d0209.jpg,Open Images V7,train,gwaar,CC BY 2.0,https://www.flickr.com/photos/paulsynnott/2641612793
oi_1ff873e9784fe2e8.jpg,Open Images V7,train,Macnolete,CC BY 2.0,https://www.flickr.com/photos/macnolete/1432048647
oi_20030adfad998c72.jpg,Open Images V7,train,Aah-Yeah,CC BY 2.0,https://www.flickr.com/photos/aah-yeah/6185036737
oi_201786442667f5df.jpg,Open Images V7,val,Jerry Kirkhart,CC BY 2.0,https://www.flickr.com/photos/jkirkhart35/9363748397
oi_201c2b7be8c91896.jpg,Open Images V7,val,Stevan Sheets,CC BY 2.0,https://www.flickr.com/photos/stevan/32991971
oi_20233a2bda5338f9.jpg,Open Images V7,val,Paul Asman and Jill Lenoble,CC BY 2.0,https://www.flickr.com/photos/pauljill/2407717113/
oi_2028d75ec7fb96ad.jpg,Open Images V7,val,Alan Goudy,CC BY 2.0,https://www.flickr.com/photos/95561244@N02/16734263168
oi_2037fcde5b041470.jpg,Open Images V7,train,David Stanley,CC BY 2.0,https://www.flickr.com/photos/davidstanleytravel/15365020304
oi_203deb614503e279.jpg,Open Images V7,train,MixedGrill,CC BY 2.0,https://www.flickr.com/photos/27690172@N02/3089665829
oi_204bc47beef6d50f.jpg,Open Images V7,val,Hamed Saber,CC BY 2.0,https://www.flickr.com/photos/hamed/2070859805
oi_204c4253c16b033a.jpg,Open Images V7,train,nadia &amp; massimo,CC BY 2.0,https://www.flickr.com/photos/24641143@N03/3361232942
oi_204ec36bc47403ec.jpg,Open Images V7,val,Lordcolus,CC BY 2.0,https://www.flickr.com/photos/lordcolus/8740235549
oi_205157548af0d9ca.jpg,Open Images V7,train,brownpau,CC BY 2.0,https://www.flickr.com/photos/brownpau/557925662
oi_20586380031246d6.jpg,Open Images V7,test,carolineCCB,CC BY 2.0,https://www.flickr.com/photos/carolineccb/4240845900
oi_205c880717907a08.jpg,Open Images V7,test,Chris Phutully,CC BY 2.0,https://www.flickr.com/photos/72562013@N06/11882519633
oi_206d7d4326ccb1ce.jpg,Open Images V7,train,Lwp Kommunikáció,CC BY 2.0,https://www.flickr.com/photos/lwpkommunikacio/14663984989
oi_207be56359abfa2e.jpg,Open Images V7,train,Ruth Hartnup,CC BY 2.0,https://www.flickr.com/photos/ruthanddave/1104359765
oi_207cde0731e1f2f4.jpg,Open Images V7,train,Michael Pollak,CC BY 2.0,https://www.flickr.com/photos/michaelpollak/14403959538
oi_207f953c649cf3ba.jpg,Open Images V7,train,Bill Automata,CC BY 2.0,https://www.flickr.com/photos/billautomata/8467445823
oi_209087eb38b3893c.jpg,Open Images V7,train,Jer Thorp,CC BY 2.0,https://www.flickr.com/photos/blprnt/14758191494
oi_20a919e786ce0831.jpg,Open Images V7,train,mario,CC BY 2.0,https://www.flickr.com/photos/64738468@N00/7184463727
oi_20af4802d108ad69.jpg,Open Images V7,val,gordon.milligan,CC BY 2.0,https://www.flickr.com/photos/el-milligano/14776498528
oi_20b4795928f9c915.jpg,Open Images V7,train,James St. John,CC BY 2.0,https://www.flickr.com/photos/jsjgeology/15966092808
oi_20ba20598ae12ca3.jpg,Open Images V7,train,Rob and Stephanie Levy,CC BY 2.0,https://www.flickr.com/photos/robandstephanielevy/295217166
oi_20cd19e3f9ddcfc6.jpg,Open Images V7,train,andy muir,CC BY 2.0,https://www.flickr.com/photos/37589005@N04/3804032225
oi_20dc2a297f0d8cfe.jpg,Open Images V7,train,Mike Baird,CC BY 2.0,https://www.flickr.com/photos/mikebaird/348174488
oi_20e3d2957ecd793e.jpg,Open Images V7,test,Robert Freiberger,CC BY 2.0,https://www.flickr.com/photos/robscomputer/6274250771
oi_20eedf4722b9909c.jpg,Open Images V7,train,Bill McChesney,CC BY 2.0,https://www.flickr.com/photos/bsabarnowl/4583205622
oi_20f14b50688a74ee.jpg,Open Images V7,train,Beau Giles,CC BY 2.0,https://www.flickr.com/photos/beaugiles/5335873056
oi_20f38504bf5a8d1b.jpg,Open Images V7,train,Jared,CC BY 2.0,https://www.flickr.com/photos/jared422/8206149763
oi_210703be27748722.jpg,Open Images V7,train,Marc Levin,CC BY 2.0,https://www.flickr.com/photos/mil8/338086362
oi_21081f43b71bab1d.jpg,Open Images V7,train,Jim G,CC BY 2.0,https://www.flickr.com/photos/jimg944/16643786904
oi_210c70cc659e4c3c.jpg,Open Images V7,val,Jerry Kirkhart,CC BY 2.0,https://www.flickr.com/photos/jkirkhart35/3187332643
oi_211b4281c5a3966e.jpg,Open Images V7,train,abdallahh,CC BY 2.0,https://www.flickr.com/photos/husseinabdallah/9626859950
oi_21246aee2da21fce.jpg,Open Images V7,train,Prof Suhas Ghaisas,CC BY 2.0,https://www.flickr.com/photos/suhasg/14848446855
oi_2126f84d561c35ed.jpg,Open Images V7,train,Hasitha Tudugalle,CC BY 2.0,https://www.flickr.com/photos/hasitha_tudugalle/7286041210
oi_2136b1b40aa84295.jpg,Open Images V7,val,Lisa Wade,CC BY 2.0,https://www.flickr.com/photos/misslwade/8990990772
oi_214be86bbee865e7.jpg,Open Images V7,train,Dug Song,CC BY 2.0,https://www.flickr.com/photos/dugsong/3921489541
oi_2150aea7b243b040.jpg,Open Images V7,train,Brenda  Lily,CC BY 2.0,https://www.flickr.com/photos/57835898@N07/11333876954
oi_2153d888045765c2.jpg,Open Images V7,train,Marine Genomics,CC BY 2.0,https://www.flickr.com/photos/marinegenomics2012/7173189005
oi_215568f90a09519c.jpg,Open Images V7,val,Gabriel Saldana,CC BY 2.0,https://www.flickr.com/photos/gabrielsaldana/2712223892/
oi_215ae86fbe0c884a.jpg,Open Images V7,train,Public.Resource.Org,CC BY 2.0,https://www.flickr.com/photos/publicresourceorg/2251351018
oi_2164965bef4db587.jpg,Open Images V7,train,"Eden, Janine and Jim",CC BY 2.0,https://www.flickr.com/photos/edenpictures/3960943060
oi_21742f248b05b21f.jpg,Open Images V7,train,Michael R Perry,CC BY 2.0,https://www.flickr.com/photos/michaelrperry/16827862941
oi_2178493051e1e1c7.jpg,Open Images V7,train,Indi Samarajiva,CC BY 2.0,https://www.flickr.com/photos/indi/4319257514
oi_217adc0ea82a3bb9.jpg,Open Images V7,train,Ratha Grimes,CC BY 2.0,https://www.flickr.com/photos/ratha/15220894179
oi_217eb46899f64ecb.jpg,Open Images V7,train,Frontierofficial,CC BY 2.0,https://www.flickr.com/photos/frontierofficial/6985221402
oi_218a3deaa84cafb6.jpg,Open Images V7,train,Vivian Farinazzo,CC BY 2.0,https://www.flickr.com/photos/lifeissimpleinthemoonlight/14247150077
oi_218faea90cea64f2.jpg,Open Images V7,train,Brian Gratwicke,CC BY 2.0,https://www.flickr.com/photos/briangratwicke/3912851565
oi_2195f70febce81fc.jpg,Open Images V7,train,Sean Loyless,CC BY 2.0,https://flickr.com/26372307@N03/7600001284
oi_21b3f9eaf51fa921.jpg,Open Images V7,train,texaus1,CC BY 2.0,https://www.flickr.com/photos/texaus1/9892579835
oi_21bd69001e7e3e5f.jpg,Open Images V7,train,L Church,CC BY 2.0,https://www.flickr.com/photos/29412527@N04/8042160234
oi_21c834ff8d0f4e5c.jpg,Open Images V7,train,Tim Parkinson,CC BY 2.0,https://www.flickr.com/photos/43632116@N00/272111189
oi_21caf696d7d56f6d.jpg,Open Images V7,train,City.and.Color,CC BY 2.0,https://www.flickr.com/photos/technicolourcity/10496560045
oi_21d55579e94137bc.jpg,Open Images V7,val,George M. Groutas,CC BY 2.0,https://www.flickr.com/photos/jorge-11/9108490367
oi_21d90677ba7a800d.jpg,Open Images V7,val,U.S. Fish and Wildlife Service Southeast Region,CC BY 2.0,https://www.flickr.com/photos/usfwssoutheast/6436226217
oi_21df17ed9ebe1169.jpg,Open Images V7,train,Hjalmar Gislason,CC BY 2.0,https://www.flickr.com/photos/hjallig/558285610
oi_21e0ff8800e4c825.jpg,Open Images V7,train,Brian Gratwicke,CC BY 2.0,https://www.flickr.com/photos/briangratwicke/3783124368
oi_21e7112fea568815.jpg,Open Images V7,train,Jon Rawlinson,CC BY 2.0,https://www.flickr.com/photos/london/3924947
oi_21e907a856be8dff.jpg,Open Images V7,train,Don DeBold,CC BY 2.0,https://www.flickr.com/photos/ddebold/7001196850
oi_21eed43a08d755d0.jpg,Open Images V7,train,oliver.dodd,CC BY 2.0,https://www.flickr.com/photos/oliverdodd/8356064349
oi_21ef3d5aeecd2bbc.jpg,Open Images V7,train,Christopher Michel,CC BY 2.0,https://www.flickr.com/photos/cmichel67/8370644828
oi_2216233732be9985.jpg,Open Images V7,train,Purple Slog,CC BY 2.0,https://www.flickr.com/photos/purpleslog/1953170639
oi_2216c12f91baf278.jpg,Open Images V7,train,USMC Archives,CC BY 2.0,https://www.flickr.com/photos/usmcarchives/11714660146
oi_221ffa0c7f84655d.jpg,Open Images V7,val,Sam Churchill,CC BY 2.0,https://www.flickr.com/photos/samchurchill/5936453240
oi_22202712a0647a28.jpg,Open Images V7,train,designatednaphour,CC BY 2.0,https://www.flickr.com/photos/dragonflyajt/240069585
oi_222e79f02c455fc5.jpg,Open Images V7,train,Matt Brown,CC BY 2.0,https://www.flickr.com/photos/londonmatt/15624925959
oi_2233b7c34d04dde2.jpg,Open Images V7,train,Anita Ritenour,CC BY 2.0,https://www.flickr.com/photos/puliarfanita/19816058839
oi_2235db4b8b237f02.jpg,Open Images V7,train,gailhampshire,CC BY 2.0,https://www.flickr.com/photos/gails_pictures/6418259451
oi_2253d7d3fee300a3.jpg,Open Images V7,train,Strange Ones,CC BY 2.0,https://www.flickr.com/photos/strangeones/3456216764
oi_2259eec09e411bda.jpg,Open Images V7,train,John,CC BY 2.0,https://www.flickr.com/photos/8373783@N07/5459827621
oi_225b9976a04b2d9e.jpg,Open Images V7,train,e_chaya,CC BY 2.0,https://www.flickr.com/photos/e_chaya/2675225519
oi_2260c3309496477f.jpg,Open Images V7,val,Alvin Trusty,CC BY 2.0,https://www.flickr.com/photos/proftrusty/399701159
oi_2264a6bc5406e4b5.jpg,Open Images V7,train,Andrew Malone,CC BY 2.0,https://www.flickr.com/photos/andrewmalone/2939821016/
oi_226c4fcd0773f420.jpg,Open Images V7,val,Lucy Rickards,CC BY 2.0,https://www.flickr.com/photos/lucybraceevans/12883761324
oi_227e8368778d2f8a.jpg,Open Images V7,train,flowcomm,CC BY 2.0,https://www.flickr.com/photos/flowcomm/8321682395
oi_22851f4d2ed224f9.jpg,Open Images V7,train,wohnai,CC BY 2.0,https://www.flickr.com/photos/13511355@N06/1376582690
oi_228eec27a5f22a8b.jpg,Open Images V7,val,Britt Reints,CC BY 2.0,https://www.flickr.com/photos/emmandevin/8088297772/
oi_2293c3cafb254c87.jpg,Open Images V7,train,William Warby,CC BY 2.0,https://www.flickr.com/photos/wwarby/9638202587
oi_22a0571274b76434.jpg,Open Images V7,train,bfick,CC BY 2.0,https://www.flickr.com/photos/ficken/2101713683
oi_22a4a0fc121ca647.jpg,Open Images V7,train,ricky artigas,CC BY 2.0,https://www.flickr.com/photos/ricky_artigas/6626592195
oi_22aabaac4c4f2434.jpg,Open Images V7,val,astrangelyisolatedplace,CC BY 2.0,https://www.flickr.com/photos/astrangelyisolatedplace/16679212969
oi_22acdf1ef6977534.jpg,Open Images V7,train,carrotsinfairy,CC BY 2.0,https://www.flickr.com/photos/caraferri/5654154089
oi_22b77e1ba2a0f612.jpg,Open Images V7,test,Shadowgate,CC BY 2.0,https://www.flickr.com/photos/shadowgate/3856752958
oi_22b8d8b4891a8831.jpg,Open Images V7,train,"Jim, the Photographer",CC BY 2.0,https://www.flickr.com/photos/jcapaldi/8727870246
oi_22bcb367e9d08190.jpg,Open Images V7,val,John Stratford,CC BY 2.0,https://www.flickr.com/photos/john47kent/3252645092
oi_22c625e3bfe046e3.jpg,Open Images V7,val,Zhi Yong Lee,CC BY 2.0,https://www.flickr.com/photos/zh1yong/140778852
oi_22cae82ac7c0e892.jpg,Open Images V7,val,Spifferella,CC BY 2.0,https://www.flickr.com/photos/saynathespiffy/16839270192
oi_22ceaa1f214ae10c.jpg,Open Images V7,val,Paul Krawczuk,CC BY 2.0,https://www.flickr.com/photos/krawczuk/9325872434
oi_22dca6249a479ff2.jpg,Open Images V7,train,gordon.milligan,CC BY 2.0,https://www.flickr.com/photos/el-milligano/8109924201
oi_22de6369dff90f3b.jpg,Open Images V7,train,Eric Chan,CC BY 2.0,https://www.flickr.com/photos/maveric2003/2090848444
oi_22e06ab3e0d1fcde.jpg,Open Images V7,val,Steffen Zahn,CC BY 2.0,https://www.flickr.com/photos/steffenz/16568030893
oi_22e69256ff9a771b.jpg,Open Images V7,train,Johan Larsson,CC BY 2.0,https://www.flickr.com/photos/johanl/2190894458
oi_22fec7627db5e3d9.jpg,Open Images V7,train,Clinton &amp; Charles Robertson,CC BY 2.0,https://www.flickr.com/photos/dad_and_clint/5806476263
oi_23041aec4b463a23.jpg,Open Images V7,train,Sam Greenhalgh,CC BY 2.0,https://www.flickr.com/photos/zapthedingbat/5531788725
oi_230bd222888a57cd.jpg,Open Images V7,val,Jim G,CC BY 2.0,https://www.flickr.com/photos/jimg944/133024998
oi_230cc8e97588b28a.jpg,Open Images V7,val,Brian Omura,CC BY 2.0,https://www.flickr.com/photos/oleswerdlow/2812798740
oi_231b05d98d9c3093.jpg,Open Images V7,train,Samantha Beddoes,CC BY 2.0,https://www.flickr.com/photos/sambeddoes/13040657883
oi_231ff64b914ab000.jpg,Open Images V7,train,yoppy,CC BY 2.0,https://www.flickr.com/photos/spilt-milk/8301798629
oi_23253ed105f95ab7.jpg,Open Images V7,train,Biodiversity Heritage Library,CC BY 2.0,https://www.flickr.com/photos/biodivlibrary/7589945782
oi_232db5bb91a4b9a6.jpg,Open Images V7,train,Harald D. Wagner,CC BY 2.0,https://www.flickr.com/photos/31455717@N08/2941446365
oi_233223a59d59a758.jpg,Open Images V7,train,Dick Thomas Johnson,CC BY 2.0,https://www.flickr.com/photos/31029865@N06/16995799191
oi_233288c35e3c122a.jpg,Open Images V7,train,jeff~,CC BY 2.0,https://www.flickr.com/photos/jphotos/17312913033
oi_2334cce540df1c2c.jpg,Open Images V7,train,Yellow.Cat,CC BY 2.0,https://www.flickr.com/photos/9084427@N07/4080490730
oi_2339578114e5414e.jpg,Open Images V7,val,K H,CC BY 2.0,https://www.flickr.com/photos/hirohama/1856178946/
oi_2348b29389c6f20e.jpg,Open Images V7,train,Jim G,CC BY 2.0,https://www.flickr.com/photos/jimg944/6920273702
oi_234a39518e16392e.jpg,Open Images V7,train,lizasperling,CC BY 2.0,https://www.flickr.com/photos/lizasperling/16858238136
oi_234f9c1b28af504b.jpg,Open Images V7,train,Dan Perry,CC BY 2.0,https://www.flickr.com/photos/golf_pictures/5148566833
oi_23525fc15c496d2a.jpg,Open Images V7,train,Brian Snelson,CC BY 2.0,https://www.flickr.com/photos/exfordy/429428472
oi_2354ad0508192644.jpg,Open Images V7,val,Jirka Matousek,CC BY 2.0,https://www.flickr.com/photos/jirka_matousek/9183037605
oi_235b8cd9175f7ed3.jpg,Open Images V7,val,Brian Fagan,CC BY 2.0,https://www.flickr.com/photos/diamondace/8521250454
oi_237676eae0f65e7c.jpg,Open Images V7,train,Lenore Edman,CC BY 2.0,https://www.flickr.com/photos/lenore-m/18993734183
oi_238ead79891a3e15.jpg,Open Images V7,train,Sompop S,CC BY 2.0,https://www.flickr.com/photos/sompops/373063841
oi_2397b488462bbe7b.jpg,Open Images V7,train,benketaro,CC BY 2.0,https://www.flickr.com/photos/misskei/585384026
oi_239d25f27a9750e6.jpg,Open Images V7,train,Joel Kramer,CC BY 2.0,https://www.flickr.com/photos/75001512@N00/8105601457
oi_23a0ad1fb83964e3.jpg,Open Images V7,train,Clinton &amp; Charles Robertson,CC BY 2.0,https://www.flickr.com/photos/dad_and_clint/5590793703
oi_23ac27410574007f.jpg,Open Images V7,train,Guwashi999,CC BY 2.0,https://www.flickr.com/photos/guwashi999/2340840620
oi_23bfdfc74408e81f.jpg,Open Images V7,train,Allie_Caulfield,CC BY 2.0,https://www.flickr.com/photos/wm_archiv/6747799407
oi_23c2e23bdc460f2b.jpg,Open Images V7,val,MIKI Yoshihito,CC BY 2.0,https://www.flickr.com/photos/mujitra/8958832485
oi_23c43ac2d2cd4c54.jpg,Open Images V7,train,april,CC BY 2.0,https://www.flickr.com/photos/rottnapples/14892414592
oi_23c5b60a45779ff7.jpg,Open Images V7,train,Soham Banerjee,CC BY 2.0,https://www.flickr.com/photos/soham_pablo/4280699855/
oi_23c872cf1024350d.jpg,Open Images V7,train,Kentaro Ohno,CC BY 2.0,https://www.flickr.com/photos/inucara/15079315287
oi_23cbaa04ab29e880.jpg,Open Images V7,train,Jake Archibald,CC BY 2.0,https://www.flickr.com/photos/jaffathecake/10377611156
oi_23ce78cf7b4a5557.jpg,Open Images V7,test,Lyn Gateley,CC BY 2.0,https://www.flickr.com/photos/lyng883/3656431338
oi_23d044e5553bf8c4.jpg,Open Images V7,train,Jordan Emery,CC BY 2.0,https://www.flickr.com/photos/jeofficial/4652423647
oi_23deb02777952be1.jpg,Open Images V7,train,abdallahh,CC BY 2.0,https://www.flickr.com/photos/husseinabdallah/9634233752
oi_23e3a7827a52f470.jpg,Open Images V7,train,skeddy in NYC,CC BY 2.0,https://www.flickr.com/photos/scottkeddy/347776856
oi_23ec782248db5f88.jpg,Open Images V7,train,Colleen Pence,CC BY 2.0,https://www.flickr.com/photos/delaneydiaries/4108081958
oi_23ef1528ac365602.jpg,Open Images V7,train,Jim G,CC BY 2.0,https://www.flickr.com/photos/jimg944/12858593634
oi_23f4a211090f4a96.jpg,Open Images V7,train,Lakshmi Sawitri,CC BY 2.0,https://www.flickr.com/photos/elsaw/16024075986/
oi_23f4af3eb232c050.jpg,Open Images V7,train,Dave Lonsdale,CC BY 2.0,https://www.flickr.com/photos/davelonsdale/6246610502
oi_2410377152c05d7b.jpg,Open Images V7,train,Simon_sees,CC BY 2.0,https://www.flickr.com/photos/39551170@N02/14280170832
oi_2413fa216f2c5077.jpg,Open Images V7,val,Pug50,CC BY 2.0,https://www.flickr.com/photos/pug50/4979820511
oi_241bc3343a9b9e2d.jpg,Open Images V7,train,Ben Tavener,CC BY 2.0,https://www.flickr.com/photos/bentavener/7291518370
oi_241da961a223415f.jpg,Open Images V7,train,Olga Berrios,CC BY 2.0,https://www.flickr.com/photos/ofernandezberrios/4916068378
oi_24350d63de1bc1b9.jpg,Open Images V7,train,Bree McGhee,CC BY 2.0,https://www.flickr.com/photos/soulsurvivor08/3238040330
oi_2437ddeaf064b96f.jpg,Open Images V7,val,Ilse Reijs and Jan-Noud Hutten,CC BY 2.0,https://www.flickr.com/photos/39891373@N07/4163166267
oi_2438e4d9310599bb.jpg,Open Images V7,train,Jacques Bodin,CC BY 2.0,https://www.flickr.com/photos/jige_24/16679958825
oi_2440c3caaef6496b.jpg,Open Images V7,train,Paul Krawczuk,CC BY 2.0,https://www.flickr.com/photos/krawczuk/9336226668
oi_2442b9ef1f96217c.jpg,Open Images V7,test,Sean MacEntee,CC BY 2.0,https://www.flickr.com/photos/smemon/7981086578
oi_24437c81984d10d0.jpg,Open Images V7,train,Yogendra Joshi,CC BY 2.0,https://www.flickr.com/photos/yogendra174/4367046585
oi_2447f00fc06139bd.jpg,Open Images V7,train,János Bognár,CC BY 2.0,https://www.flickr.com/photos/digitplantimages/15425326525
oi_2448eccbcd15dd1f.jpg,Open Images V7,train,Jeremy Jenum,CC BY 2.0,https://www.flickr.com/photos/jenumfamily/10382903523
oi_2449aec31fb96049.jpg,Open Images V7,train,Strange Ones,CC BY 2.0,https://www.flickr.com/photos/strangeones/308894863
oi_244a0e42a81fdd60.jpg,Open Images V7,test,Rob and Stephanie Levy,CC BY 2.0,https://www.flickr.com/photos/robandstephanielevy/2980809395
oi_244ddbadd2955f2d.jpg,Open Images V7,train,Andres Perez,CC BY 2.0,https://www.flickr.com/photos/an23dr77ew/16000597933
oi_2465930ff02ae890.jpg,Open Images V7,train,Robert,CC BY 2.0,https://www.flickr.com/photos/jemimus/14114399670
oi_2469e79a8da555a8.jpg,Open Images V7,train,David Hill,CC BY 2.0,https://www.flickr.com/photos/dehill/8716534844
oi_247e385aa50983d4.jpg,Open Images V7,val,Kristian Mollenborg,CC BY 2.0,https://www.flickr.com/photos/mollenborg/19639033418
oi_248d7d702f690b6b.jpg,Open Images V7,train,Tobias Toft,CC BY 2.0,https://www.flickr.com/photos/tobiastoft/4959246772/
oi_249330e76186cdbd.jpg,Open Images V7,train,Marie Hale,CC BY 2.0,https://www.flickr.com/photos/15016964@N02/5910081368
oi_2498fc2c10f8bb97.jpg,Open Images V7,train,duzzani,CC BY 2.0,https://www.flickr.com/photos/duzzani/15062857268/
oi_249aeaadae262afc.jpg,Open Images V7,train,serena.strand,CC BY 2.0,https://www.flickr.com/photos/29527385@N08/3975957970
oi_24a5b57ede85c187.jpg,Open Images V7,train,Tim Buss,CC BY 2.0,https://www.flickr.com/photos/timbuss/9590948707
oi_24aac90206564c35.jpg,Open Images V7,train,Ratha Grimes,CC BY 2.0,https://www.flickr.com/photos/ratha/6664178321
oi_24b09c3377a01a1d.jpg,Open Images V7,train,Courtney Gibbons,CC BY 2.0,https://www.flickr.com/photos/virtualcourtney/4279092392
oi_24bc7a8d8c59abff.jpg,Open Images V7,train,Andrea,CC BY 2.0,https://www.flickr.com/photos/spettacolopuro/2824304693
oi_24bd0f1815535ec5.jpg,Open Images V7,train,gwaar,CC BY 2.0,https://www.flickr.com/photos/paulsynnott/2834993843
oi_24ccfba80296ecaf.jpg,Open Images V7,train,Virginia State Parks,CC BY 2.0,https://www.flickr.com/photos/vastateparksstaff/8590141159
oi_24d8e3e492d855d6.jpg,Open Images V7,train,Mike Cassano,CC BY 2.0,https://www.flickr.com/photos/mdcassano/14704656940
oi_24e1e112ce7a4d41.jpg,Open Images V7,train,Luca,CC BY 2.0,https://www.flickr.com/photos/lucagorlero/606777206
oi_24e67e54760f8863.jpg,Open Images V7,train,Ricardo&#x27;s Photography (Thanks to all the fans!!!),CC BY 2.0,https://www.flickr.com/photos/ricardo_mangual/8491360731
oi_24ea4f190652ff37.jpg,Open Images V7,train,Derek Keats,CC BY 2.0,https://www.flickr.com/photos/dkeats/6147782978
oi_24fe0feb5b4c1a22.jpg,Open Images V7,train,gwaar,CC BY 2.0,https://www.flickr.com/photos/paulsynnott/2479478433
oi_24ff6ccec0a1f7c7.jpg,Open Images V7,train,Jose Antonio Tovar,CC BY 2.0,https://www.flickr.com/photos/toronjazul/3275062420
oi_250115c3c2e881e9.jpg,Open Images V7,train,Vince Alongi,CC BY 2.0,https://www.flickr.com/photos/vincealongi/272633384
oi_250196aeebf30f28.jpg,Open Images V7,train,Ian D. Keating,CC BY 2.0,https://www.flickr.com/photos/ian-arlett/4535424255
oi_252746b9da16c069.jpg,Open Images V7,val,Mike Charest,CC BY 2.0,https://www.flickr.com/photos/mikecharest/15880706367
oi_252d561b5eb13787.jpg,Open Images V7,val,Andrea &amp; Stefan,CC BY 2.0,https://www.flickr.com/photos/winterbald/4781276578
oi_252f84d2bf6d113e.jpg,Open Images V7,train,oliver.dodd,CC BY 2.0,https://www.flickr.com/photos/oliverdodd/6034351782
oi_2535aeb158d92910.jpg,Open Images V7,train,Rob and Stephanie Levy,CC BY 2.0,https://www.flickr.com/photos/robandstephanielevy/203449493
oi_254274781d558040.jpg,Open Images V7,train,Brian Shamblen,CC BY 2.0,https://www.flickr.com/photos/23972840@N04/4093895025
oi_25487cad97d532be.jpg,Open Images V7,val,Lwp Kommunikáció,CC BY 2.0,https://www.flickr.com/photos/lwpkommunikacio/18753868044
oi_254936ec75d98347.jpg,Open Images V7,train,mLu.fotos,CC BY 2.0,https://www.flickr.com/photos/luppes777/20874857165
oi_254b5c4b312f523a.jpg,Open Images V7,test,Jerry Kirkhart,CC BY 2.0,https://www.flickr.com/photos/jkirkhart35/527350761
oi_2550a0637104befd.jpg,Open Images V7,train,Marcin Wichary,CC BY 2.0,https://www.flickr.com/photos/mwichary/4028033489
oi_2550fb64fb2e204f.jpg,Open Images V7,train,THX0477,CC BY 2.0,https://www.flickr.com/photos/59195512@N00/61142228
oi_255edba6973f6c68.jpg,Open Images V7,train,Derek Keats,CC BY 2.0,https://www.flickr.com/photos/dkeats/6198104589
oi_25632836c3b4b723.jpg,Open Images V7,train,Illya Kondratyuk,CC BY 2.0,https://www.flickr.com/photos/ilesh/5414100997
oi_256e8c4cb1cddb6e.jpg,Open Images V7,val,Dominic Scaglioni,CC BY 2.0,https://www.flickr.com/photos/dominic-scaglioni/7675367032
oi_256f3f91f3c16403.jpg,Open Images V7,train,City.and.Color,CC BY 2.0,https://www.flickr.com/photos/technicolourcity/10496047484
oi_256f666679fa4354.jpg,Open Images V7,val,Ricardo&#x27;s Photography (Thanks to all the fans!!!),CC BY 2.0,https://www.flickr.com/photos/ricardo_mangual/6964732872
oi_2583436cea5de92d.jpg,Open Images V7,train,Christopher Michel,CC BY 2.0,https://www.flickr.com/photos/cmichel67/19586920781
oi_25a0e7c3a60bf17d.jpg,Open Images V7,train,sheilapic76,CC BY 2.0,https://www.flickr.com/photos/53344659@N05/4978437269
oi_25a18b0ca8e67d02.jpg,Open Images V7,train,James Emery,CC BY 2.0,https://www.flickr.com/photos/emeryjl/2552804463
oi_25a2e58667fc8321.jpg,Open Images V7,train,SNORKELINGDIVES.COM,CC BY 2.0,https://www.flickr.com/photos/snorkelingdives/6931651648
oi_25be37e0575b9d47.jpg,Open Images V7,train,James St. John,CC BY 2.0,https://www.flickr.com/photos/jsjgeology/16118327416
oi_25c49df77d1143c7.jpg,Open Images V7,test,Porsche Brosseau,CC BY 2.0,https://www.flickr.com/photos/porsche-linn/5554701505
oi_25ca644032b6e6c1.jpg,Open Images V7,train,Christopher Michel,CC BY 2.0,https://www.flickr.com/photos/cmichel67/16912666678
oi_25d134f02c223c28.jpg,Open Images V7,val,Cambodia4kids.org Beth Kanter,CC BY 2.0,https://www.flickr.com/photos/cambodia4kidsorg/11655771215
oi_25d307dbb0cf86e2.jpg,Open Images V7,val,Lwp Kommunikáció,CC BY 2.0,https://www.flickr.com/photos/lwpkommunikacio/14664010598
oi_25e1cd767f1ced73.jpg,Open Images V7,train,Thomas sauzedde,CC BY 2.0,https://www.flickr.com/photos/idirectori/10391195516
oi_25e42c55bfcbaa88.jpg,Open Images V7,test,Edinburgh Blog,CC BY 2.0,https://www.flickr.com/photos/theedinburghblog/3178038756
oi_25ec12aa64b7fcb5.jpg,Open Images V7,train,Patrik Tschudin,CC BY 2.0,https://flickr.com/35637563@N00/15610047726
oi_25fd0fa9f0246285.jpg,Open Images V7,test,Martin Pettitt,CC BY 2.0,https://www.flickr.com/photos/mdpettitt/8189200138
oi_2602b6336f949709.jpg,Open Images V7,train,daita saru,CC BY 2.0,https://www.flickr.com/photos/daita/10471354224
oi_2604ab24e6751e7e.jpg,Open Images V7,train,Mike Johnston,CC BY 2.0,https://www.flickr.com/photos/mikejsolutions/65889650
oi_2605846d37590468.jpg,Open Images V7,train,Tom Thai,CC BY 2.0,https://www.flickr.com/photos/eviltomthai/5129964716
oi_261397effa7b6a9a.jpg,Open Images V7,train,Marcel Ekkel,CC BY 2.0,https://www.flickr.com/photos/marcelekkel/4804261022
oi_2620929555e96988.jpg,Open Images V7,train,Mike Baird,CC BY 2.0,https://www.flickr.com/photos/mikebaird/2473080932
oi_2621c105ff93194b.jpg,Open Images V7,val,QuakeCon,CC BY 2.0,https://www.flickr.com/photos/quakecon/3908585538
oi_2628755c7df7035f.jpg,Open Images V7,train,Thomas Shahan,CC BY 2.0,https://www.flickr.com/photos/49580580@N02/5941409874
oi_2628fe16a68517b1.jpg,Open Images V7,val,the rabbit,CC BY 2.0,https://www.flickr.com/photos/lapin1/6953313522
oi_2629d9200c8a208f.jpg,Open Images V7,train,Makuahine Pa&#x27;i Ki&#x27;i,CC BY 2.0,https://www.flickr.com/photos/hawaii-mcgraths/3638630249
oi_2634141fd4f4cb92.jpg,Open Images V7,train,Brian Gratwicke,CC BY 2.0,https://www.flickr.com/photos/briangratwicke/8500888797
oi_264a614357e7515c.jpg,Open Images V7,train,Tyler Yeo,CC BY 2.0,https://www.flickr.com/photos/tylermyeo/5533045736
oi_2655a1746778f2a3.jpg,Open Images V7,train,Jenny Mealing,CC BY 2.0,https://www.flickr.com/photos/jennifrog/100728003
oi_26575708196fad75.jpg,Open Images V7,train,NOAA&#x27;s National Ocean Service,CC BY 2.0,https://www.flickr.com/photos/usoceangov/5809214283
oi_26575a29e4213fc6.jpg,Open Images V7,train,Barney Moss,CC BY 2.0,https://www.flickr.com/photos/barneymoss/4802313713
oi_26588db892d1ec41.jpg,Open Images V7,train,David Stanley,CC BY 2.0,https://www.flickr.com/photos/davidstanleytravel/15668291070
oi_265a30793d3684c3.jpg,Open Images V7,train,Henri Sivonen,CC BY 2.0,https://www.flickr.com/photos/hsivonen/190909890
oi_26609c35b5da2703.jpg,Open Images V7,val,Eric Faller,CC BY 2.0,https://www.flickr.com/photos/efaller/7271986336
oi_266a57ea0523fc4d.jpg,Open Images V7,train,Ruth Hartnup,CC BY 2.0,https://www.flickr.com/photos/ruthanddave/388812853
oi_266e8a9e771ddd2d.jpg,Open Images V7,train,kelp,CC BY 2.0,https://www.flickr.com/photos/kelp/5769028713
oi_267278b2257f4465.jpg,Open Images V7,val,merec0,CC BY 2.0,https://www.flickr.com/photos/merec0/3499811153
oi_267db8dfb62c48bc.jpg,Open Images V7,train,Tim Creque,CC BY 2.0,https://www.flickr.com/photos/timjc513/5218927693/
oi_268960483b5e10d6.jpg,Open Images V7,train,Hunter Desportes,CC BY 2.0,https://www.flickr.com/photos/hdport/6037452886
oi_269c10c49c69dd75.jpg,Open Images V7,train,Vijay Sonar,CC BY 2.0,https://www.flickr.com/photos/83613432@N02/15615902586
oi_26a5aecb2d3fb45a.jpg,Open Images V7,train,Ivan Aleksic,CC BY 2.0,https://www.flickr.com/photos/sroown/798617424
oi_26a63987904870fa.jpg,Open Images V7,val,Jesse Wagstaff,CC BY 2.0,https://www.flickr.com/photos/jesse/15817243417
oi_26ae93b4061b3632.jpg,Open Images V7,train,ume-y,CC BY 2.0,https://www.flickr.com/photos/ume-y/6627102009
oi_26ba5241c25d9bc4.jpg,Open Images V7,train,Taber Andrew Bain,CC BY 2.0,https://www.flickr.com/photos/andrewbain/2644254026
oi_26bdc7a4d76bec54.jpg,Open Images V7,train,Christopher Czermak,CC BY 2.0,https://www.flickr.com/photos/126951421@N05/14936039546
oi_26bf13d31e459115.jpg,Open Images V7,test,psyberartist,CC BY 2.0,https://www.flickr.com/photos/psyberartist/10949294836
oi_26c5dbd4d829c2f9.jpg,Open Images V7,train,daita saru,CC BY 2.0,https://www.flickr.com/photos/daita/4791426148
oi_26cbecc52c928b08.jpg,Open Images V7,train,Ratha Grimes,CC BY 2.0,https://www.flickr.com/photos/ratha/15969720341
oi_26cd774f5682d017.jpg,Open Images V7,train,Derek Keats,CC BY 2.0,https://www.flickr.com/photos/dkeats/5198289117
oi_26cf7aa03421be4c.jpg,Open Images V7,train,USFWS - Pacific Region,CC BY 2.0,https://www.flickr.com/photos/usfwspacific/5694355392/
oi_26d3ace0a776bf12.jpg,Open Images V7,val,Justin Henry,CC BY 2.0,https://www.flickr.com/photos/zappowbang/890369851
oi_26dfd2c0d01c730e.jpg,Open Images V7,val,Makuahine Pa&#x27;i Ki&#x27;i,CC BY 2.0,https://www.flickr.com/photos/hawaii-mcgraths/9572891727
oi_26e42257035376aa.jpg,Open Images V7,val,John Krupsky,CC BY 2.0,https://www.flickr.com/photos/johnwk/3970891652
oi_26e4dec1fa6e703b.jpg,Open Images V7,train,Carl Lender,CC BY 2.0,https://www.flickr.com/photos/clender/16063764084
oi_26eb31c48eb46711.jpg,Open Images V7,train,Ewen Roberts,CC BY 2.0,https://www.flickr.com/photos/donabelandewen/2328578126
oi_26eec5ef4f4776ce.jpg,Open Images V7,test,Richard Hurd,CC BY 2.0,https://www.flickr.com/photos/rahimageworks/17098577656
oi_26fc461cc4810371.jpg,Open Images V7,train,Iwan Gabovitch,CC BY 2.0,https://www.flickr.com/photos/qubodup/9518654926
oi_26fde80d3870bedb.jpg,Open Images V7,train,Ricardo&#x27;s Photography (Thanks to all the fans!!!),CC BY 2.0,https://www.flickr.com/photos/ricardo_mangual/5989921930
oi_27013982fa9f0151.jpg,Open Images V7,train,karlnorling,CC BY 2.0,https://www.flickr.com/photos/karlnorling/12210258193
oi_270b06efdc3f1f59.jpg,Open Images V7,train,Liza,CC BY 2.0,https://www.flickr.com/photos/lizadaly/14955055939
oi_27133e483a8b0564.jpg,Open Images V7,train,humberto gomez,CC BY 2.0,https://www.flickr.com/photos/131245801@N07/15881819854
oi_272063e36d1ec395.jpg,Open Images V7,val,cmrnrb,CC BY 2.0,https://www.flickr.com/photos/cmrnrb/18458902526/
oi_2725b1ba99f96870.jpg,Open Images V7,train,N i c o l a,CC BY 2.0,https://www.flickr.com/photos/15216811@N06/22132987052
oi_2730b4f221908ca9.jpg,Open Images V7,train,Rojer,CC BY 2.0,https://www.flickr.com/photos/rojer/4891868250
oi_2732c7dca8b77f68.jpg,Open Images V7,train,RSLab,CC BY 2.0,https://www.flickr.com/photos/134584268@N04/20226993368
oi_273faabe3ba667db.jpg,Open Images V7,val,Spencer Wright,CC BY 2.0,https://www.flickr.com/photos/spencer77/5090202953
oi_274dd464135a8889.jpg,Open Images V7,train,Michela Simoncini,CC BY 2.0,https://www.flickr.com/photos/comunicati/1252276476
oi_275a18e551c04b04.jpg,Open Images V7,train,vagueonthehow,CC BY 2.0,https://www.flickr.com/photos/vagueonthehow/4853687344
oi_275d5631e3fea6de.jpg,Open Images V7,train,Paul Jones,CC BY 2.0,https://www.flickr.com/photos/paulandbeth/2647831271
oi_276f0652daeaaed7.jpg,Open Images V7,val,Steve Watson,CC BY 2.0,https://www.flickr.com/photos/93029416@N08/16195562473
oi_27754d14eeccbd4c.jpg,Open Images V7,train,Mark  Gunn,CC BY 2.0,https://www.flickr.com/photos/mark-gunn/14048305213
oi_278634011e3e510a.jpg,Open Images V7,train,Rinaldo Wurglitsch,CC BY 2.0,https://www.flickr.com/photos/wurglitsch/9422344400
oi_278a1302b9cbe6f2.jpg,Open Images V7,train,Hernán García Crespo,CC BY 2.0,https://www.flickr.com/photos/subzonica/412845646
oi_2792840aab6b09c3.jpg,Open Images V7,train,William Warby,CC BY 2.0,https://www.flickr.com/photos/wwarby/7110109145
oi_27990697803fbbda.jpg,Open Images V7,train,City.and.Color,CC BY 2.0,https://www.flickr.com/photos/technicolourcity/10496311834
oi_27a13c40b77102bb.jpg,Open Images V7,val,jeffschuler,CC BY 2.0,https://www.flickr.com/photos/jeffschuler/94410547/
oi_27a14b5d67837cee.jpg,Open Images V7,train,Roberto Venturini,CC BY 2.0,https://www.flickr.com/photos/robven/1847770092
oi_27b34241550c4a69.jpg,Open Images V7,train,Steve Jurvetson,CC BY 2.0,https://www.flickr.com/photos/jurvetson/106804339
oi_27bc418d408b3779.jpg,Open Images V7,train,Lwp Kommunikáció,CC BY 2.0,https://www.flickr.com/photos/lwpkommunikacio/14719093038
oi_27bef37391e0bc25.jpg,Open Images V7,train,John Morgan,CC BY 2.0,https://www.flickr.com/photos/aidanmorgan/2409692496
oi_27c7bbb38f81e52f.jpg,Open Images V7,train,Jorge Láscar,CC BY 2.0,https://www.flickr.com/photos/jlascar/4625674807
oi_27cf2a7f92107cf3.jpg,Open Images V7,train,brownpau,CC BY 2.0,https://www.flickr.com/photos/brownpau/7253346786
oi_27e0e7c78d7fbee6.jpg,Open Images V7,train,Yxes Delacroix,CC BY 2.0,https://www.flickr.com/photos/yxesflickr/14837213478
oi_27e9983f46600aa8.jpg,Open Images V7,train,Jeremy Thompson,CC BY 2.0,https://www.flickr.com/photos/rollercoasterphilosophy/15942153232/
oi_27f7b8dbb570fd70.jpg,Open Images V7,val,Peter Halling Hilborg,CC BY 2.0,https://www.flickr.com/photos/philborg/8563495473
oi_27f8c70a068880a7.jpg,Open Images V7,train,NOAA Photo Library,CC BY 2.0,https://www.flickr.com/photos/noaaphotolib/5410638307
oi_27fb6692be4cf794.jpg,Open Images V7,train,chee.hong,CC BY 2.0,https://www.flickr.com/photos/chleong/479355793
oi_28076d00b6aa1bfe.jpg,Open Images V7,train,Rusty Clark - On the Air M-F 8am-noon,CC BY 2.0,https://www.flickr.com/photos/rusty_clark/6623440699
oi_280e94dd4b5645ca.jpg,Open Images V7,train,kimba Howard,CC BY 2.0,https://www.flickr.com/photos/kimba/183273860
oi_2818749aeab5b809.jpg,Open Images V7,test,Mike Baird,CC BY 2.0,https://www.flickr.com/photos/mikebaird/5233602600
oi_281d01caf39bd9b7.jpg,Open Images V7,train,jinterwas,CC BY 2.0,https://www.flickr.com/photos/jinterwas/7285055594
oi_281d8fdc2ad21b01.jpg,Open Images V7,test,Brian Gratwicke,CC BY 2.0,https://www.flickr.com/photos/briangratwicke/6926280558
oi_28245d00651bdf38.jpg,Open Images V7,train,Thomas Kohler,CC BY 2.0,https://www.flickr.com/photos/mecklenburg/4508473835
oi_2828820179dca38b.jpg,Open Images V7,train,LASZLO ILYES,CC BY 2.0,https://www.flickr.com/photos/laszlo-photo/2062178115
oi_283193a58931e955.jpg,Open Images V7,val,Kate Ter Haar,CC BY 2.0,https://www.flickr.com/photos/katerha/5132077824
oi_28332e82d9e8b3f5.jpg,Open Images V7,val,Selena N. B. H.,CC BY 2.0,https://www.flickr.com/photos/moonlightbulb/2622026431
oi_28343d4fd9c2b89d.jpg,Open Images V7,train,Dan Hershman,CC BY 2.0,https://www.flickr.com/photos/hershman/498983855
oi_2835c98765339f05.jpg,Open Images V7,test,Derek Keats,CC BY 2.0,https://www.flickr.com/photos/dkeats/6231468424
oi_283d37dd6c7d3e6f.jpg,Open Images V7,train,Moto &quot;Club4AG&quot; Miwa,CC BY 2.0,https://www.flickr.com/photos/moto_club4ag/4097025234
oi_2852519cc6329af3.jpg,Open Images V7,test,Michelle,CC BY 2.0,https://www.flickr.com/photos/dragnfly78/248661273
oi_285b080eae05cb72.jpg,Open Images V7,val,Angela Schmeidel Randall,CC BY 2.0,https://www.flickr.com/photos/arandall/4969290173
oi_28632ffc50a951c4.jpg,Open Images V7,train,Andrew Gould,CC BY 2.0,https://www.flickr.com/photos/arthwollipot/5217814234
oi_286dfcd5889a23b6.jpg,Open Images V7,train,Mike Baird,CC BY 2.0,https://www.flickr.com/photos/mikebaird/13962197759
oi_287773a159743ea4.jpg,Open Images V7,train,Jim Holtan,CC BY 2.0,https://www.flickr.com/photos/jimholtan/10806214465
oi_287fe09d705cc870.jpg,Open Images V7,val,Greenland Travel,CC BY 2.0,https://www.flickr.com/photos/greenlandtravel/15154408496
oi_2881181186bfe1ee.jpg,Open Images V7,val,Cliff,CC BY 2.0,https://www.flickr.com/photos/nostri-imago/2877080594
oi_28844b697a00eeb3.jpg,Open Images V7,val,Kyknoord,CC BY 2.0,https://www.flickr.com/photos/kyknoord/2531161704
oi_2884b755b754924c.jpg,Open Images V7,train,Neil McCrae,CC BY 2.0,https://www.flickr.com/photos/ndmccrae/5870752370
oi_2889ea8b1225525b.jpg,Open Images V7,train,Sharron,CC BY 2.0,https://www.flickr.com/photos/lownote/5963858318
oi_288bb1155ff20254.jpg,Open Images V7,train,Michael,CC BY 2.0,https://www.flickr.com/photos/sagamiono/4730588573
oi_288e988efc180897.jpg,Open Images V7,val,Brian Gratwicke,CC BY 2.0,https://www.flickr.com/photos/briangratwicke/7072365045
oi_2891cd305a42932a.jpg,Open Images V7,test,Roderick Eime,CC BY 2.0,https://www.flickr.com/photos/rodeime/16612455446
oi_2891d914fb4e620c.jpg,Open Images V7,val,Paul Mannix,CC BY 2.0,https://www.flickr.com/photos/paulmannix/303564156
oi_28a5f0ff550dee1d.jpg,Open Images V7,train,James St. John,CC BY 2.0,https://www.flickr.com/photos/jsjgeology/15561499144
oi_28ac7b016a2986f0.jpg,Open Images V7,test,Arturo Martinez,CC BY 2.0,https://www.flickr.com/photos/thephoenixbird/8272968967
oi_28ae814ca4f0577e.jpg,Open Images V7,train,bobistraveling,CC BY 2.0,https://www.flickr.com/photos/bobistraveling/4055141433
oi_28b1ac466f5bd5c5.jpg,Open Images V7,train,dustinpsmith,CC BY 2.0,https://www.flickr.com/photos/dustinpsmith/3346052640
oi_28b8c2d1b245f757.jpg,Open Images V7,train,Master Man,CC BY 2.0,https://www.flickr.com/photos/masterman/2856539801/
oi_28c20a15541b368a.jpg,Open Images V7,val,ScubaBear68,CC BY 2.0,https://www.flickr.com/photos/22310955@N02/2544251313
oi_28c5837cfb67d284.jpg,Open Images V7,train,Rick,CC BY 2.0,https://www.flickr.com/photos/magicrobot/3428480576
oi_28c7249be311d08e.jpg,Open Images V7,train,Jerry,CC BY 2.0,https://www.flickr.com/photos/gorefiendus/2532613551
oi_28cdeed7bf01554b.jpg,Open Images V7,train,Mayuki Sawatari,CC BY 2.0,https://www.flickr.com/photos/mayuki/16249436621
oi_28deca697e60a01d.jpg,Open Images V7,train,Tim Creque,CC BY 2.0,https://www.flickr.com/photos/timjc513/2219436401
oi_28e92c436a7abd7c.jpg,Open Images V7,train,Karri Huhtanen,CC BY 2.0,https://www.flickr.com/photos/damork/5871821915
oi_28f9ddfca6b3bf2c.jpg,Open Images V7,train,Tom Phillips,CC BY 2.0,https://www.flickr.com/photos/81774236@N05/7693120198
oi_28fb59e5316e7c37.jpg,Open Images V7,train,Kazuhisa OTSUBO,CC BY 2.0,https://www.flickr.com/photos/cytech/5098803301
oi_2900fc23ab1f1518.jpg,Open Images V7,train,Beau Giles,CC BY 2.0,https://www.flickr.com/photos/beaugiles/5594265529
oi_2902680e4b8d4b74.jpg,Open Images V7,test,Subharnab Majumdar,CC BY 2.0,https://www.flickr.com/photos/subharnab/13401033295
oi_2904332d92155262.jpg,Open Images V7,train,Chris Pearson,CC BY 2.0,https://www.flickr.com/photos/chrispearson72/2377532770
oi_290c253f40a60c71.jpg,Open Images V7,train,enrico viola,CC BY 2.0,https://www.flickr.com/photos/naus3a01/139614681
oi_2912d021ab80fbc0.jpg,Open Images V7,val,Sadie_Girl,CC BY 2.0,https://www.flickr.com/photos/sadie_16/4609779172
oi_29235719e83696ba.jpg,Open Images V7,train,bookfinch,CC BY 2.0,https://www.flickr.com/photos/mamsy/15365057124
oi_293b95059f93c257.jpg,Open Images V7,val,Jon  Perry,CC BY 2.0,https://www.flickr.com/photos/rebel-without-applause/16896738531
oi_294a73d6938ad25c.jpg,Open Images V7,val,Fred von Lohmann,CC BY 2.0,https://www.flickr.com/photos/vonlohmann/504650859
oi_294dfdfc752e9bc0.jpg,Open Images V7,val,U.S. Fish and Wildlife Service Headquarters,CC BY 2.0,https://www.flickr.com/photos/usfwshq/8473448759
oi_2958535dc93ab38e.jpg,Open Images V7,train,Peter Becker,CC BY 2.0,https://www.flickr.com/photos/peterbecker/253119966
oi_2958c8cb5fd5d7a8.jpg,Open Images V7,train,Antony Oliver,CC BY 2.0,https://www.flickr.com/photos/leithcote/227052893
oi_295e11f117be05d3.jpg,Open Images V7,train,Phalinn Ooi,CC BY 2.0,https://www.flickr.com/photos/phalinn/14796981731
oi_29693c1c69a1cff1.jpg,Open Images V7,train,Joel Kramer,CC BY 2.0,https://www.flickr.com/photos/75001512@N00/3368204841
oi_29744279e6fee87f.jpg,Open Images V7,train,PhotoGenicCreativity,CC BY 2.0,https://www.flickr.com/photos/photgeniccreativity/6930714839
oi_29806a0ea6f5b9ad.jpg,Open Images V7,test,John,CC BY 2.0,https://www.flickr.com/photos/8373783@N07/5459828115
oi_29841af92aff8392.jpg,Open Images V7,train,Elma,CC BY 2.0,https://www.flickr.com/photos/24710622@N05/3409991989
oi_298dfa1cc48d97e0.jpg,Open Images V7,train,arileu,CC BY 2.0,https://www.flickr.com/photos/arileu/11608187964
oi_2990c8905be2744f.jpg,Open Images V7,train,Leszek Leszczynski,CC BY 2.0,https://www.flickr.com/photos/leszekleszczynski/6066871830
oi_299690beadf9ccff.jpg,Open Images V7,val,claumoho,CC BY 2.0,https://www.flickr.com/photos/claudiah/5012837163
oi_299a19e4ff039729.jpg,Open Images V7,train,Sergey Gabdurakhmanov,CC BY 2.0,https://www.flickr.com/photos/gabdurakhmanov/3636071646
oi_299b077cd2a0977f.jpg,Open Images V7,train,Rennett Stowe,CC BY 2.0,https://www.flickr.com/photos/tomsaint/10803043334
oi_29a532ea95f05512.jpg,Open Images V7,train,Shinji,CC BY 2.0,https://www.flickr.com/photos/cinz/23032371
oi_29a8b9ca12e808ed.jpg,Open Images V7,train,Frankzed,CC BY 2.0,https://www.flickr.com/photos/frankzed/8226700754
oi_29aa2f689e0bdcb8.jpg,Open Images V7,val,popofatticus,CC BY 2.0,https://www.flickr.com/photos/barretthall/8201089898
oi_29aa910fbd528bad.jpg,Open Images V7,train,Dan4th Nicholas,CC BY 2.0,https://www.flickr.com/photos/dan4th/483866752
oi_29ad53fe2aae7169.jpg,Open Images V7,train,Dolphin Discovery,CC BY 2.0,https://www.flickr.com/photos/dolphindiscovery/2556562143
oi_29ad6be2cc3ca76f.jpg,Open Images V7,train,Dave Center,CC BY 2.0,https://www.flickr.com/photos/davidcenterphotography/4637209973
oi_29b4d3044b8ff63a.jpg,Open Images V7,train,kmitschke,CC BY 2.0,https://www.flickr.com/photos/kurtito/5456492065
oi_29b9a021e12e0b8b.jpg,Open Images V7,train,USFWS - Pacific Region,CC BY 2.0,https://www.flickr.com/photos/usfwspacific/8199890335
oi_29b9aa34aa2d4eb1.jpg,Open Images V7,train,Gareth Williams,CC BY 2.0,https://www.flickr.com/photos/gareth1953/4584264149
oi_29bad728145e5ccc.jpg,Open Images V7,val,Shinji,CC BY 2.0,https://www.flickr.com/photos/29002012@N00/281696663
oi_29c6301a537f8c0a.jpg,Open Images V7,train,U.S. Fish and Wildlife Service Headquarters,CC BY 2.0,https://www.flickr.com/photos/usfwshq/9068551308
oi_29cb85f5ffe05f97.jpg,Open Images V7,val,mst7022,CC BY 2.0,https://www.flickr.com/photos/michaeltflickrpics/73817218/
oi_29d94d29e3880c29.jpg,Open Images V7,val,Aaron Logan,CC BY 2.0,https://www.flickr.com/photos/lightmatter/3282474004
oi_29d953584f8627cf.jpg,Open Images V7,train,NOAA Photo Library,CC BY 2.0,https://www.flickr.com/photos/noaaphotolib/11468640055
oi_29df320113011346.jpg,Open Images V7,test,Atraktor Studio,CC BY 2.0,https://www.flickr.com/photos/atraktor/5853814010
oi_29e625199bd4833e.jpg,Open Images V7,val,Dimitris Siskopoulos,CC BY 2.0,https://www.flickr.com/photos/dimsis/19852965905
oi_29ec8079ef8d13b3.jpg,Open Images V7,train,Jim G,CC BY 2.0,https://www.flickr.com/photos/jimg944/2849827068
oi_29f2a84f3d29ccd1.jpg,Open Images V7,train,Paul Kretek,CC BY 2.0,https://www.flickr.com/photos/limemonkey/296423914
oi_29f2abaf3af0d226.jpg,Open Images V7,val,bp6316,CC BY 2.0,https://www.flickr.com/photos/bp6316/7582609536
oi_29ff24ea631770b0.jpg,Open Images V7,val,Mike Baird,CC BY 2.0,https://www.flickr.com/photos/mikebaird/3436104118
oi_2a035e3e401dcd0d.jpg,Open Images V7,val,temaki,CC BY 2.0,https://www.flickr.com/photos/_temaki_/8138550776
oi_2a113b4149ec7bc1.jpg,Open Images V7,test,nomis-simon,CC BY 2.0,https://www.flickr.com/photos/nomissimon/16094678415/
oi_2a12497b1c21973a.jpg,Open Images V7,val,renee.,CC BY 2.0,https://www.flickr.com/photos/throughmyeyes/36722822
oi_2a23b4c7a4521a90.jpg,Open Images V7,train,docentjoyce,CC BY 2.0,https://www.flickr.com/photos/docentjoyce/14566142043
oi_2a23b8097039b91e.jpg,Open Images V7,train,benketaro,CC BY 2.0,https://www.flickr.com/photos/misskei/4289985784
oi_2a2563be88053d71.jpg,Open Images V7,train,Jerry Kirkhart,CC BY 2.0,https://www.flickr.com/photos/jkirkhart35/2281653819
oi_2a2badc86b212f1e.jpg,Open Images V7,train,Leszek Leszczynski,CC BY 2.0,https://www.flickr.com/photos/leszekleszczynski/6066325959
oi_2a3fca7ddee62e85.jpg,Open Images V7,train,Joaquin Moreno,CC BY 2.0,https://www.flickr.com/photos/100902849@N05/10090501426
oi_2a538fb6ec6267dc.jpg,Open Images V7,val,Luigi Mengato,CC BY 2.0,https://www.flickr.com/photos/luigimengato/6178331063
oi_2a57d879b047582b.jpg,Open Images V7,train,Jim Reynolds,CC BY 2.0,https://www.flickr.com/photos/revjim5000/14723553937/
oi_2a585782854a98c1.jpg,Open Images V7,val,SaraYeomans,CC BY 2.0,https://www.flickr.com/photos/yeomans/84111149
oi_2a59594c4b94385f.jpg,Open Images V7,train,Huei-Chiang Tsai,CC BY 2.0,https://www.flickr.com/photos/zric/4958183697
oi_2a6bcb06fc7d2f3f.jpg,Open Images V7,train,Jérôme Decq,CC BY 2.0,https://www.flickr.com/photos/lesphotosdejerome/5235753628
oi_2a773503a0438975.jpg,Open Images V7,val,A.Davey,CC BY 2.0,https://www.flickr.com/photos/adavey/4152766181
oi_2a81d1d324e65b00.jpg,Open Images V7,train,David~O,CC BY 2.0,https://www.flickr.com/photos/8106459@N07/2614532765
oi_2a82ee7ba838cf3f.jpg,Open Images V7,train,Shelly Prevost,CC BY 2.0,https://www.flickr.com/photos/photogism/19877066391
oi_2a898eebd395e223.jpg,Open Images V7,train,Phalinn Ooi,CC BY 2.0,https://www.flickr.com/photos/phalinn/829361274
oi_2a91526b14c3c7bd.jpg,Open Images V7,val,kobakou,CC BY 2.0,https://www.flickr.com/photos/kobakou/3962154527
oi_2a94e357eb1b73f8.jpg,Open Images V7,train,beautiful-dissaster,CC BY 2.0,https://www.flickr.com/photos/10285404@N06/15782592231
oi_2a9851fbd5a37656.jpg,Open Images V7,val,Makuahine Pa&#x27;i Ki&#x27;i,CC BY 2.0,https://www.flickr.com/photos/hawaii-mcgraths/4454508735
oi_2aa38725bd8227b0.jpg,Open Images V7,train,Jeff Gunn,CC BY 2.0,https://www.flickr.com/photos/jeffgunn/3278734596
oi_2aa4fa5fdd0a3e59.jpg,Open Images V7,train,Joi Ito,CC BY 2.0,https://www.flickr.com/photos/joi/4972413508
oi_2ac5ef1149dd35e2.jpg,Open Images V7,train,prilfish,CC BY 2.0,https://www.flickr.com/photos/silkebaron/296283813
oi_2ac60763c092a80f.jpg,Open Images V7,train,mario,CC BY 2.0,https://www.flickr.com/photos/64738468@N00/7379120020
oi_2ac8e0725556162e.jpg,Open Images V7,train,Christopher Michel,CC BY 2.0,https://www.flickr.com/photos/cmichel67/19436518478
oi_2ad90e1486873a25.jpg,Open Images V7,test,Yuko Hara,CC BY 2.0,https://www.flickr.com/photos/yuko_ppp/2621328976
oi_2ada410565328035.jpg,Open Images V7,val,David Blaikie,CC BY 2.0,https://www.flickr.com/photos/nikonvscanon/366867268
oi_2af1108d6ba8ca75.jpg,Open Images V7,train,"Jim, the Photographer",CC BY 2.0,https://www.flickr.com/photos/jcapaldi/6656519457
oi_2af71fc332bfaa7c.jpg,Open Images V7,train,JoshBerglund19,CC BY 2.0,https://www.flickr.com/photos/tyrian123/479211774
oi_2afaf15039a2f5c8.jpg,Open Images V7,val,Fernando Dall&#x27;Acqua,CC BY 2.0,https://www.flickr.com/photos/fernando_dallacqua/120442220
oi_2b045a4fee124831.jpg,Open Images V7,val,Dominic Scaglioni,CC BY 2.0,https://www.flickr.com/photos/dominic-scaglioni/7675332814
oi_2b0482cc82e95f38.jpg,Open Images V7,val,NOAA Photo Library,CC BY 2.0,https://www.flickr.com/photos/noaaphotolib/5083606719
oi_2b0738d757ae074b.jpg,Open Images V7,train,Petra Kohlstädt,CC BY 2.0,https://www.flickr.com/photos/91576944@N00/1296819369
oi_2b0bd0e54f6fbb2f.jpg,Open Images V7,train,prilfish,CC BY 2.0,https://www.flickr.com/photos/silkebaron/3642517642
oi_2b22931d334397fd.jpg,Open Images V7,train,Joe King,CC BY 2.0,https://www.flickr.com/photos/jking89/5849155962
oi_2b2ce86dbbc94066.jpg,Open Images V7,train,Derek Keats,CC BY 2.0,https://www.flickr.com/photos/dkeats/5327936978
oi_2b36074005a0521a.jpg,Open Images V7,train,Shinji,CC BY 2.0,https://www.flickr.com/photos/cinz/225208072
oi_2b3c366fef561c87.jpg,Open Images V7,train,xiquinhosilva,CC BY 2.0,https://www.flickr.com/photos/xiquinho/5141885957
oi_2b40542b6877f17c.jpg,Open Images V7,train,brownpau,CC BY 2.0,https://www.flickr.com/photos/brownpau/6640359745
oi_2b522a4e447b86d4.jpg,Open Images V7,val,prilfish,CC BY 2.0,https://www.flickr.com/photos/silkebaron/3779659217
oi_2b52c40e5b8fa9fe.jpg,Open Images V7,train,Khor Harn Sheng,CC BY 2.0,https://www.flickr.com/photos/harnsheng/9130649261
oi_2b58818f4c7b1e62.jpg,Open Images V7,train,Milan Boers,CC BY 2.0,https://www.flickr.com/photos/milanboers/3506610679
oi_2b5e22c88aaed7e0.jpg,Open Images V7,train,fortbragg,CC BY 2.0,https://www.flickr.com/photos/fortbragg/3433204281
oi_2b6838c97555c5c0.jpg,Open Images V7,train,U.S. Fish and Wildlife Service Northeast Region,CC BY 2.0,https://www.flickr.com/photos/usfwsnortheast/5861456456
oi_2b6c1a84f5e76433.jpg,Open Images V7,train,Wilfred Hdez,CC BY 2.0,https://www.flickr.com/photos/wilfred_hdez/20248087436
oi_2b6ddd2cbc03627c.jpg,Open Images V7,train,Jeremy T. Hetzel,CC BY 2.0,https://www.flickr.com/photos/jthetzel/5339708020
oi_2b6e3156e61499ce.jpg,Open Images V7,val,Andy Blackledge,CC BY 2.0,https://www.flickr.com/photos/hockeyholic/8597217040
oi_2b72558f9c83e7ed.jpg,Open Images V7,train,NOAA Photo Library,CC BY 2.0,https://www.flickr.com/photos/noaaphotolib/5188109342
oi_2b73daf4f897ccf1.jpg,Open Images V7,val,Rob Loftis,CC BY 2.0,https://www.flickr.com/photos/77913019@N00/4411878266
oi_2b7bbcc3de2b1e5c.jpg,Open Images V7,val,gpatague online porfolio,CC BY 2.0,https://www.flickr.com/photos/gpatague/2076489072
oi_2b8d2017796c0bb9.jpg,Open Images V7,train,Gary Millar,CC BY 2.0,https://www.flickr.com/photos/wildmountainrose/16333910422/
oi_2b9787475afd78d0.jpg,Open Images V7,val,Rusty Clark - On the Air M-F 8am-noon,CC BY 2.0,https://www.flickr.com/photos/rusty_clark/6046351595
oi_2b9ad22431b16d08.jpg,Open Images V7,val,Elias Levy,CC BY 2.0,https://www.flickr.com/photos/elevy/14487371333
oi_2b9ef166afff071a.jpg,Open Images V7,train,Brian Gratwicke,CC BY 2.0,https://www.flickr.com/photos/briangratwicke/8501034283
oi_2b9f4b497b3ed8b9.jpg,Open Images V7,val,Sid Mosdell,CC BY 2.0,https://www.flickr.com/photos/sidm/6138990832
oi_2bb61ee1a9d15b4d.jpg,Open Images V7,train,doctorho,CC BY 2.0,https://www.flickr.com/photos/doctorho/15776802686
oi_2bb8e1607e0bed4e.jpg,Open Images V7,test,Jim G,CC BY 2.0,https://www.flickr.com/photos/jimg944/8315352687
oi_2bbc68ab860cc063.jpg,Open Images V7,val,TANAKA Juuyoh (田中十洋),CC BY 2.0,https://www.flickr.com/photos/tanaka_juuyoh/1568138818
oi_2bc4aeaca4b75b3e.jpg,Open Images V7,train,Paul Krawczuk,CC BY 2.0,https://www.flickr.com/photos/krawczuk/9325884696
oi_2bcaf75ced763bfc.jpg,Open Images V7,val,jeff~,CC BY 2.0,https://www.flickr.com/photos/jphotos/17312891733
oi_2bd0773fd913eea2.jpg,Open Images V7,train,brett jordan,CC BY 2.0,https://www.flickr.com/photos/x1brett/6453704617
oi_2bd15cdc51ba75f4.jpg,Open Images V7,test,Artem Baguinski,CC BY 2.0,https://www.flickr.com/photos/artm/1475973972
oi_2bd7c6e8c2068bf5.jpg,Open Images V7,val,Drew Avery,CC BY 2.0,https://www.flickr.com/photos/33590535@N06/4113756494
oi_2be865cbfda1bbb6.jpg,Open Images V7,train,Steve Watson,CC BY 2.0,https://www.flickr.com/photos/93029416@N08/16789475036
oi_2bf2959b0f8d325d.jpg,Open Images V7,test,Bruno Caimi,CC BY 2.0,https://www.flickr.com/photos/bruno_brujah/3172040091
oi_2c03586a6fec1131.jpg,Open Images V7,train,Chris Pearson,CC BY 2.0,https://www.flickr.com/photos/chrispearson72/2376590681
oi_2c07ad86cf7b589e.jpg,Open Images V7,train,Centro Professionale Europeo &quot;Leonardo&quot;,CC BY 2.0,https://www.flickr.com/photos/cpeleonardo/9181566521
oi_2c0e36cc98a66568.jpg,Open Images V7,train,Kevin Gibbons,CC BY 2.0,https://www.flickr.com/photos/kevgibbo/705054237
oi_2c15278a62992f2a.jpg,Open Images V7,test,Jerry Kirkhart,CC BY 2.0,https://www.flickr.com/photos/jkirkhart35/7541139258
oi_2c1d30d42d948a4b.jpg,Open Images V7,train,ben_osteen,CC BY 2.0,https://www.flickr.com/photos/ben_on_the_move/6490218061
oi_2c268f4ead604cd1.jpg,Open Images V7,train,Derek Keats,CC BY 2.0,https://www.flickr.com/photos/dkeats/5758683441
oi_2c34886604426a5b.jpg,Open Images V7,train,DncnH,CC BY 2.0,https://www.flickr.com/photos/duncanh1/15458486506
oi_2c388231a7c5853b.jpg,Open Images V7,train,Morgan Dobbins,CC BY 2.0,https://www.flickr.com/photos/105728270@N03/10330921534
oi_2c3a65a17834ac72.jpg,Open Images V7,train,Mark Doliner,CC BY 2.0,https://www.flickr.com/photos/markdoliner/15569277906
oi_2c3e9b5af35ec2c4.jpg,Open Images V7,train,Kamillo Kluth,CC BY 2.0,https://www.flickr.com/photos/27330306@N08/3757848085
oi_2c50a11172522011.jpg,Open Images V7,train,jomilo75,CC BY 2.0,https://www.flickr.com/photos/jomilo75/502323419
oi_2c585f80f9532e2f.jpg,Open Images V7,train,Me-Liss-A,CC BY 2.0,https://www.flickr.com/photos/lissjasmin/622780860
oi_2c7495b34e3e25c6.jpg,Open Images V7,train,Abhinaba Basu,CC BY 2.0,https://www.flickr.com/photos/abhinaba/5536224237
oi_2c8a8503292ab979.jpg,Open Images V7,train,sneakerdog,CC BY 2.0,https://www.flickr.com/photos/sneakerdog/2643372260
oi_2c8b8fee367b5ff3.jpg,Open Images V7,train,Graeme Churchard,CC BY 2.0,https://www.flickr.com/photos/graeme/5632526609
oi_2c96cf3a2e45d7ed.jpg,Open Images V7,val,Jayvee Fernandez,CC BY 2.0,https://www.flickr.com/photos/jayvee/8773703245
oi_2c9a769f49c837c1.jpg,Open Images V7,train,Piano Piano!,CC BY 2.0,https://www.flickr.com/photos/hansthijs/514460538
oi_2c9cbae8effad76a.jpg,Open Images V7,train,Jordan Robinson,CC BY 2.0,https://www.flickr.com/photos/mighty55/9736681201
oi_2ca3c888dd0df73e.jpg,Open Images V7,train,Derek Keats,CC BY 2.0,https://www.flickr.com/photos/dkeats/5755674066
oi_2ca641df2ddd4dec.jpg,Open Images V7,train,Tony Hisgett,CC BY 2.0,https://www.flickr.com/photos/hisgett/221991224
oi_2ca7ff0ceea50010.jpg,Open Images V7,val,Paul Reynolds,CC BY 2.0,https://www.flickr.com/photos/bigtallguy/127016039
oi_2cb2692bfbdad8aa.jpg,Open Images V7,train,Kathy,CC BY 2.0,https://www.flickr.com/photos/44603071@N00/10103089474/
oi_2cb3a52707d86576.jpg,Open Images V7,train,latteda,CC BY 2.0,https://www.flickr.com/photos/latteda/8044556957
oi_2cb5e5c532ecb0c7.jpg,Open Images V7,test,Andrea Schaffer,CC BY 2.0,https://www.flickr.com/photos/aschaf/15280122000
oi_2cbc693adfa17fee.jpg,Open Images V7,train,ict.wa4,CC BY 2.0,https://www.flickr.com/photos/57449308@N08/5827080933
oi_2cbdcc534d01ecdb.jpg,Open Images V7,test,merec0,CC BY 2.0,https://www.flickr.com/photos/merec0/5705001579/
oi_2cc1e42bc1fadb3f.jpg,Open Images V7,train,Dimitris Siskopoulos,CC BY 2.0,https://www.flickr.com/photos/dimsis/20988319542
oi_2cc464a19d5e6708.jpg,Open Images V7,val,Flash Bunny,CC BY 2.0,https://www.flickr.com/photos/flash_bunny/14008468310
oi_2cca591d9bbd4913.jpg,Open Images V7,train,Isaac Wedin,CC BY 2.0,https://www.flickr.com/photos/izik/15967038797
oi_2cccb89bf5247f1b.jpg,Open Images V7,test,Robert Young,CC BY 2.0,https://www.flickr.com/photos/robertpaulyoung/2769966441
oi_2ce175b41a97c6bd.jpg,Open Images V7,train,Tim Regan,CC BY 2.0,https://www.flickr.com/photos/dumbledad/4786155387
oi_2cf117c67eb12347.jpg,Open Images V7,train,John Hoey,CC BY 2.0,https://www.flickr.com/photos/drjohn01702/12795110343
oi_2cf342b0ad0b8096.jpg,Open Images V7,train,JeffChristiansen,CC BY 2.0,https://www.flickr.com/photos/jeffchristiansen/6986684295
oi_2d0215a0a4b49fc1.jpg,Open Images V7,train,Jeremy Bradford,CC BY 2.0,https://www.flickr.com/photos/jtbradford/7934949822
oi_2d0f3ff6a855c4a4.jpg,Open Images V7,train,duzzani,CC BY 2.0,https://www.flickr.com/photos/duzzani/15062730380
oi_2d0fb2ff08fc86a8.jpg,Open Images V7,train,Jinny the Squinny,CC BY 2.0,https://www.flickr.com/photos/40299618@N00/6291432635
oi_2d12c32a4e5d3164.jpg,Open Images V7,val,Kylie Turley,CC BY 2.0,https://www.flickr.com/photos/spencerandkylie/18944565115
oi_2d2b79cfa531de23.jpg,Open Images V7,val,Ed Bierman,CC BY 2.0,https://www.flickr.com/photos/edbierman/2940509400
oi_2d341e093d3e549f.jpg,Open Images V7,train,Angell Williams,CC BY 2.0,https://www.flickr.com/photos/53357045@N02/4973031077
oi_2d36693fd9544d42.jpg,Open Images V7,test,Steve Jurvetson,CC BY 2.0,https://www.flickr.com/photos/jurvetson/74274113
oi_2d3db0505127399d.jpg,Open Images V7,train,NOAA Photo Library,CC BY 2.0,https://www.flickr.com/photos/noaaphotolib/5020401039
oi_2d405dbb3dcd1c07.jpg,Open Images V7,train,NOAA Photo Library,CC BY 2.0,https://www.flickr.com/photos/noaaphotolib/5030209080
oi_2d40d50de47b6f58.jpg,Open Images V7,val,Simon Allardice,CC BY 2.0,https://www.flickr.com/photos/travelsofamonkey/2771898622
oi_2d4e39dc2d560729.jpg,Open Images V7,train,USFWS Mountain-Prairie,CC BY 2.0,https://www.flickr.com/photos/usfwsmtnprairie/5764989143
oi_2d5168c3d8008a13.jpg,Open Images V7,train,bm.iphone,CC BY 2.0,https://www.flickr.com/photos/bmiphone/6253138105
oi_2d59d95a59bc74e9.jpg,Open Images V7,train,Louisiana Sea Grant College Program Louisiana State University,CC BY 2.0,https://www.flickr.com/photos/88158121@N00/12839911685
oi_2d66330eb488c959.jpg,Open Images V7,train,Farhan Chawla,CC BY 2.0,https://www.flickr.com/photos/farhan/1753047000
oi_2d73b87a46c9651e.jpg,Open Images V7,val,Chris Johnston,CC BY 2.0,https://www.flickr.com/photos/31387329@N07/12058862044/
oi_2d7494102410bc56.jpg,Open Images V7,train,Lennart Tange,CC BY 2.0,https://www.flickr.com/photos/lennartt/7973345248
oi_2d78ca70646f9be0.jpg,Open Images V7,val,Brian Gratwicke,CC BY 2.0,https://www.flickr.com/photos/briangratwicke/15009899365
oi_2d8fa1d568d936b2.jpg,Open Images V7,train,Pat Hawks,CC BY 2.0,https://www.flickr.com/photos/pathawks/3840760365
oi_2da2faeb7569d065.jpg,Open Images V7,train,Daniella Vereeken,CC BY 2.0,https://www.flickr.com/photos/betta-online/1676057529
oi_2da65cd2ca8f9981.jpg,Open Images V7,train,Nadya Peek,CC BY 2.0,https://www.flickr.com/photos/nadya/4252404054
oi_2da66d4e7d7b2922.jpg,Open Images V7,train,Elias Levy,CC BY 2.0,https://www.flickr.com/photos/elevy/14730828607
oi_2da7bb7d41762e0b.jpg,Open Images V7,train,xEmmybearx,CC BY 2.0,https://www.flickr.com/photos/xemmybearx/4573852652
oi_2dbe4c6b5e9470dd.jpg,Open Images V7,train,Clinton &amp; Charles Robertson,CC BY 2.0,https://www.flickr.com/photos/dad_and_clint/4072843117
oi_2dbed9af79a6cc75.jpg,Open Images V7,val,Jennifer Morrow,CC BY 2.0,https://www.flickr.com/photos/donotlick/4221111867
oi_2dc5d78e0f01875d.jpg,Open Images V7,train,Luna sin estrellas,CC BY 2.0,https://www.flickr.com/photos/lunasinestrellas/20315100878
oi_2dd2241b16baa4dc.jpg,Open Images V7,train,Jon Rawlinson,CC BY 2.0,https://www.flickr.com/photos/london/2505883463
oi_2ddb542d1b40f019.jpg,Open Images V7,train,Chun Yip  So,CC BY 2.0,https://www.flickr.com/photos/chunso/6743321711
oi_2ddd87b4167bb4ac.jpg,Open Images V7,test,Brian Gratwicke,CC BY 2.0,https://www.flickr.com/photos/briangratwicke/7081550667
oi_2de365bd7164ee78.jpg,Open Images V7,train,jonathan229,CC BY 2.0,https://www.flickr.com/photos/js229/2239673243
oi_2de9fd602ab8db66.jpg,Open Images V7,train,Mike Johnston,CC BY 2.0,https://www.flickr.com/photos/mikejsolutions/178517788
oi_2dea6c1e7196f0f8.jpg,Open Images V7,val,Craig Hatfield,CC BY 2.0,https://www.flickr.com/photos/craighatfield/7380756642
oi_2dee5c8720cbc3d5.jpg,Open Images V7,train,Danielle Walquist  Lynch,CC BY 2.0,https://www.flickr.com/photos/25195310@N02/2765964100/
oi_2dfa607c74931781.jpg,Open Images V7,val,istolethetv,CC BY 2.0,https://www.flickr.com/photos/istolethetv/3567880235
oi_2dfcebafe139b658.jpg,Open Images V7,val,Clinton &amp; Charles Robertson,CC BY 2.0,https://www.flickr.com/photos/dad_and_clint/765577958
oi_2e01c5292a683725.jpg,Open Images V7,train,Lee Coursey,CC BY 2.0,https://www.flickr.com/photos/leeco/8534688495
oi_2e0bafecbd406804.jpg,Open Images V7,train,Shawn Rossi,CC BY 2.0,https://www.flickr.com/photos/shawnzlea/394745124
oi_2e1977effbf9c3f3.jpg,Open Images V7,val,Caitlin,CC BY 2.0,https://www.flickr.com/photos/29553517@N08/2858528424
oi_2e19a17e325c8cf5.jpg,Open Images V7,train,Nicola Sfondrini,CC BY 2.0,https://www.flickr.com/photos/sfondrininicola/4676798352
oi_2e1aae50ecc6651d.jpg,Open Images V7,train,color line,CC BY 2.0,https://www.flickr.com/photos/sunrise/7679903
oi_2e2662077cb8842d.jpg,Open Images V7,train,Jerry Kirkhart,CC BY 2.0,https://www.flickr.com/photos/jkirkhart35/423749561
oi_2e2ac158f46aa09a.jpg,Open Images V7,val,dfaulder,CC BY 2.0,https://www.flickr.com/photos/dfaulder/4313140290
oi_2e2cfc90b0a32428.jpg,Open Images V7,test,Elias Levy,CC BY 2.0,https://www.flickr.com/photos/elevy/14894401806
oi_2e2e0952c2d5f1b8.jpg,Open Images V7,test,diveofficer,CC BY 2.0,https://www.flickr.com/photos/diveofficer/2845524231
oi_2e44e250c37c7003.jpg,Open Images V7,train,Kenneth Lu,CC BY 2.0,https://www.flickr.com/photos/toasty/4440507350
oi_2e4ab1acb9d33c07.jpg,Open Images V7,train,Marta Diarra,CC BY 2.0,https://www.flickr.com/photos/119670994@N05/13716081094
oi_2e55c2ca0cb9eb38.jpg,Open Images V7,test,Grant Barrett,CC BY 2.0,https://www.flickr.com/photos/grantbarrett/3829339630
oi_2e59c91d27df8f62.jpg,Open Images V7,val,Börkur Sigurbjörnsson,CC BY 2.0,https://www.flickr.com/photos/borkurdotnet/2607868143
oi_2e5deced44c92b2a.jpg,Open Images V7,train,oliver.dodd,CC BY 2.0,https://www.flickr.com/photos/oliverdodd/14479975109/
oi_2e6186fb65d51b09.jpg,Open Images V7,train,Jean,CC BY 2.0,https://www.flickr.com/photos/7326810@N08/5024227750
oi_2e73835c226f2672.jpg,Open Images V7,val,Soil Science,CC BY 2.0,https://www.flickr.com/photos/soilscience/5084355263
oi_2e75d4e150dd483f.jpg,Open Images V7,val,prilfish,CC BY 2.0,https://www.flickr.com/photos/silkebaron/4798457563
oi_2e837d0110ce6db0.jpg,Open Images V7,test,Amit Patel,CC BY 2.0,https://www.flickr.com/photos/amitp/34085845
oi_2eb4f91472168bcd.jpg,Open Images V7,train,NOAA Photo Library,CC BY 2.0,https://www.flickr.com/photos/noaaphotolib/5020405051
oi_2ebadff325f4583d.jpg,Open Images V7,val,Nancy &lt;I&#x27;m gonna SNAP!,CC BY 2.0,https://www.flickr.com/photos/nancynance/14294861475
oi_2ebb7c228284bd1b.jpg,Open Images V7,val,Dave_S.,CC BY 2.0,https://www.flickr.com/photos/david_e_smith/14309256879
oi_2ebe4f2f85cdef99.jpg,Open Images V7,train,Karen Hull,CC BY 2.0,https://www.flickr.com/photos/32972667@N07/3208763127
oi_2ed139bd9c9dd1ba.jpg,Open Images V7,train,Josh Hallett,CC BY 2.0,https://www.flickr.com/photos/hyku/357713266/
oi_2ed4b5f028fcceae.jpg,Open Images V7,train,Bobby Edwards,CC BY 2.0,https://www.flickr.com/photos/bobbyedwards/2332428808
oi_2ed619e799f3171d.jpg,Open Images V7,test,Chris Cliff,CC BY 2.0,https://www.flickr.com/photos/fishingwithcliff/3040616903
oi_2ed6930f2d17002b.jpg,Open Images V7,train,DeepBluC,CC BY 2.0,https://www.flickr.com/photos/deepsphotos/9479228011
oi_2ef3fd933dca05f2.jpg,Open Images V7,train,Jennifer C.,CC BY 2.0,https://www.flickr.com/photos/29638108@N06/4159762502
oi_2ef5c0eca9969796.jpg,Open Images V7,train,Kathy,CC BY 2.0,https://www.flickr.com/photos/44603071@N00/8396266335
oi_2efa3fdba2d5e623.jpg,Open Images V7,val,ume-y,CC BY 2.0,https://www.flickr.com/photos/ume-y/5768585248
oi_2efd7a77d3da7dc4.jpg,Open Images V7,train,Lisa Williams,CC BY 2.0,https://www.flickr.com/photos/pixellou/10663664324
oi_2f03bd8831db71ec.jpg,Open Images V7,test,gailhampshire,CC BY 2.0,https://www.flickr.com/photos/gails_pictures/4372767737
oi_2f059b8ea275cf17.jpg,Open Images V7,train,Ghost-in-the-Shell,CC BY 2.0,https://www.flickr.com/photos/ghost-in-the-shell/7664638764
oi_2f118af8f0c0b626.jpg,Open Images V7,train,Clinton &amp; Charles Robertson,CC BY 2.0,https://www.flickr.com/photos/dad_and_clint/2498741150
oi_2f258c3cf318fd34.jpg,Open Images V7,test,Bobo Boom,CC BY 2.0,https://www.flickr.com/photos/fotnmc/10000856286
oi_2f4a62f6c34d8d7e.jpg,Open Images V7,train,James St. John,CC BY 2.0,https://www.flickr.com/photos/jsjgeology/16180879641
oi_2f4b7d21ab324982.jpg,Open Images V7,val,whologwhy,CC BY 2.0,https://www.flickr.com/photos/hulagway/5341051267
oi_2f62d94da1129720.jpg,Open Images V7,train,Christopher Michel,CC BY 2.0,https://www.flickr.com/photos/cmichel67/18970546043
oi_2f6979f2aeb19067.jpg,Open Images V7,train,Robert,CC BY 2.0,https://www.flickr.com/photos/jemimus/201954715
oi_2f6e10ae7c7a2809.jpg,Open Images V7,val,lmnop88a,CC BY 2.0,https://www.flickr.com/photos/d_lee/1346703244
oi_2f6f7cd8ddd973e6.jpg,Open Images V7,train,Mike Baird,CC BY 2.0,https://www.flickr.com/photos/mikebaird/6598961549
oi_2f75c0f48263dbf9.jpg,Open Images V7,train,benketaro,CC BY 2.0,https://www.flickr.com/photos/misskei/4289101509
oi_2f7d8e1d0a991fd9.jpg,Open Images V7,test,LEONARDO DASILVA,CC BY 2.0,https://www.flickr.com/photos/leonardodasilva/5541115590
oi_2f9a9af9dc339c9b.jpg,Open Images V7,test,Curran Kelleher,CC BY 2.0,https://www.flickr.com/photos/10604632@N02/16184077459
oi_2fa73814f6fee521.jpg,Open Images V7,val,Rojer,CC BY 2.0,https://www.flickr.com/photos/rojer/4893199368
oi_2fabc86139084dd5.jpg,Open Images V7,train,Michael Bentley,CC BY 2.0,https://www.flickr.com/photos/donhomer/6974443291
oi_2fabcb06a27ff715.jpg,Open Images V7,train,Ilse Reijs and Jan-Noud Hutten,CC BY 2.0,https://www.flickr.com/photos/39891373@N07/3666275878
oi_2fac28653bb44049.jpg,Open Images V7,train,Three Peanuts,CC BY 2.0,https://www.flickr.com/photos/3peanuts/14264322850
oi_2faddec4772467b5.jpg,Open Images V7,train,Lwp Kommunikáció,CC BY 2.0,https://www.flickr.com/photos/lwpkommunikacio/19370235962
oi_2fc0d86867d4db65.jpg,Open Images V7,train,Nan Palmero,CC BY 2.0,https://www.flickr.com/photos/nanpalmero/4637459900
oi_2fcd6226a7b0703c.jpg,Open Images V7,test,TRF_Mr_Hyde,CC BY 2.0,https://www.flickr.com/photos/scottchene/6900897564
oi_2fe2fbc75d508eac.jpg,Open Images V7,train,Family O&#x27;Abé,CC BY 2.0,https://www.flickr.com/photos/oabe/3615177168
oi_2fe8a95ee4dc02bb.jpg,Open Images V7,test,姐夫 吳,CC BY 2.0,https://www.flickr.com/photos/50183640@N05/6509264803/
oi_2ff47315a5b4179b.jpg,Open Images V7,val,David Shankbone,CC BY 2.0,https://www.flickr.com/photos/shankbone/14317817611
oi_2ffa57c225ae6559.jpg,Open Images V7,train,Nicole Duncan,CC BY 2.0,https://www.flickr.com/photos/nicoleduncan/5764924722
oi_3003e87b8481cea5.jpg,Open Images V7,test,Mark Mitchell,CC BY 2.0,https://www.flickr.com/photos/mmitchell/5980192424/
oi_300dc6e4882f7663.jpg,Open Images V7,train,"Fede Nuñez, Pixelado*Photo_Pro",CC BY 2.0,https://www.flickr.com/photos/fedenunez/3867138828/
oi_300feef55fd56888.jpg,Open Images V7,train,ScubaBear68,CC BY 2.0,https://www.flickr.com/photos/22310955@N02/2573480431
oi_30113f381a9a3fd7.jpg,Open Images V7,train,Rich Ellison,CC BY 2.0,https://www.flickr.com/photos/7601318@N04/441275582
oi_301fd755800687b3.jpg,Open Images V7,test,Raquel Abe,CC BY 2.0,https://www.flickr.com/photos/racka/2584399124
oi_30219227e0d052c4.jpg,Open Images V7,train,LASZLO ILYES,CC BY 2.0,https://www.flickr.com/photos/laszlo-photo/2073740228
oi_3038b3f37b511f01.jpg,Open Images V7,train,Uddhav Gupta,CC BY 2.0,https://www.flickr.com/photos/camtraveller/18711286805
oi_303b0bb6312b3a1a.jpg,Open Images V7,train,Michael Matuzak,CC BY 2.0,https://www.flickr.com/photos/matuzak/13498725433
oi_303de80d20addd24.jpg,Open Images V7,train,Sam Greenhalgh,CC BY 2.0,https://www.flickr.com/photos/zapthedingbat/5531789931
oi_30496b70c9cba66d.jpg,Open Images V7,train,Carsten Frenzl,CC BY 2.0,https://www.flickr.com/photos/cfaobam/8613270255/
oi_3051af0e7a898f24.jpg,Open Images V7,val,iannnnn,CC BY 2.0,https://www.flickr.com/photos/iannnnn/6730156375
oi_3051cc4cccad200c.jpg,Open Images V7,train,Don DeBold,CC BY 2.0,https://www.flickr.com/photos/ddebold/2354458189
oi_3063b173d4b86f6a.jpg,Open Images V7,train,Ratha Grimes,CC BY 2.0,https://www.flickr.com/photos/ratha/20808254326
oi_306e724a6115c1f8.jpg,Open Images V7,train,Graham Dean,CC BY 2.0,https://www.flickr.com/photos/britanglishman/5880217995/
oi_307d0ee1218ec90d.jpg,Open Images V7,train,Dmitry Baranovskiy,CC BY 2.0,https://www.flickr.com/photos/dmitry-baranovskiy/1810743438
oi_3082c7f394dfe65e.jpg,Open Images V7,train,Helio Mota,CC BY 2.0,https://www.flickr.com/photos/haga1985/6593641513
oi_30990dcb9bf2df7e.jpg,Open Images V7,val,Derek Keats,CC BY 2.0,https://www.flickr.com/photos/dkeats/6337742260
oi_309ed780f6b591fe.jpg,Open Images V7,train,Derek Keats,CC BY 2.0,https://www.flickr.com/photos/dkeats/3064501287
oi_309edd62c34d90d5.jpg,Open Images V7,train,flowcomm,CC BY 2.0,https://www.flickr.com/photos/flowcomm/6735027623
oi_30a76f8c74c3dacf.jpg,Open Images V7,train,NOAA Photo Library,CC BY 2.0,https://www.flickr.com/photos/noaaphotolib/5019927231
oi_30a9cc761f7e75cf.jpg,Open Images V7,train,Justin Henry,CC BY 2.0,https://www.flickr.com/photos/zappowbang/890326581
oi_30aff5f99cae224a.jpg,Open Images V7,train,David Keep,CC BY 2.0,https://www.flickr.com/photos/60258557@N06/5498482647
oi_30b16337a86ebf72.jpg,Open Images V7,val,William Warby,CC BY 2.0,https://www.flickr.com/photos/wwarby/16805482066
oi_30b31972581c9a5f.jpg,Open Images V7,test,California Department of Fish and Wildlife,CC BY 2.0,https://www.flickr.com/photos/californiadfg/16740837917
oi_30b8648229cbaed0.jpg,Open Images V7,train,Tony Hisgett,CC BY 2.0,https://www.flickr.com/photos/hisgett/15563305465/
oi_30c06eda717b7951.jpg,Open Images V7,test,Scott Calleja,CC BY 2.0,https://www.flickr.com/photos/scottcalleja/5625781380/
oi_30cbd2ec647c8c56.jpg,Open Images V7,test,Osajus,CC BY 2.0,https://www.flickr.com/photos/osajus/18244234785
oi_30de98bd05ca10b2.jpg,Open Images V7,train,Torrey Wiley,CC BY 2.0,https://www.flickr.com/photos/pocketwiley/2339404028
oi_30e22aa4a238b681.jpg,Open Images V7,train,mriggen,CC BY 2.0,https://www.flickr.com/photos/riggenransom/5677869442
oi_30e3932c697f4745.jpg,Open Images V7,train,kurisuuu,CC BY 2.0,https://www.flickr.com/photos/kurisuuu/1452351162
oi_30f2fbc0cc2b272c.jpg,Open Images V7,train,Kamillo Kluth,CC BY 2.0,https://www.flickr.com/photos/27330306@N08/3757969775
oi_30f8d299778b01fb.jpg,Open Images V7,train,jomilo75,CC BY 2.0,https://www.flickr.com/photos/jomilo75/504843186
oi_311a2ff3dede1cb9.jpg,Open Images V7,test,Gabriel Pollard,CC BY 2.0,https://www.flickr.com/photos/nzgabriel/14424800225
oi_31203f436c190f7b.jpg,Open Images V7,val,Tommy Wong,CC BY 2.0,https://www.flickr.com/photos/gracewong/5992471049
oi_31209b9769757926.jpg,Open Images V7,val,Rennett Stowe,CC BY 2.0,https://www.flickr.com/photos/tomsaint/3725725010
oi_312508cc96565bf2.jpg,Open Images V7,train,Wilfred Hdez,CC BY 2.0,https://www.flickr.com/photos/wilfred_hdez/20207100886
oi_312a3551b9bb799b.jpg,Open Images V7,train,Ryan Vaarsi,CC BY 2.0,https://www.flickr.com/photos/77799978@N00/7246583830
oi_31474076ed29a2a7.jpg,Open Images V7,val,Doc Lucio,CC BY 2.0,https://www.flickr.com/photos/7665537@N02/452322743
oi_314ca4a25e005d04.jpg,Open Images V7,val,Louisiana Sea Grant College Program Louisiana State University,CC BY 2.0,https://www.flickr.com/photos/88158121@N00/4526134511
oi_3155bd05a8288c88.jpg,Open Images V7,train,Chris Johnston,CC BY 2.0,https://www.flickr.com/photos/31387329@N07/12059236556
oi_31573ea8ccd427cc.jpg,Open Images V7,val,Jeff Egnaczyk,CC BY 2.0,https://www.flickr.com/photos/post406/175177070
oi_315e2eb3ba56d128.jpg,Open Images V7,train,Makuahine Pa&#x27;i Ki&#x27;i,CC BY 2.0,https://www.flickr.com/photos/hawaii-mcgraths/4374034413/
oi_316326ff3d783c09.jpg,Open Images V7,train,Michela Simoncini,CC BY 2.0,https://www.flickr.com/photos/comunicati/8176423983
oi_31675eb5e5dde618.jpg,Open Images V7,train,AdmlCrunch,CC BY 2.0,https://www.flickr.com/photos/admlcrunch/4275734880
oi_317815c9087e5062.jpg,Open Images V7,train,Ross Huggett,CC BY 2.0,https://www.flickr.com/photos/rosshuggett/8148611194
oi_319a9b908c8987ec.jpg,Open Images V7,train,Illya Kondratyuk,CC BY 2.0,https://www.flickr.com/photos/ilesh/5414820196
oi_319d17a7ead1d818.jpg,Open Images V7,train,Paul van de Velde,CC BY 2.0,https://www.flickr.com/photos/dordrecht-holland/14050084591
oi_319fffefb482b410.jpg,Open Images V7,train,Ben Stephenson,CC BY 2.0,https://www.flickr.com/photos/benstephenson/4294289987
oi_31a8490621da2f74.jpg,Open Images V7,train,Hobie Kayak and Hobie Fishing Pictures,CC BY 2.0,https://www.flickr.com/photos/hobie-kayak-europe/15348833587
oi_31aec1975efba5b0.jpg,Open Images V7,val,Sam Blackman,CC BY 2.0,https://www.flickr.com/photos/samblackman/8862249733
oi_31b1c6b8e8c158f4.jpg,Open Images V7,val,Manele R.,CC BY 2.0,https://www.flickr.com/photos/96482489@N06/16508540394
oi_31bdaee10edcf00e.jpg,Open Images V7,train,Mike Baird,CC BY 2.0,https://www.flickr.com/photos/mikebaird/19739141756
oi_31d0297e1ffa019d.jpg,Open Images V7,val,Yannick Vernet,CC BY 2.0,https://www.flickr.com/photos/yannick_vernet/16678461463
oi_31d2c158b44947cb.jpg,Open Images V7,train,Brian Snelson,CC BY 2.0,https://www.flickr.com/photos/exfordy/429427312
oi_31d376e7d5ed4d4e.jpg,Open Images V7,train,Digital Magic Photography,CC BY 2.0,https://www.flickr.com/photos/digitalmagicphotos/4246831578
oi_31d3d97132fbb2f2.jpg,Open Images V7,val,Christopher Michel,CC BY 2.0,https://www.flickr.com/photos/cmichel67/8369566357
oi_31ed28e26294adf6.jpg,Open Images V7,train,Christopher Michel,CC BY 2.0,https://www.flickr.com/photos/cmichel67/4172611831/
oi_31f280032f407f72.jpg,Open Images V7,val,U.S. Fish and Wildlife Service Northeast Region,CC BY 2.0,https://www.flickr.com/photos/usfwsnortheast/6808131849
oi_31fb0d214c8e0add.jpg,Open Images V7,train,Michael Bentley,CC BY 2.0,https://www.flickr.com/photos/donhomer/9736326643
oi_3207f11b196257bd.jpg,Open Images V7,train,Clinton Steeds,CC BY 2.0,https://www.flickr.com/photos/cwsteeds/46210443
oi_3208916d9a0213ce.jpg,Open Images V7,train,barachihuang,CC BY 2.0,https://www.flickr.com/photos/barachi/9202263256
oi_322c67653df8d134.jpg,Open Images V7,val,Ryan Quick,CC BY 2.0,https://www.flickr.com/photos/order_in_chaos/2565369183/
oi_3235929d25b52c4d.jpg,Open Images V7,val,Mike Charest,CC BY 2.0,https://www.flickr.com/photos/mikecharest/16040662956
oi_32488caa24cd5875.jpg,Open Images V7,train,NOAA Photo Library,CC BY 2.0,https://www.flickr.com/photos/noaaphotolib/19975458712
oi_32619121b4f252a8.jpg,Open Images V7,train,Charles Barilleaux,CC BY 2.0,https://www.flickr.com/photos/bontempscharly/14910014410
oi_3266734e4709a749.jpg,Open Images V7,test,Felix Engelhardt,CC BY 2.0,https://www.flickr.com/photos/travelix/2926565502
oi_326e35375e9283ef.jpg,Open Images V7,train,Cesar I. Martins,CC BY 2.0,https://www.flickr.com/photos/cesar_camilla/15678210637
oi_326e74a3375f0be2.jpg,Open Images V7,train,Daniella Vereeken,CC BY 2.0,https://www.flickr.com/photos/betta-online/1560995162
oi_32711f7236758d81.jpg,Open Images V7,test,Brian Gratwicke,CC BY 2.0,https://www.flickr.com/photos/briangratwicke/6790485126
oi_32717894b5ce0052.jpg,Open Images V7,train,Elias Levy,CC BY 2.0,https://www.flickr.com/photos/elevy/18562645474
oi_3274350757bd8d46.jpg,Open Images V7,val,sushi♥ina,CC BY 2.0,https://www.flickr.com/photos/30360780@N02/3586005889
oi_3277153c42906330.jpg,Open Images V7,train,gordon.milligan,CC BY 2.0,https://www.flickr.com/photos/el-milligano/15127622571
oi_3282b9387a097622.jpg,Open Images V7,train,David Dudley,CC BY 2.0,https://www.flickr.com/photos/duddman/14635684293/
oi_3283eafe11a847c3.jpg,Open Images V7,train,Biodiversity Heritage Library,CC BY 2.0,https://www.flickr.com/photos/biodivlibrary/6001252831
oi_328f021e1d685f3f.jpg,Open Images V7,train,Phalinn Ooi,CC BY 2.0,https://www.flickr.com/photos/phalinn/20436212879
oi_32902adfd704edd3.jpg,Open Images V7,test,velkr0,CC BY 2.0,https://www.flickr.com/photos/velkr0/215310144
oi_32987113035a28e6.jpg,Open Images V7,train,null0,CC BY 2.0,https://www.flickr.com/photos/null0/504267139
oi_329a462502d8246e.jpg,Open Images V7,train,frankieleon,CC BY 2.0,https://www.flickr.com/photos/armydre2008/5655733799/
oi_32a0fc405aa374fb.jpg,Open Images V7,train,"Alex Popovkin, Bahia, Brazil",CC BY 2.0,https://www.flickr.com/photos/plants_of_russian_in_brazil/8131302024
oi_32a6e5ec18d4c0ca.jpg,Open Images V7,train,USFWS - Pacific Region,CC BY 2.0,https://www.flickr.com/photos/usfwspacific/7883260088
oi_32b87de6dca715db.jpg,Open Images V7,train,Thomas Quine,CC BY 2.0,https://www.flickr.com/photos/quinet/6978399903
oi_32ba1b4116439edd.jpg,Open Images V7,train,Steve Jurvetson,CC BY 2.0,https://www.flickr.com/photos/jurvetson/5483407711
oi_32bce65850ca7924.jpg,Open Images V7,test,William Warby,CC BY 2.0,https://www.flickr.com/photos/wwarby/9641435360
oi_32c02d044a72389d.jpg,Open Images V7,test,Guillaume Paumier,CC BY 2.0,https://www.flickr.com/photos/gpaumier/12365236293
oi_32c9fa7fbf81fafa.jpg,Open Images V7,test,gwaar,CC BY 2.0,https://www.flickr.com/photos/paulsynnott/2642442776
oi_32cc43af088fa396.jpg,Open Images V7,train,jimmyweee,CC BY 2.0,https://www.flickr.com/photos/jimmyg/418566223
oi_32de832f2cde9139.jpg,Open Images V7,train,William Lee-Wright,CC BY 2.0,https://www.flickr.com/photos/wilwright/16255632121
oi_32e2f3238b5f484d.jpg,Open Images V7,test,Boris Kasimov,CC BY 2.0,https://www.flickr.com/photos/kasio69/12052124635
oi_32f88c07f97e16b1.jpg,Open Images V7,val,Jim G,CC BY 2.0,https://www.flickr.com/photos/jimg944/3924055089
oi_32f972a238df8fab.jpg,Open Images V7,train,Nan Palmero,CC BY 2.0,https://www.flickr.com/photos/nanpalmero/4636861069/in/photostream/
oi_3304616df8849e72.jpg,Open Images V7,train,daita saru,CC BY 2.0,https://www.flickr.com/photos/daita/10471537093
oi_331f2f31420c688c.jpg,Open Images V7,train,Lori Hurley,CC BY 2.0,https://www.flickr.com/photos/hurleyfamily/2704190487/
oi_331f496900c57291.jpg,Open Images V7,test,Cowgirlonline,CC BY 2.0,https://www.flickr.com/photos/cowgirlonline/5706862415
oi_3332d2c79312a8bc.jpg,Open Images V7,train,Renzelle Mae Abasolo,CC BY 2.0,https://www.flickr.com/photos/maehabasolo/10494791323
oi_3337837105c25549.jpg,Open Images V7,train,R I O M A N S O,CC BY 2.0,https://www.flickr.com/photos/2bleg/3421662307
oi_333c23344dcd65ec.jpg,Open Images V7,train,Dakota_Starr,CC BY 2.0,https://www.flickr.com/photos/xcodyxcalamityx/5830730109
oi_335234262884f2ab.jpg,Open Images V7,train,Greg Scales,CC BY 2.0,https://www.flickr.com/photos/greg_scales/20592317219
oi_3370b06864830fcb.jpg,Open Images V7,val,UCFFool,CC BY 2.0,https://www.flickr.com/photos/ucffool/8061002360
oi_337873cea8e51699.jpg,Open Images V7,val,Laurence Grayson,CC BY 2.0,https://www.flickr.com/photos/lgrayson/3667774236
oi_3379059a1676d0cd.jpg,Open Images V7,val,Laurent Lebois ©,CC BY 2.0,https://www.flickr.com/photos/cheloran/3619927387
oi_3382979d62edf9d9.jpg,Open Images V7,train,gail,CC BY 2.0,https://www.flickr.com/photos/mahinui/1526416146
oi_3388ac046aeff651.jpg,Open Images V7,train,Ben Salter,CC BY 2.0,https://www.flickr.com/photos/ben_salter/8009774932
oi_3388facdc0b003c6.jpg,Open Images V7,train,Brian Fagan,CC BY 2.0,https://www.flickr.com/photos/diamondace/5379413158
oi_338d4942a9a45ce2.jpg,Open Images V7,test,Elias Levy,CC BY 2.0,https://www.flickr.com/photos/elevy/14730801808
oi_339179e5c9112900.jpg,Open Images V7,val,NatalieMaynor,CC BY 2.0,https://www.flickr.com/photos/93178668@N00/68140477
oi_33a56208d9e155d7.jpg,Open Images V7,test,NOAA Photo Library,CC BY 2.0,https://www.flickr.com/photos/noaaphotolib/5278174950
oi_33a99b9ae3962350.jpg,Open Images V7,train,Dave Sizer,CC BY 2.0,https://www.flickr.com/photos/aphid00/20147512070
oi_33cd1cadba1ad398.jpg,Open Images V7,train,bookfinch,CC BY 2.0,https://www.flickr.com/photos/mamsy/13111143345
oi_33cee959ff1a51eb.jpg,Open Images V7,val,Rose Braverman,CC BY 2.0,https://www.flickr.com/photos/rose_braverman/8434570658
oi_33d3df7a6075e14c.jpg,Open Images V7,train,Ilse Reijs and Jan-Noud Hutten,CC BY 2.0,https://www.flickr.com/photos/39891373@N07/4394239979
oi_33d9d33bb0455e68.jpg,Open Images V7,train,John Spade,CC BY 2.0,https://www.flickr.com/photos/john-spade/6749789273
oi_33f19f5cc7de1880.jpg,Open Images V7,val,barachihuang,CC BY 2.0,https://www.flickr.com/photos/barachi/6133281030
oi_33f35fdcb9c88f60.jpg,Open Images V7,val,U.S. Department of Agriculture,CC BY 2.0,https://www.flickr.com/photos/usdagov/8496707487
oi_33f8caffa70661ab.jpg,Open Images V7,test,Ashlyn Czapiga,CC BY 2.0,https://www.flickr.com/photos/aczapiga/8464812087
oi_340c3b4ee7e3fc3a.jpg,Open Images V7,train,Brian Gratwicke,CC BY 2.0,https://www.flickr.com/photos/briangratwicke/4396379034
oi_340d3a8284b091ff.jpg,Open Images V7,train,Nataša Stuper,CC BY 2.0,https://www.flickr.com/photos/natasa_stuper/9458066059
oi_3413a67b638d133c.jpg,Open Images V7,train,Carrie Kellenberger,CC BY 2.0,https://www.flickr.com/photos/globetrotteri/1456740037
oi_342f34a754461fbd.jpg,Open Images V7,train,Jayvee Fernandez,CC BY 2.0,https://www.flickr.com/photos/jayvee/8766649362
oi_342f98d97a03624f.jpg,Open Images V7,train,Andrew Taylor,CC BY 2.0,https://www.flickr.com/photos/profilerehab/9079065828/
oi_343c413ef70b88d2.jpg,Open Images V7,train,Jayvee Fernandez,CC BY 2.0,https://www.flickr.com/photos/jayvee/8773712729
oi_344ddd06c054b3ef.jpg,Open Images V7,val,SNORKELINGDIVES.COM,CC BY 2.0,https://www.flickr.com/photos/snorkelingdives/8635156143
oi_3459a9ce441f2715.jpg,Open Images V7,train,Jennifer Feuchter,CC BY 2.0,https://www.flickr.com/photos/jennerosity/2612531970
oi_3463fe794af3d141.jpg,Open Images V7,train,jomilo75,CC BY 2.0,https://www.flickr.com/photos/jomilo75/513665480
oi_346e7bb49a7abc6e.jpg,Open Images V7,train,FWC Fish and Wildlife Research Institute,CC BY 2.0,https://www.flickr.com/photos/myfwc/11671212296
oi_34742665e0058063.jpg,Open Images V7,val,Carson,CC BY 2.0,https://www.flickr.com/photos/cveldstra/4587889448
oi_347b41ddaad215a9.jpg,Open Images V7,train,Mohd Rosdi Zainal Abidin,CC BY 2.0,https://www.flickr.com/photos/mrosdi/3775680392
oi_349659fd187ffe85.jpg,Open Images V7,val,Steve Jurvetson,CC BY 2.0,https://www.flickr.com/photos/jurvetson/4533303355
oi_34975c13c0a0df0a.jpg,Open Images V7,train,Jolene Bertoldi,CC BY 2.0,https://www.flickr.com/photos/za-photos/5407412096
oi_34abe122fe413e6c.jpg,Open Images V7,train,Derek Keats,CC BY 2.0,https://www.flickr.com/photos/dkeats/5641301576
oi_34c71cb77c8b39f7.jpg,Open Images V7,val,Brian Gratwicke,CC BY 2.0,https://www.flickr.com/photos/briangratwicke/6181959127
oi_34d115d0c567abf1.jpg,Open Images V7,train,Ed Ralph,CC BY 2.0,https://www.flickr.com/photos/family-ralph/10775427314
oi_34d1ed366f2f8f36.jpg,Open Images V7,train,Roland Tanglao,CC BY 2.0,https://www.flickr.com/photos/roland/5326266099
oi_34d588cfe3036586.jpg,Open Images V7,train,James St. John,CC BY 2.0,https://www.flickr.com/photos/jsjgeology/15532986843
oi_34d7ca166d42834f.jpg,Open Images V7,train,crizos,CC BY 2.0,https://www.flickr.com/photos/40271805@N07/3703202619
oi_34d9abf7a151ae4e.jpg,Open Images V7,train,Aaron Strout,CC BY 2.0,https://www.flickr.com/photos/astrout/7557077216/
oi_34f1e2a42ce20369.jpg,Open Images V7,train,David Siu,CC BY 2.0,https://www.flickr.com/photos/dwysiu/5116554781
oi_34f376f72b671226.jpg,Open Images V7,train,cichlidee1,CC BY 2.0,https://www.flickr.com/photos/pureview-en-suisse/7645540042
oi_350db1c83ce614b9.jpg,Open Images V7,train,davitydave,CC BY 2.0,https://www.flickr.com/photos/dlytle/8212282466
oi_3520aa741ea4ddb1.jpg,Open Images V7,train,Jon Connell,CC BY 2.0,https://www.flickr.com/photos/ciamabue/6106833654
oi_353791107aecc14f.jpg,Open Images V7,test,Frog and Onion,CC BY 2.0,https://www.flickr.com/photos/7458270@N08/3288341166
oi_353d655c191c85a7.jpg,Open Images V7,train,NOAA Photo Library,CC BY 2.0,https://www.flickr.com/photos/noaaphotolib/5277862844
oi_355226d52e46923c.jpg,Open Images V7,train,Barry Peters,CC BY 2.0,https://www.flickr.com/photos/barrypeters/3386316288
oi_355da53d2ab8f94a.jpg,Open Images V7,train,2sistersphotopro,CC BY 2.0,https://www.flickr.com/photos/15638042@N00/7958647
oi_3582c56ae37d92f2.jpg,Open Images V7,train,Purple Slog,CC BY 2.0,https://www.flickr.com/photos/purpleslog/141055012
oi_3584594c18fbc955.jpg,Open Images V7,val,far closer,CC BY 2.0,https://www.flickr.com/photos/farcloser/6049290266
oi_3585eb8434ca6506.jpg,Open Images V7,train,Kansas City District U.S. Army Corps of Engineers,CC BY 2.0,https://www.flickr.com/photos/usace-kcd/8623152814
oi_358b66d551f96449.jpg,Open Images V7,train,NOAA Photo Library,CC BY 2.0,https://www.flickr.com/photos/noaaphotolib/11468447594
oi_359507623da414d5.jpg,Open Images V7,train,U.S. Fish and Wildlife Service Southeast Region,CC BY 2.0,https://www.flickr.com/photos/usfwssoutheast/8091111626
oi_359fc1e167f46540.jpg,Open Images V7,val,belgianchocolate,CC BY 2.0,https://www.flickr.com/photos/frank-wouters/2377884814
oi_35b695464b7c8f59.jpg,Open Images V7,train,IvanWalsh.com,CC BY 2.0,https://www.flickr.com/photos/ivanwalsh/4225447966/
oi_35c393f440647a07.jpg,Open Images V7,val,Barry Badcock,CC BY 2.0,https://www.flickr.com/photos/barty/16685044252
oi_35c6b5df99623d59.jpg,Open Images V7,train,israeltourism,CC BY 2.0,https://www.flickr.com/photos/visitisrael/6658979591
oi_35d928d0f5153344.jpg,Open Images V7,train,seveDB,CC BY 2.0,https://www.flickr.com/photos/sevedb/2313144265
oi_35e1a2859711804f.jpg,Open Images V7,val,Boris Kasimov,CC BY 2.0,https://www.flickr.com/photos/kasio69/12052520854
oi_35fffd43e7ed677f.jpg,Open Images V7,train,Philippe AMIOT,CC BY 2.0,https://www.flickr.com/photos/philippeamiot/16669648981
oi_3601c6a0ba479081.jpg,Open Images V7,train,Lakshmi Sawitri,CC BY 2.0,https://flickr.com/38009580@N05/16583758526
oi_3602510008a24570.jpg,Open Images V7,train,NOAA Photo Library,CC BY 2.0,https://www.flickr.com/photos/noaaphotolib/9734565679
oi_3606bbc9adc84cb9.jpg,Open Images V7,train,Lisa Williams,CC BY 2.0,https://www.flickr.com/photos/pixellou/5959619285
oi_361042b565c2cfea.jpg,Open Images V7,train,Marc Levin,CC BY 2.0,https://www.flickr.com/photos/mil8/9301048958
oi_3611593b236be2f4.jpg,Open Images V7,train,Dan4th Nicholas,CC BY 2.0,https://www.flickr.com/photos/dan4th/4457183279
oi_361fa6efeccb999d.jpg,Open Images V7,train,Britt Reints,CC BY 2.0,https://www.flickr.com/photos/emmandevin/8088297187
oi_36200a215bb632d8.jpg,Open Images V7,val,Mary Witzig,CC BY 2.0,https://www.flickr.com/photos/marywitzig/2329851753
oi_36203afbea92f47f.jpg,Open Images V7,val,Karunakar Rayker,CC BY 2.0,https://www.flickr.com/photos/krayker/3037075741
oi_362bc95a508e820e.jpg,Open Images V7,train,markow76,CC BY 2.0,https://www.flickr.com/photos/markow76/14740202134
oi_3642a7f21448bc84.jpg,Open Images V7,train,Hywell Martinez,CC BY 2.0,https://www.flickr.com/photos/hywell/1428214401
oi_3645ce2c081c82a7.jpg,Open Images V7,train,Michael,CC BY 2.0,https://www.flickr.com/photos/literarymind/92403753
oi_364f04afa1695bc2.jpg,Open Images V7,train,NOAA Photo Library,CC BY 2.0,https://www.flickr.com/photos/noaaphotolib/5278060600
oi_3657bfd14b3ac42a.jpg,Open Images V7,test,Ruth Hartnup,CC BY 2.0,https://www.flickr.com/photos/ruthanddave/53478657/
oi_365ddfec6f372b9b.jpg,Open Images V7,train,George Damian,CC BY 2.0,https://www.flickr.com/photos/georgecdamian/8251099907
oi_3661695917177e3e.jpg,Open Images V7,train,Walter,CC BY 2.0,https://www.flickr.com/photos/walterpro/7762875686
oi_36796f6de7890166.jpg,Open Images V7,val,Jeena Paradies,CC BY 2.0,https://www.flickr.com/photos/jeena/6817196005
oi_3683abdbba7f0896.jpg,Open Images V7,train,Chris Pearson,CC BY 2.0,https://www.flickr.com/photos/chrispearson72/2376591903
oi_3684d19c6e5d9c80.jpg,Open Images V7,train,*pascal*,CC BY 2.0,https://www.flickr.com/photos/pascal-blachier/1020796661
oi_36919a29fbc619f6.jpg,Open Images V7,train,LightHart,CC BY 2.0,https://www.flickr.com/photos/7774441@N05/12438850743/
oi_3695cebf70d8c3a2.jpg,Open Images V7,train,Travelbag Ltd,CC BY 2.0,https://www.flickr.com/photos/98585738@N07/9237182215
oi_3699edebee16e779.jpg,Open Images V7,train,Amy,CC BY 2.0,https://www.flickr.com/photos/amylovesyah/6174175812
oi_369c7cf3e733303d.jpg,Open Images V7,val,Chad S,CC BY 2.0,https://www.flickr.com/photos/61807449@N03/13919925362
oi_36a0d25a7d0b8813.jpg,Open Images V7,train,Rob and Stephanie Levy,CC BY 2.0,https://www.flickr.com/photos/robandstephanielevy/262631514
oi_36c7c7a30d26085f.jpg,Open Images V7,train,Christopher Michel,CC BY 2.0,https://www.flickr.com/photos/cmichel67/12389940514
oi_36ddcb8d09740e88.jpg,Open Images V7,train,Brian Gratwicke,CC BY 2.0,https://www.flickr.com/photos/briangratwicke/4395610667
oi_36eb069afb9669f4.jpg,Open Images V7,train,Elias Levy,CC BY 2.0,https://www.flickr.com/photos/elevy/14730820387
oi_36f016fe94745ff3.jpg,Open Images V7,test,Ryan Bodenstein,CC BY 2.0,https://www.flickr.com/photos/evenkolder/16741372231
oi_36f69b56fb7baf17.jpg,Open Images V7,test,Aprille Lipton,CC BY 2.0,https://www.flickr.com/photos/24891611@N03/9021163650
oi_36fd8698974a44e2.jpg,Open Images V7,train,Ruth Temple,CC BY 2.0,https://www.flickr.com/photos/rtds/143662827
oi_3701d2700d793810.jpg,Open Images V7,train,Jhaymesisviphotography,CC BY 2.0,https://www.flickr.com/photos/jhaymesisvip/6955377016
oi_3713c43cb40c5765.jpg,Open Images V7,train,Mike Baird,CC BY 2.0,https://www.flickr.com/photos/mikebaird/6764283347
oi_372dcded00d6b272.jpg,Open Images V7,val,Ken Mayer,CC BY 2.0,https://www.flickr.com/photos/ken_mayer/5777529484
oi_372e00b63ad55b81.jpg,Open Images V7,train,tanjila ahmed,CC BY 2.0,https://www.flickr.com/photos/tanj/159886890
oi_372f9bc243d57f68.jpg,Open Images V7,train,Cambodia4kids.org Beth Kanter,CC BY 2.0,https://www.flickr.com/photos/cambodia4kidsorg/4226495999
oi_37391bc831af59b0.jpg,Open Images V7,train,Enrique Dans,CC BY 2.0,https://www.flickr.com/photos/edans/677853168
oi_37396d2f98095d21.jpg,Open Images V7,val,Bill Rice,CC BY 2.0,https://www.flickr.com/photos/billrice/3808876235
oi_373f02222a30b31a.jpg,Open Images V7,train,Taiwai Yun,CC BY 2.0,https://www.flickr.com/photos/javasquid/15446860377
oi_375950033a748085.jpg,Open Images V7,train,Themeplus,CC BY 2.0,https://www.flickr.com/photos/85217387@N04/7805039232
oi_375e4a3c30dd4548.jpg,Open Images V7,val,mauroguanandi,CC BY 2.0,https://www.flickr.com/photos/mauroguanandi/11054996453
oi_37630c2d024c6a2a.jpg,Open Images V7,test,Alessandro Valli,CC BY 2.0,https://www.flickr.com/photos/liquene/13912680208/
oi_3766296f11cc7e88.jpg,Open Images V7,train,Brad P.,CC BY 2.0,https://www.flickr.com/photos/bpende/5236467800
oi_376caf41f7985726.jpg,Open Images V7,train,Miguel Mendez,CC BY 2.0,https://www.flickr.com/photos/flynn_nrg/9008614976
oi_377349d117b4e0bd.jpg,Open Images V7,val,Jochen Spalding,CC BY 2.0,https://www.flickr.com/photos/b_lumenkraft/8346241377
oi_3776b375538bb2c4.jpg,Open Images V7,test,Andy Blackledge,CC BY 2.0,https://www.flickr.com/photos/hockeyholic/8601603364
oi_377d05be8f9661ac.jpg,Open Images V7,train,Paulo Philippidis,CC BY 2.0,https://www.flickr.com/photos/canorus/3527192418
oi_3783c6c0e9e151ff.jpg,Open Images V7,val,LEONARDO DASILVA,CC BY 2.0,https://www.flickr.com/photos/leonardodasilva/5541082862
oi_378abe007da4bf21.jpg,Open Images V7,train,Joshua Ganderson,CC BY 2.0,https://www.flickr.com/photos/jganderson/8088720180
oi_378b263013c1ff18.jpg,Open Images V7,train,Elias Levy,CC BY 2.0,https://www.flickr.com/photos/elevy/14730719040
oi_37946f12b31eff92.jpg,Open Images V7,train,Clinton &amp; Charles Robertson,CC BY 2.0,https://www.flickr.com/photos/dad_and_clint/558691766
oi_37959c80fbaf7ac1.jpg,Open Images V7,val,Raymond Adriano,CC BY 2.0,https://www.flickr.com/photos/aokpalad/5583128884
oi_37afc02e98e284a1.jpg,Open Images V7,val,Brian Fagan,CC BY 2.0,https://www.flickr.com/photos/diamondace/5012787893/
oi_37bf1e5c6acffbfb.jpg,Open Images V7,val,Angell Williams,CC BY 2.0,https://www.flickr.com/photos/53357045@N02/4973647600
oi_37cf97ce9c62c7f2.jpg,Open Images V7,train,Derek Keats,CC BY 2.0,https://www.flickr.com/photos/dkeats/6186088468
oi_37df3d979b1a15f6.jpg,Open Images V7,train,Mike Baird,CC BY 2.0,https://www.flickr.com/photos/mikebaird/302577982
oi_37e4353815216226.jpg,Open Images V7,train,Tim Cooper,CC BY 2.0,https://www.flickr.com/photos/timdifano/2373329849
oi_37fa89fe049fe278.jpg,Open Images V7,train,Chad Sparkes,CC BY 2.0,https://www.flickr.com/photos/chad_sparkes/15813027750
oi_38099502304a8223.jpg,Open Images V7,val,Rick Flores,CC BY 2.0,https://www.flickr.com/photos/ricardojesusflores/6136209294
oi_38121d7303561427.jpg,Open Images V7,train,John Clift,CC BY 2.0,https://www.flickr.com/photos/johnnydante/7849318746
oi_3816a6448a19881d.jpg,Open Images V7,train,A.Davey,CC BY 2.0,https://www.flickr.com/photos/adavey/4107042513
oi_3818be72fd9a848f.jpg,Open Images V7,train,Su--May,CC BY 2.0,https://www.flickr.com/photos/su-may/10441896544
oi_381b93e16ea5c634.jpg,Open Images V7,train,Ines Hegedus-Garcia,CC BY 2.0,https://www.flickr.com/photos/miamism/5952598685
oi_381d075449126d17.jpg,Open Images V7,train,Mike Baird,CC BY 2.0,https://www.flickr.com/photos/mikebaird/313466771
oi_3829eef61426db5f.jpg,Open Images V7,train,Matteo X,CC BY 2.0,https://www.flickr.com/photos/49873808@N00/6479553449
oi_382e313358019cf0.jpg,Open Images V7,train,Christina Gallivan,CC BY 2.0,https://www.flickr.com/photos/christinagallivan/8953478098
oi_383b13ac44cbe19d.jpg,Open Images V7,train,Ines Hegedus-Garcia,CC BY 2.0,https://www.flickr.com/photos/miamism/5952643783
oi_383faac28ac0521d.jpg,Open Images V7,train,Lennart Tange,CC BY 2.0,https://www.flickr.com/photos/lennartt/7076876195
oi_384f98acffc8cb3d.jpg,Open Images V7,test,coloredby,CC BY 2.0,https://www.flickr.com/photos/74881150@N00/7165368534
oi_38530628f1148cf4.jpg,Open Images V7,train,Jan Hammershaug,CC BY 2.0,https://www.flickr.com/photos/hammershaug/5955801282
oi_3855bb04bf29102c.jpg,Open Images V7,val,Jeff Hart,CC BY 2.0,https://www.flickr.com/photos/ipeguy/4452548297
oi_385a154fc6375923.jpg,Open Images V7,train,koorosh B,CC BY 2.0,https://www.flickr.com/photos/50823081@N08/5295684021
oi_3868829d6119e6ea.jpg,Open Images V7,train,Mike Fisher,CC BY 2.0,https://www.flickr.com/photos/bfs_man/5962985340/
oi_386ad161f1f8755a.jpg,Open Images V7,train,Josh Ward,CC BY 2.0,https://www.flickr.com/photos/shward/1165760939
oi_386d1d599fca4cef.jpg,Open Images V7,train,jackoscage,CC BY 2.0,https://www.flickr.com/photos/jackoscage/15854542835
oi_387fa273709300fd.jpg,Open Images V7,test,Heathy94,CC BY 2.0,https://www.flickr.com/photos/67521456@N07/8636023172
oi_3884d258168c06dc.jpg,Open Images V7,train,Edward Townend,CC BY 2.0,https://www.flickr.com/photos/townendphotography/3011522956
oi_388b99d930b80075.jpg,Open Images V7,train,amanderson2,CC BY 2.0,https://www.flickr.com/photos/amanderson/3232230070
oi_388db424b8f8a2db.jpg,Open Images V7,train,Rocio Milagros Pereira,CC BY 2.0,https://www.flickr.com/photos/rincon_del_sur/6197142626/
oi_3894576d8d7f9cd1.jpg,Open Images V7,val,Amit Patel,CC BY 2.0,https://www.flickr.com/photos/amitp/3974970554
oi_38bf28d02f431e04.jpg,Open Images V7,train,ObjektivKRAFT,CC BY 2.0,https://www.flickr.com/photos/objektivkraft/4796625436
oi_38c2669a1263312c.jpg,Open Images V7,train,Jonathan Martin,CC BY 2.0,https://www.flickr.com/photos/dryodora/9882043575
oi_38c4e01c1d2d5b1c.jpg,Open Images V7,test,Stig Nygaard,CC BY 2.0,https://www.flickr.com/photos/stignygaard/450716798
oi_38cda7ab472147ba.jpg,Open Images V7,val,devra,CC BY 2.0,https://www.flickr.com/photos/minicooper93402/5916662913
oi_38d02aa28cab751a.jpg,Open Images V7,train,Karyn Christner,CC BY 2.0,https://www.flickr.com/photos/toofarnorth/4701998800
oi_38ddb061ab05411f.jpg,Open Images V7,train,Marco Hebing,CC BY 2.0,https://www.flickr.com/photos/marcohebing/4047079253
oi_390285b3fde9e079.jpg,Open Images V7,val,Rachel Haller,CC BY 2.0,https://www.flickr.com/photos/rachel-amarette/3158428507
oi_39196135a4ca1d31.jpg,Open Images V7,train,James Emery,CC BY 2.0,https://www.flickr.com/photos/emeryjl/3040266827
oi_391ce730cf2dc06a.jpg,Open Images V7,test,Leonid Mamchenkov,CC BY 2.0,https://www.flickr.com/photos/mamchenkov/160877684
oi_3938aa0d1bddd3cb.jpg,Open Images V7,train,brownpau,CC BY 2.0,https://www.flickr.com/photos/brownpau/14669613068
oi_393ffa91e174da32.jpg,Open Images V7,train,Vince,CC BY 2.0,https://www.flickr.com/photos/25023895@N02/6312944073
oi_39490cfbd98cc60d.jpg,Open Images V7,train,Ruth Hartnup,CC BY 2.0,https://www.flickr.com/photos/ruthanddave/408115309
oi_395014be5050bd83.jpg,Open Images V7,train,Jon Rawlinson,CC BY 2.0,https://www.flickr.com/photos/london/2505859549
oi_395fcc70871a266a.jpg,Open Images V7,train,Stewart Butterfield,CC BY 2.0,https://www.flickr.com/photos/stewart/2474604631
oi_39674a4a64f8c2c6.jpg,Open Images V7,val,Benjamin Vander Steen,CC BY 2.0,https://www.flickr.com/photos/bjvs/250413039
oi_3971812c9f1666e2.jpg,Open Images V7,test,Ray Bouknight,CC BY 2.0,https://www.flickr.com/photos/raybouk/7624618922
oi_39891eab8bf6c359.jpg,Open Images V7,train,Lee Coursey,CC BY 2.0,https://www.flickr.com/photos/leeco/4632660056
oi_3999f524e91e18c4.jpg,Open Images V7,test,Tim Sheerman-Chase,CC BY 2.0,https://www.flickr.com/photos/tim_uk/2693839316
oi_39ae3e89936d9377.jpg,Open Images V7,train,Romuel Landero,CC BY 2.0,https://www.flickr.com/photos/32047928@N04/15658480135
oi_39d39f4620e888fa.jpg,Open Images V7,test,srslyguys,CC BY 2.0,https://www.flickr.com/photos/srslyguys/2819557163
oi_39dd5960f5fa1d78.jpg,Open Images V7,train,Reg Natarajan,CC BY 2.0,https://www.flickr.com/photos/regnatarajan/19884030189
oi_39ecc38e3972e2dd.jpg,Open Images V7,val,Eos Clio,CC BY 2.0,https://www.flickr.com/photos/clioeos/8645586325
oi_39f2e8a642538636.jpg,Open Images V7,train,otama,CC BY 2.0,https://www.flickr.com/photos/otama/20289075
oi_39f81e4a7388ab96.jpg,Open Images V7,train,shankar s.,CC BY 2.0,https://www.flickr.com/photos/shankaronline/15824141933
oi_3a07d90ff90cb522.jpg,Open Images V7,train,Elias Levy,CC BY 2.0,https://www.flickr.com/photos/elevy/14917027662
oi_3a0fed7be93f582a.jpg,Open Images V7,train,Ting Chen,CC BY 2.0,https://www.flickr.com/photos/philopp/2167874255
oi_3a103c0d1570d275.jpg,Open Images V7,train,Daniel,CC BY 2.0,https://www.flickr.com/photos/dblfineart/8316114166
oi_3a1a52985c8c779b.jpg,Open Images V7,train,Jeffrey Keeton,CC BY 2.0,https://www.flickr.com/photos/mulsanne/41031819
oi_3a1bf913c5fcb005.jpg,Open Images V7,train,temaki,CC BY 2.0,https://www.flickr.com/photos/_temaki_/3906317539
oi_3a3529f8150e89e0.jpg,Open Images V7,train,berduchwal,CC BY 2.0,https://www.flickr.com/photos/62136890@N02/16362826781
oi_3a37a09ec201cdeb.jpg,Open Images V7,train,THX0477,CC BY 2.0,https://www.flickr.com/photos/59195512@N00/5346792098
oi_3a3c555bec59a0cd.jpg,Open Images V7,train,Pedro Fernandes,CC BY 2.0,https://www.flickr.com/photos/djprmf/15060466934/
oi_3a402a894b41d88f.jpg,Open Images V7,train,Jerry,CC BY 2.0,https://www.flickr.com/photos/gorefiendus/2532622909
oi_3a52a6f8a6a8d261.jpg,Open Images V7,train,Mosman Council,CC BY 2.0,https://www.flickr.com/photos/mosmancouncil/15728363196
oi_3a53540256531129.jpg,Open Images V7,train,Steve Gregory,CC BY 2.0,https://www.flickr.com/photos/gasheadsteve/126509788
oi_3a556f1f23ee4c6c.jpg,Open Images V7,train,Martin Pettitt,CC BY 2.0,https://www.flickr.com/photos/mdpettitt/455603523
oi_3a56661b9b8403b3.jpg,Open Images V7,train,Elias Levy,CC BY 2.0,https://www.flickr.com/photos/elevy/14917001572
oi_3a59ffd57a19e90e.jpg,Open Images V7,train,Mike Baird,CC BY 2.0,https://www.flickr.com/photos/mikebaird/14317902895
oi_3a5e644836bdb9e2.jpg,Open Images V7,train,Department of Environment &amp; Primary Industries,CC BY 2.0,https://www.flickr.com/photos/dsevictoria/4726887452
oi_3a61f9ac1d30db75.jpg,Open Images V7,train,Benjamin Hollis,CC BY 2.0,https://www.flickr.com/photos/dalangalma/14585122021
oi_3a61fbb136528e29.jpg,Open Images V7,train,LASZLO ILYES,CC BY 2.0,https://www.flickr.com/photos/laszlo-photo/2058115978
oi_3a679c67e710719d.jpg,Open Images V7,train,José David Leiva,CC BY 2.0,https://www.flickr.com/photos/daflai/5503069665
oi_3a6ad1c8832b86fb.jpg,Open Images V7,train,daita saru,CC BY 2.0,https://www.flickr.com/photos/daita/2499033978
oi_3a7ccf1ed7dbe4fa.jpg,Open Images V7,train,Michael,CC BY 2.0,https://www.flickr.com/photos/mecookie/6064058935
oi_3a82dfe52164da8e.jpg,Open Images V7,train,Ken and Nyetta,CC BY 2.0,https://www.flickr.com/photos/kjfnjy/5464907674
oi_3a8723d2dcd1c47f.jpg,Open Images V7,train,Steve L. Martin,CC BY 2.0,https://www.flickr.com/photos/64476710@N00/5378400179
oi_3a8804f9eca38ee5.jpg,Open Images V7,train,Tyler Karaszewski,CC BY 2.0,https://www.flickr.com/photos/tylerkaraszewski/3569053744
oi_3a8f2e04fc26f829.jpg,Open Images V7,val,prilfish,CC BY 2.0,https://www.flickr.com/photos/silkebaron/3803188715
oi_3a90568325a5e706.jpg,Open Images V7,train,Benjamin Hollis,CC BY 2.0,https://www.flickr.com/photos/dalangalma/11560113094
oi_3a92703485af25a4.jpg,Open Images V7,val,J P,CC BY 2.0,https://www.flickr.com/photos/nuskyn/7649386002
oi_3a9532a3d5223963.jpg,Open Images V7,val,Collin Grady,CC BY 2.0,https://www.flickr.com/photos/collingrady/3211162
oi_3a9bffa68fb30483.jpg,Open Images V7,train,Luiz Eduardo,CC BY 2.0,https://www.flickr.com/photos/leduardo/614991399
oi_3abefadaa517f3dd.jpg,Open Images V7,train,Linus Bohman,CC BY 2.0,https://www.flickr.com/photos/bohman/5987080563
oi_3abf7b42f3db2374.jpg,Open Images V7,train,Bill Taroli,CC BY 2.0,https://www.flickr.com/photos/btaroli/8194430330
oi_3ac781c69a216d1c.jpg,Open Images V7,val,Vašek Vinklát,CC BY 2.0,https://www.flickr.com/photos/vendin/10322335993
oi_3acde65b30857a06.jpg,Open Images V7,train,Dany &amp; Maryse,CC BY 2.0,https://www.flickr.com/photos/mgdt/3435341865
oi_3ad18666fe65a168.jpg,Open Images V7,train,lovinkat,CC BY 2.0,https://www.flickr.com/photos/lovinkat/9500980026
oi_3ad1aa345d64b903.jpg,Open Images V7,train,Louisiana Sea Grant College Program Louisiana State University,CC BY 2.0,https://www.flickr.com/photos/88158121@N00/9423488240
oi_3ad4385ef5f92cff.jpg,Open Images V7,train,sheilapic76,CC BY 2.0,https://www.flickr.com/photos/53344659@N05/4978423771
oi_3af4291e49109565.jpg,Open Images V7,val,rp72,CC BY 2.0,https://www.flickr.com/photos/rp72/1895365724
oi_3afff699543c53f9.jpg,Open Images V7,train,Anne Fitten Glenn,CC BY 2.0,https://www.flickr.com/photos/edgygrrrl/2374249059
oi_3b0498e90278ac0f.jpg,Open Images V7,train,Ilse Reijs and Jan-Noud Hutten,CC BY 2.0,https://www.flickr.com/photos/39891373@N07/3665458539
oi_3b14a77209dc904c.jpg,Open Images V7,train,Brood_wich,CC BY 2.0,https://www.flickr.com/photos/brood_wich/5826843121
oi_3b1df1f33afe6d5a.jpg,Open Images V7,train,gailhampshire,CC BY 2.0,https://www.flickr.com/photos/gails_pictures/16634766909
oi_3b39f8fc75c1522c.jpg,Open Images V7,train,Paul Jones,CC BY 2.0,https://www.flickr.com/photos/paulandbeth/2647830621
oi_3b55c12be035d115.jpg,Open Images V7,train,Cliff,CC BY 2.0,https://www.flickr.com/photos/nostri-imago/2864608040
oi_3b73c5414a00ace0.jpg,Open Images V7,train,Mohamed Malik,CC BY 2.0,https://www.flickr.com/photos/malikdhadha/5446282072
oi_3b74a978269b2986.jpg,Open Images V7,train,Mike Baird,CC BY 2.0,https://www.flickr.com/photos/mikebaird/3176098236
oi_3b78494c0b746974.jpg,Open Images V7,train,Ingrid Taylar,CC BY 2.0,https://www.flickr.com/photos/taylar/12609980635
oi_3b7aa02262051c69.jpg,Open Images V7,train,Rusty Clark - On the Air M-F 8am-noon,CC BY 2.0,https://www.flickr.com/photos/rusty_clark/8393787566
oi_3b83820edd34ae39.jpg,Open Images V7,val,Xander John Dacyon,CC BY 2.0,https://www.flickr.com/photos/96038716@N07/16236453448
oi_3b8491ea29c7d06e.jpg,Open Images V7,train,Monsieur Gordon,CC BY 2.0,https://www.flickr.com/photos/monsieurgordon/2552955281
oi_3b868cf6898f1520.jpg,Open Images V7,val,Amila Tennakoon,CC BY 2.0,https://www.flickr.com/photos/lakpura/17051776262
oi_3b901b1cd0584f18.jpg,Open Images V7,train,kntrty,CC BY 2.0,https://www.flickr.com/photos/kntrty/7032395397
oi_3b94a912270bfaa6.jpg,Open Images V7,val,francois schnell,CC BY 2.0,https://www.flickr.com/photos/frenchy/79366575
oi_3ba0a39a5b98fa29.jpg,Open Images V7,train,Jean,CC BY 2.0,https://www.flickr.com/photos/7326810@N08/1518153503
oi_3ba0a4c6eafa11d2.jpg,Open Images V7,train,William Warby,CC BY 2.0,https://www.flickr.com/photos/wwarby/7190244180
oi_3ba472ef7871818d.jpg,Open Images V7,train,Arantza Ansotegui,CC BY 2.0,https://www.flickr.com/photos/121552653@N02/14737182453
oi_3ba4cb0a5184527d.jpg,Open Images V7,train,Barry Dahl,CC BY 2.0,https://www.flickr.com/photos/barrydahl/8685804965
oi_3babf8adbefb6a28.jpg,Open Images V7,train,Myrtle Avenue Brooklyn Partnership,CC BY 2.0,https://www.flickr.com/photos/myrtleavenue/13065788715
oi_3babfc8a7322c7da.jpg,Open Images V7,train,Justin Baeder,CC BY 2.0,https://www.flickr.com/photos/justinbaeder/187835133
oi_3bac548843ea60b0.jpg,Open Images V7,train,Nikita Mehta-Nasta,CC BY 2.0,https://www.flickr.com/photos/datempest/9027170944
oi_3bb3fc1b43cba626.jpg,Open Images V7,train,Gabriela Avram,CC BY 2.0,https://www.flickr.com/photos/coniecto/2472326618
oi_3bb7fdae5643f4ad.jpg,Open Images V7,train,Makuahine Pa&#x27;i Ki&#x27;i,CC BY 2.0,https://www.flickr.com/photos/hawaii-mcgraths/3638631185
oi_3bc1722c3ad017cd.jpg,Open Images V7,train,Makuahine Pa&#x27;i Ki&#x27;i,CC BY 2.0,https://www.flickr.com/photos/hawaii-mcgraths/3639439466
oi_3bcd560fc471f589.jpg,Open Images V7,test,Katherine Johnson,CC BY 2.0,https://www.flickr.com/photos/aka_kath/44202085
oi_3bd1c65f16868d41.jpg,Open Images V7,train,Naotake Murayama,CC BY 2.0,https://www.flickr.com/photos/naotakem/3751619552
oi_3bd23b9933bcc0fd.jpg,Open Images V7,train,NOAA Photo Library,CC BY 2.0,https://www.flickr.com/photos/noaaphotolib/9731151307
oi_3bd52e395e42ade8.jpg,Open Images V7,train,Erik Charlton,CC BY 2.0,https://www.flickr.com/photos/erikcharlton/2935611455
oi_3bd97943dbf2c585.jpg,Open Images V7,train,MIZUNO Hiroki,CC BY 2.0,https://www.flickr.com/photos/mzpi/4489577798
oi_3be7a6dfaf478496.jpg,Open Images V7,train,Robert,CC BY 2.0,https://www.flickr.com/photos/jemimus/14299143932
oi_3beb7b8e705646ce.jpg,Open Images V7,train,Alan Kotok,CC BY 2.0,https://www.flickr.com/photos/runneralan/15024072902/
oi_3bf2e935309e3366.jpg,Open Images V7,test,oliver.dodd,CC BY 2.0,https://www.flickr.com/photos/oliverdodd/14686542433
oi_3bff8da84c6cf662.jpg,Open Images V7,val,sheilapic76,CC BY 2.0,https://www.flickr.com/photos/53344659@N05/4979050416/
oi_3c01a17b922d12af.jpg,Open Images V7,val,brownpau,CC BY 2.0,https://www.flickr.com/photos/brownpau/4726678866
oi_3c06242dbaeb9631.jpg,Open Images V7,val,Christopher Michel,CC BY 2.0,https://www.flickr.com/photos/cmichel67/8380162047
oi_3c079c2d3bd54417.jpg,Open Images V7,val,Thomas Giuretis,CC BY 2.0,https://www.flickr.com/photos/katatoniq/2934297360/
oi_3c233b263a5f8e36.jpg,Open Images V7,train,robposse,CC BY 2.0,https://www.flickr.com/photos/51274664@N06/8626913636
oi_3c28b0412b68b861.jpg,Open Images V7,val,Iago Chao,CC BY 2.0,https://www.flickr.com/photos/iagochao/5151240790
oi_3c2921ac0519e357.jpg,Open Images V7,train,Scott Akerman,CC BY 2.0,https://www.flickr.com/photos/sterlic/4872570835
oi_3c2c0a7d1b0790ac.jpg,Open Images V7,test,George Bannister,CC BY 2.0,https://www.flickr.com/photos/drgbb/5704698695
oi_3c31a3cd0fe519bf.jpg,Open Images V7,val,Eric Chan,CC BY 2.0,https://www.flickr.com/photos/maveric2003/3788277540
oi_3c39da3a132d335d.jpg,Open Images V7,train,Jun Seita,CC BY 2.0,https://www.flickr.com/photos/jseita/7428222802/
oi_3c3e3ed7660cffe9.jpg,Open Images V7,train,Biodiversity Heritage Library,CC BY 2.0,https://www.flickr.com/photos/biodivlibrary/5998818764
oi_3c4d69710793dcb8.jpg,Open Images V7,train,Alan Light,CC BY 2.0,https://www.flickr.com/photos/alan-light/3418568973
oi_3c5c86bbd830d7d7.jpg,Open Images V7,train,Kenneth Lu,CC BY 2.0,https://www.flickr.com/photos/toasty/4439730485
oi_3c81eadb645e6dc1.jpg,Open Images V7,train,Dainis Matisons,CC BY 2.0,https://www.flickr.com/photos/dainismatisons/13265420564/
oi_3c8275e424e15ad8.jpg,Open Images V7,train,PhotoBobil,CC BY 2.0,https://www.flickr.com/photos/15174316@N02/5394274464
oi_3c889364812c737a.jpg,Open Images V7,val,Ryosuke Hosoi,CC BY 2.0,https://www.flickr.com/photos/rhosoi/2042838467
oi_3ca7fd52529bcd3e.jpg,Open Images V7,val,LASZLO ILYES,CC BY 2.0,https://www.flickr.com/photos/laszlo-photo/135173925
oi_3cabe6048852334e.jpg,Open Images V7,train,Paul Downey,CC BY 2.0,https://www.flickr.com/photos/psd/75165293
oi_3cbb2cca80094e73.jpg,Open Images V7,train,Themeplus,CC BY 2.0,https://www.flickr.com/photos/85217387@N04/7805038442
oi_3cbd0051ad81b716.jpg,Open Images V7,val,gwaar,CC BY 2.0,https://www.flickr.com/photos/paulsynnott/2642449776
oi_3cc96e1f2749f19d.jpg,Open Images V7,train,John Nousis,CC BY 2.0,https://www.flickr.com/photos/nousis/3891849951
oi_3ccf4792b83ff644.jpg,Open Images V7,train,Allie_Caulfield,CC BY 2.0,https://www.flickr.com/photos/wm_archiv/6752315813
oi_3cd59cb4110a209a.jpg,Open Images V7,train,Dimitris Siskopoulos,CC BY 2.0,https://www.flickr.com/photos/dimsis/14504231322
oi_3cdedfd11a043087.jpg,Open Images V7,train,Alan Light,CC BY 2.0,https://www.flickr.com/photos/alan-light/6226705247
oi_3ce37013c75b3d4b.jpg,Open Images V7,train,Yuko Hara,CC BY 2.0,https://www.flickr.com/photos/yuko_ppp/2621321400
oi_3ced7367da2e99c6.jpg,Open Images V7,train,USFWS Mountain-Prairie,CC BY 2.0,https://flickr.com/51986662@N05/19901337680
oi_3cfda6535dfef831.jpg,Open Images V7,train,Rich Young,CC BY 2.0,https://www.flickr.com/photos/young-in-panama/154249929
oi_3cfede1bfac68909.jpg,Open Images V7,test,Wendy Cutler,CC BY 2.0,https://www.flickr.com/photos/wlcutler/7642028164
oi_3d0052fef541b9ad.jpg,Open Images V7,train,McKay Savage,CC BY 2.0,https://www.flickr.com/photos/mckaysavage/9971932093
oi_3d0c55893215a7c9.jpg,Open Images V7,test,Lamerie,CC BY 2.0,https://www.flickr.com/photos/44328604@N00/297733713
oi_3d21614380ce2227.jpg,Open Images V7,val,Christian Jensen,CC BY 2.0,https://www.flickr.com/photos/cs-jay/7049767351
oi_3d3da8d3492ce391.jpg,Open Images V7,train,Pedro Lozano,CC BY 2.0,https://www.flickr.com/photos/peterlozano/4878134179
oi_3d4662ef9b9a8cd1.jpg,Open Images V7,train,sexiestgeeksalive,CC BY 2.0,https://www.flickr.com/photos/sexiestgeeksalive/2953812038
oi_3d4c8c3da09a8b90.jpg,Open Images V7,train,Florida Keys--Public Libraries,CC BY 2.0,https://www.flickr.com/photos/keyslibraries/5711675104
oi_3d517a5b5579825d.jpg,Open Images V7,train,Melissa Hillier,CC BY 2.0,https://www.flickr.com/photos/77423179@N02/21152463585
oi_3d523990d17f8ac6.jpg,Open Images V7,val,Andres Perez,CC BY 2.0,https://www.flickr.com/photos/an23dr77ew/16022525983
oi_3d578bc233b834fa.jpg,Open Images V7,val,Olivier Letourneux,CC BY 2.0,https://www.flickr.com/photos/lreivilo/5958897840
oi_3d669e64ddedb7c7.jpg,Open Images V7,val,Tom Hughes-Croucher,CC BY 2.0,https://www.flickr.com/photos/sh1mmer/2471554574
oi_3d859b413b962a41.jpg,Open Images V7,train,Alan Hawrylyshen,CC BY 2.0,https://www.flickr.com/photos/muonzoo/3318651944
oi_3d8d6af7e2454f2e.jpg,Open Images V7,train,Josh Hallett,CC BY 2.0,https://www.flickr.com/photos/hyku/357886832
oi_3d95340f8b3fe1e7.jpg,Open Images V7,train,Gary Bembridge,CC BY 2.0,https://www.flickr.com/photos/tipsfortravellers/20284555245
oi_3d99d0b27f2e3b69.jpg,Open Images V7,test,Chris Brown,CC BY 2.0,https://www.flickr.com/photos/124431351@N02/14130098352
oi_3d9c1c5265226fb0.jpg,Open Images V7,train,Steven Depolo,CC BY 2.0,https://www.flickr.com/photos/stevendepolo/1077545745
oi_3da04c2fb53aaba2.jpg,Open Images V7,train,Ghost-in-the-Shell,CC BY 2.0,https://www.flickr.com/photos/ghost-in-the-shell/7664640088
oi_3db7eeeea202f02b.jpg,Open Images V7,val,Windell Oskay,CC BY 2.0,https://www.flickr.com/photos/oskay/9064098710
oi_3dc54458457873f0.jpg,Open Images V7,train,Crosa,CC BY 2.0,https://www.flickr.com/photos/facing-my-life/18126640189
oi_3dc7c2ec00ab60a8.jpg,Open Images V7,val,Christopher Michel,CC BY 2.0,https://www.flickr.com/photos/cmichel67/8370612096
oi_3dd55a7e9c4bbb88.jpg,Open Images V7,train,kuhnmi,CC BY 2.0,https://www.flickr.com/photos/31176607@N05/16059071770
oi_3ddb627945771f8b.jpg,Open Images V7,train,Philippe Guillaume,CC BY 2.0,https://www.flickr.com/photos/philippeguillaume/3739536736
oi_3ddc9e8a9ec1a4c9.jpg,Open Images V7,train,William Warby,CC BY 2.0,https://www.flickr.com/photos/wwarby/8191511190
oi_3de8c418a4c7cc0e.jpg,Open Images V7,train,Karen,CC BY 2.0,https://www.flickr.com/photos/56832361@N00/873859762
oi_3deca8b620d82c8c.jpg,Open Images V7,train,enidbalemans,CC BY 2.0,https://www.flickr.com/photos/62270739@N02/6466356945
oi_3dfbed46e4146f12.jpg,Open Images V7,val,successconscious,CC BY 2.0,https://www.flickr.com/photos/gotpaid/4299197204
oi_3dfc08e9780b515e.jpg,Open Images V7,train,Josh Hallett,CC BY 2.0,https://www.flickr.com/photos/hyku/357702938
oi_3dfe7ac8dd7394b9.jpg,Open Images V7,train,Michael Shehan Obeysekera,CC BY 2.0,https://www.flickr.com/photos/mshehan/6847013226
oi_3e0837a4ce01a143.jpg,Open Images V7,val,Richard P J Lambert,CC BY 2.0,https://www.flickr.com/photos/auspices/15539612208
oi_3e084e787c95d8c1.jpg,Open Images V7,train,yeowatzup,CC BY 2.0,https://www.flickr.com/photos/yeowatzup/2052868224
oi_3e13e7fe0284aee1.jpg,Open Images V7,train,tata_aka_T,CC BY 2.0,https://www.flickr.com/photos/12453467@N00/3081263112
oi_3e17e432f48eefaf.jpg,Open Images V7,train,Biodiversity Heritage Library,CC BY 2.0,https://www.flickr.com/photos/biodivlibrary/6001801284/
oi_3e2eaddf0a86803e.jpg,Open Images V7,test,U.S. Fish and Wildlife Service Headquarters,CC BY 2.0,https://www.flickr.com/photos/usfwshq/8080505779
oi_3e370f3cc9b52f34.jpg,Open Images V7,train,Neil Fantom,CC BY 2.0,https://www.flickr.com/photos/nfantom/13986922262
oi_3e4e3ab4270577f0.jpg,Open Images V7,val,Christopher Michel,CC BY 2.0,https://www.flickr.com/photos/cmichel67/3732928923
oi_3e57d28cd8469f7a.jpg,Open Images V7,train,Michael Napoleon,CC BY 2.0,https://www.flickr.com/photos/cusegoyle/2992473609
oi_3e5a8b6b17b4888e.jpg,Open Images V7,train,Tess Watson,CC BY 2.0,https://www.flickr.com/photos/tessawatson/397873828
oi_3e67f101ace5db90.jpg,Open Images V7,train,ajari,CC BY 2.0,https://www.flickr.com/photos/ajari/2840619872
oi_3e69c18b59d4d774.jpg,Open Images V7,val,James St. John,CC BY 2.0,https://www.flickr.com/photos/jsjgeology/16082657072
oi_3e90508ed8b502a3.jpg,Open Images V7,train,Ratha Grimes,CC BY 2.0,https://www.flickr.com/photos/ratha/21524879886
oi_3e98fa572cad8b60.jpg,Open Images V7,train,Jerry Kirkhart,CC BY 2.0,https://www.flickr.com/photos/jkirkhart35/3368958995
oi_3e9921c518d4d1d9.jpg,Open Images V7,val,Ray Bouknight,CC BY 2.0,https://www.flickr.com/photos/raybouk/7707245124
oi_3ea777c250630346.jpg,Open Images V7,train,Derek Keats,CC BY 2.0,https://www.flickr.com/photos/dkeats/5758687281/
oi_3eb7bde22f3a7b27.jpg,Open Images V7,train,bigbirdz,CC BY 2.0,https://www.flickr.com/photos/bigbirdz/3815447499
oi_3eba0698261c71ea.jpg,Open Images V7,train,Kimberly Vardeman,CC BY 2.0,https://www.flickr.com/photos/kimberlykv/16479193449
oi_3ebb02cc15a9d42e.jpg,Open Images V7,train,Derek Keats,CC BY 2.0,https://www.flickr.com/photos/dkeats/5713063597
oi_3ebba6cb0762490c.jpg,Open Images V7,train,Kev Chapman,CC BY 2.0,https://www.flickr.com/photos/25553993@N02/9119264792
oi_3ebed7348ba48b06.jpg,Open Images V7,train,Lakshmi Sawitri,CC BY 2.0,https://www.flickr.com/photos/elsaw/15862666838
oi_3ec00eb8c8f2b896.jpg,Open Images V7,train,Lars K Jensen,CC BY 2.0,https://www.flickr.com/photos/larskjensen/2754617564
oi_3ec4c88f94859a3c.jpg,Open Images V7,train,Paul Reynolds,CC BY 2.0,https://www.flickr.com/photos/bigtallguy/2304498298
oi_3ec8e156d6adb83a.jpg,Open Images V7,train,brian kelly,CC BY 2.0,https://www.flickr.com/photos/y2bk/483367647
oi_3ecb1ee3352a7b66.jpg,Open Images V7,val,Nicola Sfondrini,CC BY 2.0,https://www.flickr.com/photos/sfondrininicola/4676179767
oi_3ee50df99326ec2b.jpg,Open Images V7,train,g1ll,CC BY 2.0,https://www.flickr.com/photos/rmgill/3396640138
oi_3eeac954c212509b.jpg,Open Images V7,train,Ezra S F,CC BY 2.0,https://www.flickr.com/photos/sneezypb/72257203
oi_3f119cef621b1884.jpg,Open Images V7,train,q phia,CC BY 2.0,https://www.flickr.com/photos/q-phia/13570548163
oi_3f13710d5e4543d8.jpg,Open Images V7,train,brownpau,CC BY 2.0,https://www.flickr.com/photos/brownpau/6648797461
oi_3f1ae9a75f4d9550.jpg,Open Images V7,train,mauroguanandi,CC BY 2.0,https://www.flickr.com/photos/mauroguanandi/11054723365
oi_3f358d56e21f7718.jpg,Open Images V7,train,librarianidol,CC BY 2.0,https://www.flickr.com/photos/librarianidol/6805305611/
oi_3f3e44bdb52de467.jpg,Open Images V7,train,Stephen Bowler,CC BY 2.0,https://www.flickr.com/photos/50826080@N00/2448711141
oi_3f5029ab1a4290d1.jpg,Open Images V7,train,Allie_Caulfield,CC BY 2.0,https://www.flickr.com/photos/wm_archiv/6923859966
oi_3f5200c5d9b5df19.jpg,Open Images V7,val,Emran Kassim,CC BY 2.0,https://www.flickr.com/photos/emrank/9017246900
oi_3f584cf934631aa2.jpg,Open Images V7,train,Michael Borland,CC BY 2.0,https://www.flickr.com/photos/128799619@N07/16082850917/
oi_3f5d5a464869111f.jpg,Open Images V7,train,I Travel Philippines,CC BY 2.0,https://www.flickr.com/photos/93788068@N02/10744822794
oi_3f60c5a615b08a5a.jpg,Open Images V7,train,lin padgham,CC BY 2.0,https://www.flickr.com/photos/linpadgham/2589170629/
oi_3f6d468d8f0e4fc2.jpg,Open Images V7,train,A.Davey,CC BY 2.0,https://www.flickr.com/photos/adavey/711708591
oi_3f84114df8076897.jpg,Open Images V7,test,Lisa Weichel,CC BY 2.0,https://www.flickr.com/photos/lisa_aw/8581824434
oi_3f9929394825540a.jpg,Open Images V7,train,Bob Peterson,CC BY 2.0,https://www.flickr.com/photos/pondapple/9587393183
oi_3f9b9f37320f46b8.jpg,Open Images V7,val,Polar Cruises,CC BY 2.0,https://www.flickr.com/photos/polarphotos/5933981971
oi_3f9f1488d7c02c6b.jpg,Open Images V7,train,Rob Oo,CC BY 2.0,https://www.flickr.com/photos/105105658@N03/18735722644
oi_3fa06f7696f9e016.jpg,Open Images V7,val,Philippe AMIOT,CC BY 2.0,https://www.flickr.com/photos/philippeamiot/11045862016
oi_3fa22d5b6246ab24.jpg,Open Images V7,train,Elias Levy,CC BY 2.0,https://www.flickr.com/photos/elevy/18999290379
oi_3fb5aa5ed9c29829.jpg,Open Images V7,train,oliver.dodd,CC BY 2.0,https://www.flickr.com/photos/oliverdodd/14663421701
oi_3fb6ee1b35c2e806.jpg,Open Images V7,train,Brian Gratwicke,CC BY 2.0,https://www.flickr.com/photos/briangratwicke/6954210738
oi_3fba0ef7e3524145.jpg,Open Images V7,val,Wilson Hui,CC BY 2.0,https://www.flickr.com/photos/wilsonhui/15343726037
oi_3fc5ba1b8f9cb882.jpg,Open Images V7,val,Christopher Michel,CC BY 2.0,https://www.flickr.com/photos/cmichel67/16662572476
oi_3fd160e571847022.jpg,Open Images V7,train,SNORKELINGDIVES.COM,CC BY 2.0,https://www.flickr.com/photos/snorkelingdives/14153251944
oi_3fd30e39826696d9.jpg,Open Images V7,train,kinwart,CC BY 2.0,https://www.flickr.com/photos/lindatrawnik/3781853646
oi_3fd36afc48275438.jpg,Open Images V7,train,Sean Loyless,CC BY 2.0,https://www.flickr.com/photos/haggismac/13500051923
oi_3fd56536642a49bc.jpg,Open Images V7,train,William Warby,CC BY 2.0,https://www.flickr.com/photos/wwarby/8527850376
oi_3fdf79a5e3b18499.jpg,Open Images V7,train,flowcomm,CC BY 2.0,https://www.flickr.com/photos/flowcomm/4485578789
oi_3fea33d8f07315a5.jpg,Open Images V7,val,Colleen Benelli,CC BY 2.0,https://www.flickr.com/photos/49651517@N02/9329948558/
oi_3fea3901a6e551bf.jpg,Open Images V7,train,Angela Schmeidel Randall,CC BY 2.0,https://www.flickr.com/photos/arandall/2207127889
oi_3fec1cac42f50f1f.jpg,Open Images V7,val,Wilfred Hdez,CC BY 2.0,https://www.flickr.com/photos/wilfred_hdez/15387252652
oi_4005cc75f8fbf127.jpg,Open Images V7,train,Ines Hegedus-Garcia,CC BY 2.0,https://www.flickr.com/photos/miamism/5953191524
oi_40152eb222ba0399.jpg,Open Images V7,test,brownpau,CC BY 2.0,https://www.flickr.com/photos/brownpau/4725891479
oi_402a35c186ede502.jpg,Open Images V7,test,Stig Nygaard,CC BY 2.0,https://www.flickr.com/photos/stignygaard/47504247
oi_402be6df2c9fdda3.jpg,Open Images V7,train,Windell Oskay,CC BY 2.0,https://www.flickr.com/photos/oskay/251473524
oi_40355e2db5fe0c2a.jpg,Open Images V7,val,Lars Juhl Jensen,CC BY 2.0,https://www.flickr.com/photos/larsjuhljensen/6371092635
oi_404456f0fcfed276.jpg,Open Images V7,train,Jennifer Morrow,CC BY 2.0,https://www.flickr.com/photos/donotlick/5930356005
oi_404971a838fc379c.jpg,Open Images V7,val,Mike Johnston,CC BY 2.0,https://www.flickr.com/photos/mikejsolutions/65889647
oi_4056177e0f82c048.jpg,Open Images V7,val,Marcin Wichary,CC BY 2.0,https://www.flickr.com/photos/mwichary/4028023209
oi_405cde766ad7b497.jpg,Open Images V7,test,Gobierno del Chubut,CC BY 2.0,https://www.flickr.com/photos/gobiernodelchubut/2568166678
oi_406b119ad605e6df.jpg,Open Images V7,train,Fred von Lohmann,CC BY 2.0,https://www.flickr.com/photos/vonlohmann/168998269
oi_407e1911dd0f28cd.jpg,Open Images V7,test,Nicholas Smale,CC BY 2.0,https://www.flickr.com/photos/nicholassmale/9393780860
oi_408dd5597363e2fd.jpg,Open Images V7,train,brownpau,CC BY 2.0,https://www.flickr.com/photos/brownpau/4726570052
oi_409350133f47856a.jpg,Open Images V7,train,Johnny Jet,CC BY 2.0,https://www.flickr.com/photos/johnnyjet/3255202690
oi_409428dbeb9830db.jpg,Open Images V7,test,toadlady1,CC BY 2.0,https://www.flickr.com/photos/76277453@N05/6852812393
oi_409f5d08aac9ba42.jpg,Open Images V7,train,Blondinrikard Fröberg,CC BY 2.0,https://www.flickr.com/photos/blondinrikard/14552224295
oi_40a333ec2ac8ac5a.jpg,Open Images V7,train,Didriks,CC BY 2.0,https://www.flickr.com/photos/dinnerseries/17244225054
oi_40a3c14645e05fdc.jpg,Open Images V7,train,mrbrenner,CC BY 2.0,https://www.flickr.com/photos/mrbrenner/9313679073
oi_40ae4234db9ced01.jpg,Open Images V7,train,The Wu&#x27;s Photo Land,CC BY 2.0,https://www.flickr.com/photos/photowu/8592208412
oi_40b07cf150817d04.jpg,Open Images V7,train,Rusty Clark - On the Air M-F 8am-noon,CC BY 2.0,https://www.flickr.com/photos/rusty_clark/9451640135
oi_40b8ea446b1fd919.jpg,Open Images V7,train,Eric Chan,CC BY 2.0,https://www.flickr.com/photos/maveric2003/63110776
oi_40c596ed7e895e36.jpg,Open Images V7,test,peter boer,CC BY 2.0,https://www.flickr.com/photos/minuseleven/15566180517
oi_40d6ee7cbbf7948a.jpg,Open Images V7,val,California Department of Fish and Wildlife,CC BY 2.0,https://www.flickr.com/photos/californiadfg/14955615059
oi_40dbcc0abd0888fd.jpg,Open Images V7,train,David Goehring,CC BY 2.0,https://www.flickr.com/photos/carbonnyc/57601830
oi_40de8e451bbbdeb9.jpg,Open Images V7,train,Steve Jurvetson,CC BY 2.0,https://www.flickr.com/photos/jurvetson/166110464
oi_40e0546cf8bc9678.jpg,Open Images V7,train,strudelt,CC BY 2.0,https://www.flickr.com/photos/27647890@N03/13710385303
oi_40e35ba75cfde0b8.jpg,Open Images V7,test,Erik Charlton,CC BY 2.0,https://www.flickr.com/photos/erikcharlton/3485378352
oi_40fc820d06e61041.jpg,Open Images V7,test,Charles Williams,CC BY 2.0,https://www.flickr.com/photos/charlesonflickr/3715956943
oi_41036b3fb863e282.jpg,Open Images V7,train,J P,CC BY 2.0,https://www.flickr.com/photos/nuskyn/4984163942
oi_4105fa448e07cd5f.jpg,Open Images V7,train,Mihnea Stanciu,CC BY 2.0,https://www.flickr.com/photos/fallout/9064868148
oi_410a099669b56d32.jpg,Open Images V7,train,Nicolas Buffler,CC BY 2.0,https://www.flickr.com/photos/nicolasbuffler/20823581620
oi_410cdcc641fe5869.jpg,Open Images V7,train,Greg Schechter,CC BY 2.0,https://www.flickr.com/photos/gregthebusker/3806607594
oi_411aaa48e1dc2ec8.jpg,Open Images V7,test,"Eden, Janine and Jim",CC BY 2.0,https://www.flickr.com/photos/edenpictures/16452001827
oi_412607715b4a3ebb.jpg,Open Images V7,train,tangi bertin,CC BY 2.0,https://www.flickr.com/photos/tangi_bertin/6058408947
oi_41278f1927f45180.jpg,Open Images V7,train,David Goehring,CC BY 2.0,https://www.flickr.com/photos/carbonnyc/11229799654
oi_413094c4e797eb3e.jpg,Open Images V7,val,Su--May,CC BY 2.0,https://www.flickr.com/photos/su-may/15218832827
oi_41402a2fbac6cfc0.jpg,Open Images V7,val,Chris Pearson,CC BY 2.0,https://www.flickr.com/photos/chrispearson72/2376567139
oi_4141d2488aa9b9bd.jpg,Open Images V7,train,Edward Callaghan,CC BY 2.0,https://www.flickr.com/photos/ecallaghan/398656115
oi_4142cba872f483d8.jpg,Open Images V7,train,Jerry Kirkhart,CC BY 2.0,https://www.flickr.com/photos/jkirkhart35/9366493192
oi_415508f269c6d514.jpg,Open Images V7,train,amanderson2,CC BY 2.0,https://www.flickr.com/photos/amanderson/6751189365
oi_41638fa6df4dc8d9.jpg,Open Images V7,val,Eduardo Santos,CC BY 2.0,https://www.flickr.com/photos/dusantos_bh/1331351585
oi_416449b771b555cb.jpg,Open Images V7,train,reibai,CC BY 2.0,https://www.flickr.com/photos/reibai/2386667215
oi_417ac5b077656ed4.jpg,Open Images V7,train,Captain DJ,CC BY 2.0,https://www.flickr.com/photos/darrinjonz/2603601341
oi_41917b2e6899bd87.jpg,Open Images V7,val,U.S. Fish and Wildlife Service Headquarters,CC BY 2.0,https://www.flickr.com/photos/usfwshq/8473489765
oi_419e8458608bc414.jpg,Open Images V7,train,Me-Liss-A,CC BY 2.0,https://www.flickr.com/photos/lissjasmin/967834103
oi_419e878be1fba7a7.jpg,Open Images V7,train,Christopher Michel,CC BY 2.0,https://www.flickr.com/photos/cmichel67/11246637224
oi_41a4bb3d5c9199f4.jpg,Open Images V7,test,Toshinori Kawate,CC BY 2.0,https://www.flickr.com/photos/kawataso/14725278463
oi_41a65886ef4015d3.jpg,Open Images V7,train,Christopher Michel,CC BY 2.0,https://www.flickr.com/photos/cmichel67/11295783776
oi_41aac1c1b482d15c.jpg,Open Images V7,train,Brian Gratwicke,CC BY 2.0,https://www.flickr.com/photos/briangratwicke/7072357395
oi_41add6ea66deacfb.jpg,Open Images V7,train,Ryan Bodenstein,CC BY 2.0,https://www.flickr.com/photos/evenkolder/16555004488
oi_41afed1a4622bace.jpg,Open Images V7,train,Brian Gratwicke,CC BY 2.0,https://www.flickr.com/photos/briangratwicke/7078292141
oi_41c6b88233b9fa4e.jpg,Open Images V7,val,Chris Martin,CC BY 2.0,https://www.flickr.com/photos/cjmartin/4787409193
oi_41c7da69809dfdb7.jpg,Open Images V7,test,NOAA Photo Library,CC BY 2.0,https://www.flickr.com/photos/noaaphotolib/5020528644
oi_41c9f5d48ccd854f.jpg,Open Images V7,val,Ben Sutherland,CC BY 2.0,https://www.flickr.com/photos/bensutherland/1446781331
oi_41d23bc689728a18.jpg,Open Images V7,train,Ryan Wick,CC BY 2.0,https://www.flickr.com/photos/ryanwick/3435959943
oi_41d7bead851e41fb.jpg,Open Images V7,train,David Berkowitz,CC BY 2.0,https://www.flickr.com/photos/davidberkowitz/4871435449
oi_41dfcd1ceba48370.jpg,Open Images V7,train,Bureau  of Land Management,CC BY 2.0,https://www.flickr.com/photos/mypubliclands/16442811919
oi_41ea0191359ab88f.jpg,Open Images V7,train,jenny downing,CC BY 2.0,https://www.flickr.com/photos/jenny-pics/10883280024
oi_41ee7fcc24cc4d97.jpg,Open Images V7,val,Allie_Caulfield,CC BY 2.0,https://flickr.com/28577026@N02/6745822799
oi_41ef04187f1218b7.jpg,Open Images V7,val,Esther Westerveld,CC BY 2.0,https://www.flickr.com/photos/westher/15049855679
oi_41f56ac86bc12045.jpg,Open Images V7,train,Port of San Diego,CC BY 2.0,https://www.flickr.com/photos/portofsandiego/14963938682
oi_42030eca3ade887f.jpg,Open Images V7,val,Lars Juhl Jensen,CC BY 2.0,https://www.flickr.com/photos/larsjuhljensen/6784764800
oi_420365bab89cc208.jpg,Open Images V7,train,Christian Jensen,CC BY 2.0,https://www.flickr.com/photos/cs-jay/1798985928
oi_420dc4cc88f26adc.jpg,Open Images V7,val,Jon Connell,CC BY 2.0,https://www.flickr.com/photos/ciamabue/1273646265
oi_421229de50104384.jpg,Open Images V7,train,Giles Williams,CC BY 2.0,https://www.flickr.com/photos/aegidian/16240105607/
oi_42223994810b55c1.jpg,Open Images V7,train,Judhi Prasetyo,CC BY 2.0,https://www.flickr.com/photos/best/281338622
oi_423299823c72b878.jpg,Open Images V7,train,muffinn,CC BY 2.0,https://www.flickr.com/photos/mwf2005/14850403714
oi_423d1eb5e1424be6.jpg,Open Images V7,val,Jason Riedy,CC BY 2.0,https://www.flickr.com/photos/jason-riedy/16044216440
oi_423eec94716a5e4f.jpg,Open Images V7,val,Steve Jurvetson,CC BY 2.0,https://www.flickr.com/photos/jurvetson/8626790684
oi_42449a7a9c37fe79.jpg,Open Images V7,train,Brian Gratwicke,CC BY 2.0,https://www.flickr.com/photos/briangratwicke/6932203794
oi_424a16dc50246658.jpg,Open Images V7,train,Dave Lonsdale,CC BY 2.0,https://www.flickr.com/photos/davelonsdale/6732200263
oi_425ca89ae34c5a97.jpg,Open Images V7,train,TheBusyBrain,CC BY 2.0,https://www.flickr.com/photos/thebusybrain/2973536008
oi_425deb1b3a9e78ca.jpg,Open Images V7,val,Russell Bernice,CC BY 2.0,https://www.flickr.com/photos/russellbernice/14683466276/
oi_4261927c0cec3300.jpg,Open Images V7,train,Kostas Krev,CC BY 2.0,https://www.flickr.com/photos/kostaskrev/8021184400
oi_426340dd02657882.jpg,Open Images V7,val,Don DeBold,CC BY 2.0,https://www.flickr.com/photos/ddebold/8656802285
oi_42637747ceb5e21b.jpg,Open Images V7,train,Travis,CC BY 2.0,https://www.flickr.com/photos/variationblogr/6658542441
oi_426ecd74a93343c9.jpg,Open Images V7,train,Karen,CC BY 2.0,https://www.flickr.com/photos/56832361@N00/873891670
oi_429255d3f336805b.jpg,Open Images V7,train,funkblast,CC BY 2.0,https://www.flickr.com/photos/funkblast/43428752
oi_4297b52db6cc1117.jpg,Open Images V7,train,Callum Hopkins,CC BY 2.0,https://www.flickr.com/photos/caleuanhopkins/7599215374
oi_429e2a58c17714d1.jpg,Open Images V7,train,California Department of Fish and Wildlife,CC BY 2.0,https://www.flickr.com/photos/californiadfg/14889704141
oi_42b9c9d106e89a1e.jpg,Open Images V7,train,Charles Barilleaux,CC BY 2.0,https://www.flickr.com/photos/bontempscharly/6849031332
oi_42c8be8fc070688e.jpg,Open Images V7,test,Isaac Wedin,CC BY 2.0,https://www.flickr.com/photos/izik/15965444160
oi_42d21effa4d2c0a1.jpg,Open Images V7,train,Márcio Cabral de Moura,CC BY 2.0,https://www.flickr.com/photos/mcdemoura/2375990304
oi_42e7747b24ae4942.jpg,Open Images V7,train,Anita Ritenour,CC BY 2.0,https://www.flickr.com/photos/puliarfanita/5262142921
oi_42f2b0ee3a82b64d.jpg,Open Images V7,train,Jerry Kirkhart,CC BY 2.0,https://www.flickr.com/photos/jkirkhart35/3900655587
oi_42f544d008897d7d.jpg,Open Images V7,test,Jerry Kirkhart,CC BY 2.0,https://www.flickr.com/photos/jkirkhart35/8428356575
oi_42fae9de1990dd0a.jpg,Open Images V7,train,Jason Riedy,CC BY 2.0,https://www.flickr.com/photos/jason-riedy/16205645596
oi_42fea09dafdd3c1d.jpg,Open Images V7,train,xlibber,CC BY 2.0,https://www.flickr.com/photos/xlibber/15127099506
oi_43027fb43996ec5e.jpg,Open Images V7,train,Jurgen,CC BY 2.0,https://www.flickr.com/photos/300tdorg/2241032499/
oi_431bc6ec0318bc71.jpg,Open Images V7,train,slgckgc,CC BY 2.0,https://www.flickr.com/photos/slgc/2806009853
oi_43332300fe6aa1ce.jpg,Open Images V7,train,Cliff Cooper,CC BY 2.0,https://www.flickr.com/photos/dizfunk/6947919821
oi_434270e4b1e861db.jpg,Open Images V7,train,Scazon,CC BY 2.0,https://www.flickr.com/photos/scazon/3242883956
oi_43453ea16d54078f.jpg,Open Images V7,val,stomas,CC BY 2.0,https://www.flickr.com/photos/stomas/8196644265
oi_43454493c990bf72.jpg,Open Images V7,test,Jerry Kirkhart,CC BY 2.0,https://www.flickr.com/photos/jkirkhart35/1795916360
oi_435178e2e606acdc.jpg,Open Images V7,train,Kolitha de Silva,CC BY 2.0,https://www.flickr.com/photos/dkolitha/8109623034
oi_43522b090df00158.jpg,Open Images V7,train,Manuel,CC BY 2.0,https://www.flickr.com/photos/martius/756865966
oi_435d8b16f1b9b806.jpg,Open Images V7,train,Yuval Haimovits,CC BY 2.0,https://www.flickr.com/photos/yuvalh/1385275371
oi_435e5bd409107876.jpg,Open Images V7,train,Derek Keats,CC BY 2.0,https://www.flickr.com/photos/dkeats/6230955473
oi_4362c112527ce4c9.jpg,Open Images V7,val,Josh Hallett,CC BY 2.0,https://www.flickr.com/photos/hyku/357830349
oi_4364581e62b73362.jpg,Open Images V7,val,Scott Schram,CC BY 2.0,https://www.flickr.com/photos/schram/3027055223
oi_436dd87bcc9cf56f.jpg,Open Images V7,train,Austin Kirk,CC BY 2.0,https://www.flickr.com/photos/aukirk/7861437566
oi_437643edcfb6b68d.jpg,Open Images V7,train,Wilfred Hdez,CC BY 2.0,https://www.flickr.com/photos/wilfred_hdez/16752125204
oi_437b8e7326b13713.jpg,Open Images V7,train,Laurent DELLEUR,CC BY 2.0,https://www.flickr.com/photos/67364904@N00/118699326
oi_43851231c45638ac.jpg,Open Images V7,train,David Minty,CC BY 2.0,https://www.flickr.com/photos/its_all_about_the_light/21302958782
oi_438b32af8469866f.jpg,Open Images V7,train,bp6316,CC BY 2.0,https://www.flickr.com/photos/bp6316/7582711790
oi_439b585ce139d78b.jpg,Open Images V7,train,Biodiversity Heritage Library,CC BY 2.0,https://www.flickr.com/photos/biodivlibrary/6918365142
oi_43abe7f5f8378470.jpg,Open Images V7,train,belgianchocolate,CC BY 2.0,https://www.flickr.com/photos/frank-wouters/855907333
oi_43ad00f23d977fe7.jpg,Open Images V7,train,Rich Brooks,CC BY 2.0,https://www.flickr.com/photos/therichbrooks/2658751229
oi_43b4e903de623408.jpg,Open Images V7,train,Allie_Caulfield,CC BY 2.0,https://www.flickr.com/photos/wm_archiv/8103029102
oi_43c358e25a0a9648.jpg,Open Images V7,train,Wendy Mann,CC BY 2.0,https://www.flickr.com/photos/haversack/18939378259
oi_43c8227a14d62d88.jpg,Open Images V7,train,the_jetboy,CC BY 2.0,https://www.flickr.com/photos/biplex/9482733311
oi_43e76a33f7b3ddd8.jpg,Open Images V7,train,Derek Keats,CC BY 2.0,https://www.flickr.com/photos/dkeats/5282477317
oi_43f725f4bb325cf3.jpg,Open Images V7,train,Jérémi Joslin,CC BY 2.0,https://www.flickr.com/photos/jeremi/4055429578
oi_43f9106cb7bdae37.jpg,Open Images V7,train,Stephen Brace,CC BY 2.0,https://www.flickr.com/photos/stevon/3585492907/
oi_43ff71da1e740788.jpg,Open Images V7,train,Christian Haugen,CC BY 2.0,https://www.flickr.com/photos/christianhaugen/3506349541
oi_44051b88f52f76d0.jpg,Open Images V7,train,Gavin Stewart,CC BY 2.0,https://www.flickr.com/photos/gavinandrewstewart/372224766
oi_443873508891787d.jpg,Open Images V7,train,Becks,CC BY 2.0,https://www.flickr.com/photos/littlemisspurps/20035303291
oi_44406b512032e2ec.jpg,Open Images V7,train,NOAA Photo Library,CC BY 2.0,https://www.flickr.com/photos/noaaphotolib/5277844092
oi_4447a19834fde9da.jpg,Open Images V7,train,raider of gin,CC BY 2.0,https://www.flickr.com/photos/fairerdingo/15902130151
oi_444bc4282d087fba.jpg,Open Images V7,val,Philippe Guillaume,CC BY 2.0,https://www.flickr.com/photos/philippeguillaume/3776579284
oi_445822f896e39415.jpg,Open Images V7,train,Max and Dee Bernt,CC BY 2.0,https://www.flickr.com/photos/lhanaphotography/17154364749
oi_446489f396672231.jpg,Open Images V7,train,Rinaldo Wurglitsch,CC BY 2.0,https://www.flickr.com/photos/wurglitsch/2714622106
oi_44780e7ebf4882b5.jpg,Open Images V7,train,~Pawsitive~Candie_N,CC BY 2.0,https://www.flickr.com/photos/scjn/3472554116
oi_44885658ab792fa6.jpg,Open Images V7,train,thomas_sly,CC BY 2.0,https://www.flickr.com/photos/tomsly/93914263
oi_449f55410fee08c2.jpg,Open Images V7,train,Christopher Michel,CC BY 2.0,https://www.flickr.com/photos/cmichel67/11235854044
oi_44bca480a141cc76.jpg,Open Images V7,train,Warren Talbot,CC BY 2.0,https://www.flickr.com/photos/marriedwithluggage/5398178680/
oi_44be346b9f064e70.jpg,Open Images V7,train,Christian Jensen,CC BY 2.0,https://www.flickr.com/photos/cs-jay/4072984589
oi_44c89b2094b14a22.jpg,Open Images V7,train,David Pursehouse,CC BY 2.0,https://www.flickr.com/photos/mdid/3400920673
oi_44dbe82fc33e46e0.jpg,Open Images V7,train,Ed Bierman,CC BY 2.0,https://www.flickr.com/photos/edbierman/4629348632
oi_44dd7bea0c891a56.jpg,Open Images V7,train,gracedustin,CC BY 2.0,https://www.flickr.com/photos/28018202@N07/3168313652
oi_44e533f836c8ec81.jpg,Open Images V7,train,osseous,CC BY 2.0,https://www.flickr.com/photos/osseous/3578628101
oi_44f278f44ce5efb0.jpg,Open Images V7,train,Tomasz Dunn,CC BY 2.0,https://www.flickr.com/photos/tdd/3485899204
oi_44f38a7d698d3b70.jpg,Open Images V7,train,robposse,CC BY 2.0,https://www.flickr.com/photos/51274664@N06/6772464519
oi_4502cc268baa1d13.jpg,Open Images V7,train,Geoff Stearns,CC BY 2.0,https://www.flickr.com/photos/tensafefrogs/3594619549
oi_450732197a206bb8.jpg,Open Images V7,train,foshie,CC BY 2.0,https://www.flickr.com/photos/foshie/3442177873
oi_45076cba52f8a931.jpg,Open Images V7,train,Zengame,CC BY 2.0,https://www.flickr.com/photos/zengame/6059129194
oi_450acdec4580c78c.jpg,Open Images V7,train,Greg Schechter,CC BY 2.0,https://www.flickr.com/photos/gregthebusker/5602405029
oi_4516f6cd1da77aca.jpg,Open Images V7,train,MindsEye_PJ,CC BY 2.0,https://www.flickr.com/photos/mindseye_pj/7879165360
oi_4522f770b147d94f.jpg,Open Images V7,train,Ethan Ableman,CC BY 2.0,https://www.flickr.com/photos/ethansphotosarecool/4923629419
oi_45272c4331296acf.jpg,Open Images V7,val,Clinton &amp; Charles Robertson,CC BY 2.0,https://www.flickr.com/photos/dad_and_clint/5806477889
oi_453901525aa3a728.jpg,Open Images V7,val,Josué Goge,CC BY 2.0,https://www.flickr.com/photos/jgoge123/6134257224
oi_454e5c0c2c9d2daa.jpg,Open Images V7,train,Tatsuo Yamashita,CC BY 2.0,https://www.flickr.com/photos/yto/9172880090
oi_4554ff58312bbd23.jpg,Open Images V7,train,Michael Napoleon,CC BY 2.0,https://www.flickr.com/photos/cusegoyle/2993337918
oi_456336e2c6cf8038.jpg,Open Images V7,val,eGuide Travel,CC BY 2.0,https://www.flickr.com/photos/eguidetravel/8058750939
oi_4574f7c8dff6f321.jpg,Open Images V7,val,surelawn,CC BY 2.0,https://www.flickr.com/photos/13194162@N02/7968794836
oi_45763b82ae4769b0.jpg,Open Images V7,train,Greenland Travel,CC BY 2.0,https://www.flickr.com/photos/greenlandtravel/15174420241
oi_458893141d4e9e28.jpg,Open Images V7,val,Phalinn Ooi,CC BY 2.0,https://www.flickr.com/photos/phalinn/6966883138
oi_458aa66c137704f1.jpg,Open Images V7,train,Elias Levy,CC BY 2.0,https://www.flickr.com/photos/elevy/14466205984
oi_458d37345571cccc.jpg,Open Images V7,val,Mike Baird,CC BY 2.0,https://www.flickr.com/photos/mikebaird/3673586819
oi_458e630058aba26b.jpg,Open Images V7,train,Xplore Dive,CC BY 2.0,https://www.flickr.com/photos/xploredive/5109600195
oi_458ee971a083e916.jpg,Open Images V7,train,Kevin,CC BY 2.0,https://www.flickr.com/photos/marionenkevin/220162396
oi_4594c7cfd0be469f.jpg,Open Images V7,train,Swift Benjamin,CC BY 2.0,https://www.flickr.com/photos/metalcowboy/3207973644
oi_45991f039e493d59.jpg,Open Images V7,train,Colin Brown,CC BY 2.0,https://www.flickr.com/photos/colinbrown/19508933441
oi_459d13ece05f5768.jpg,Open Images V7,train,Damien du Toit,CC BY 2.0,https://www.flickr.com/photos/coda/408470/
oi_459fd8fe59c3d934.jpg,Open Images V7,train,mbtrama,CC BY 2.0,https://www.flickr.com/photos/mbtrama/1353507326
oi_45a08559f05d3708.jpg,Open Images V7,val,Paul Arps,CC BY 2.0,https://www.flickr.com/photos/slapers/5333588960/
oi_45a4d40a1fbc1027.jpg,Open Images V7,test,Serge Melki,CC BY 2.0,https://www.flickr.com/photos/sergemelki/2380325776
oi_45a68019c4164200.jpg,Open Images V7,train,Derek Keats,CC BY 2.0,https://www.flickr.com/photos/dkeats/6231473106
oi_45b1515363b933ce.jpg,Open Images V7,train,Mike Baird,CC BY 2.0,https://www.flickr.com/photos/mikebaird/324179565
oi_45c6297db7286cad.jpg,Open Images V7,val,Dan Perry,CC BY 2.0,https://www.flickr.com/photos/golf_pictures/5148567365
oi_45cbe71ef7cf5536.jpg,Open Images V7,train,Brian Gratwicke,CC BY 2.0,https://www.flickr.com/photos/briangratwicke/5110299323
oi_45cf57b730bd5297.jpg,Open Images V7,train,Ratha Grimes,CC BY 2.0,https://www.flickr.com/photos/ratha/13944475523
oi_45d37ab07a6bad1e.jpg,Open Images V7,train,Sophie,CC BY 2.0,https://www.flickr.com/photos/soga-smile/4857825264
oi_45db9e294b17691f.jpg,Open Images V7,train,Michelle,CC BY 2.0,https://www.flickr.com/photos/waffies/5200418234
oi_45e05688c6c41d45.jpg,Open Images V7,test,Josh Hallett,CC BY 2.0,https://www.flickr.com/photos/hyku/357844297
oi_45e3b31d67e92455.jpg,Open Images V7,train,Farhan Chawla,CC BY 2.0,https://www.flickr.com/photos/farhan/10958230914
oi_45e688732d482916.jpg,Open Images V7,train,Fyn Kynd Photography,CC BY 2.0,https://www.flickr.com/photos/79452129@N02/19302245066
oi_45e70a4e1c129610.jpg,Open Images V7,train,Christopher Michel,CC BY 2.0,https://www.flickr.com/photos/cmichel67/11866023003
oi_45f70e25d00e95cf.jpg,Open Images V7,test,Mike Baird,CC BY 2.0,https://www.flickr.com/photos/mikebaird/9352037829
oi_46082c168c42d7d5.jpg,Open Images V7,test,Makuahine Pa&#x27;i Ki&#x27;i,CC BY 2.0,https://www.flickr.com/photos/hawaii-mcgraths/3639440980
oi_4611354d199f49f7.jpg,Open Images V7,train,Edmund Garman,CC BY 2.0,https://www.flickr.com/photos/3cl/3715392097
oi_461161a82f9dd566.jpg,Open Images V7,val,gwaar,CC BY 2.0,https://www.flickr.com/photos/paulsynnott/2642465534
oi_46166968755fa32d.jpg,Open Images V7,val,sheilapic76,CC BY 2.0,https://www.flickr.com/photos/53344659@N05/4978424105
oi_4623265c6a6ba882.jpg,Open Images V7,train,prilfish,CC BY 2.0,https://www.flickr.com/photos/silkebaron/1387282636
oi_462818d83f0fa109.jpg,Open Images V7,train,Jennifer Aitkens,CC BY 2.0,https://www.flickr.com/photos/molajen/2036808285
oi_4635a17c0dec6d50.jpg,Open Images V7,train,Oregon Attractions,CC BY 2.0,https://www.flickr.com/photos/oregon-attractions/6161400900
oi_46516263bd60c26c.jpg,Open Images V7,train,THX0477,CC BY 2.0,https://www.flickr.com/photos/59195512@N00/61116738
oi_465de80788c2e9f0.jpg,Open Images V7,train,Apostolos,CC BY 2.0,https://www.flickr.com/photos/apostolosp/2634729244/
oi_465f44c08e3dec4e.jpg,Open Images V7,train,Linda Tanner,CC BY 2.0,https://www.flickr.com/photos/goingslo/2966647640
oi_466f3de08a76e3d0.jpg,Open Images V7,test,Flavio Ensiki,CC BY 2.0,https://www.flickr.com/photos/flavouz/16912615707
oi_46786aa4fe9ed16c.jpg,Open Images V7,val,Michio Morimoto,CC BY 2.0,https://www.flickr.com/photos/95387826@N08/8690413207
oi_4678bc44e357ff45.jpg,Open Images V7,test,準建築人手札網站 Forgemind ArchiMedia,CC BY 2.0,https://www.flickr.com/photos/eager/5302362607
oi_467a673e060514b0.jpg,Open Images V7,train,bookfinch,CC BY 2.0,https://www.flickr.com/photos/mamsy/18351351844
oi_467e226cf9f1e95e.jpg,Open Images V7,train,Tim Creque,CC BY 2.0,https://www.flickr.com/photos/timjc513/6230136467
oi_46836ebce2ec0289.jpg,Open Images V7,train,NOAA Photo Library,CC BY 2.0,https://www.flickr.com/photos/noaaphotolib/5020537222
oi_468c07123a8cb11d.jpg,Open Images V7,train,Cindy Funk,CC BY 2.0,https://www.flickr.com/photos/cindyfunk/91201733
oi_46a6afb278a3967e.jpg,Open Images V7,val,Wilfred Hdez,CC BY 2.0,https://www.flickr.com/photos/wilfred_hdez/20305109641
oi_46afb778ebc7d0ab.jpg,Open Images V7,train,Carrie Kellenberger,CC BY 2.0,https://www.flickr.com/photos/globetrotteri/4394316349
oi_46b7b8182e93b3c8.jpg,Open Images V7,test,Duru...,CC BY 2.0,https://www.flickr.com/photos/sevilaydurul/3670440025
oi_46c039a322d44876.jpg,Open Images V7,train,Makuahine Pa&#x27;i Ki&#x27;i,CC BY 2.0,https://www.flickr.com/photos/hawaii-mcgraths/571188305
oi_46c1dd38575d08af.jpg,Open Images V7,train,AngryJulieMonday,CC BY 2.0,https://www.flickr.com/photos/angryjuliemonday/19641448945
oi_46ccabf9db68923f.jpg,Open Images V7,train,J.B. Hill,CC BY 2.0,https://www.flickr.com/photos/jbhill/2542843953
oi_46ccdd498ecf2c7d.jpg,Open Images V7,val,Linda Tanner,CC BY 2.0,https://www.flickr.com/photos/goingslo/5920320532
oi_46df47f4873340d9.jpg,Open Images V7,val,Nicola Sfondrini,CC BY 2.0,https://www.flickr.com/photos/sfondrininicola/4676155491
oi_46f7f041dc8b862a.jpg,Open Images V7,train,mriggen,CC BY 2.0,https://www.flickr.com/photos/riggenransom/5677867168
oi_46f8889c11609e3e.jpg,Open Images V7,val,Andrew,CC BY 2.0,https://www.flickr.com/photos/polandeze/463281864
oi_470dfaf8c277aa59.jpg,Open Images V7,train,Steve Childs,CC BY 2.0,https://www.flickr.com/photos/steve_childs/2645531914
oi_4711ce61744676c2.jpg,Open Images V7,train,Louisiana Sea Grant College Program Louisiana State University,CC BY 2.0,https://www.flickr.com/photos/88158121@N00/16191069776/
oi_4712a36ebb8b6b39.jpg,Open Images V7,train,Michael Bentley,CC BY 2.0,https://www.flickr.com/photos/donhomer/9736304953
oi_472218289d86b962.jpg,Open Images V7,train,bm.iphone,CC BY 2.0,https://www.flickr.com/photos/bmiphone/6274285381
oi_472481cc14609e20.jpg,Open Images V7,train,Derek Keats,CC BY 2.0,https://www.flickr.com/photos/dkeats/6192804938
oi_472c1c31d2453036.jpg,Open Images V7,train,Joe Wu,CC BY 2.0,https://www.flickr.com/photos/ozzywu1974/2412051629/
oi_4749412a5beedb48.jpg,Open Images V7,train,Kathy,CC BY 2.0,https://www.flickr.com/photos/44603071@N00/4686411773
oi_474c5d74e58f1c51.jpg,Open Images V7,train,jeff~,CC BY 2.0,https://www.flickr.com/photos/jphotos/8332348284
oi_47501d770d923ca9.jpg,Open Images V7,train,amanderson2,CC BY 2.0,https://www.flickr.com/photos/amanderson/18379566911
oi_4751b6af8dc785ed.jpg,Open Images V7,val,Anita Ritenour,CC BY 2.0,https://www.flickr.com/photos/puliarfanita/3715206775
oi_475207b587ccdcc4.jpg,Open Images V7,train,stef bemba,CC BY 2.0,https://www.flickr.com/photos/110973116@N08/14194295557
oi_475709320a610f7b.jpg,Open Images V7,train,Mike Baird,CC BY 2.0,https://www.flickr.com/photos/mikebaird/14578669156
oi_4762a1dad8ab8562.jpg,Open Images V7,train,NOAA Photo Library,CC BY 2.0,https://www.flickr.com/photos/noaaphotolib/5187316973
oi_476fbb24f8d281fe.jpg,Open Images V7,val,Zemlinki!,CC BY 2.0,https://www.flickr.com/photos/zemlinki/416829457
oi_477c4947312ac61a.jpg,Open Images V7,train,Rojer,CC BY 2.0,https://www.flickr.com/photos/rojer/4891910800
oi_478073f4f9f5a695.jpg,Open Images V7,train,Jon Connell,CC BY 2.0,https://www.flickr.com/photos/ciamabue/3472985232
oi_4785ef2ca0c246a2.jpg,Open Images V7,val,Evan Bench,CC BY 2.0,https://www.flickr.com/photos/austinevan/3241618381
oi_478e73a5d7325a37.jpg,Open Images V7,train,Christopher Michel,CC BY 2.0,https://www.flickr.com/photos/cmichel67/12389599673
oi_479c503611b966dc.jpg,Open Images V7,val,Christopher Michel,CC BY 2.0,https://www.flickr.com/photos/cmichel67/19403597368
oi_479f311b86e36069.jpg,Open Images V7,train,John Fischer,CC BY 2.0,https://www.flickr.com/photos/stickergiant/14549164278
oi_47aa9ec2c0042ff6.jpg,Open Images V7,train,Federació d&#x27;Escacs Valls d&#x27;Andorra,CC BY 2.0,https://www.flickr.com/photos/feva/14721632197
oi_47afcf52d55d7a14.jpg,Open Images V7,val,José Antonio Gil Martínez,CC BY 2.0,https://www.flickr.com/photos/freecat/67077546
oi_47cc7cdda96d145f.jpg,Open Images V7,train,TimothyJ,CC BY 2.0,https://www.flickr.com/photos/tjc/17333067211
oi_47dc1855e0151aa5.jpg,Open Images V7,train,Ruth Hartnup,CC BY 2.0,https://www.flickr.com/photos/ruthanddave/1071872679
oi_47e045ab2372b4ac.jpg,Open Images V7,train,Boris Kasimov,CC BY 2.0,https://www.flickr.com/photos/kasio69/9566057726
oi_47e9fc2fcd796211.jpg,Open Images V7,train,Jon Connell,CC BY 2.0,https://www.flickr.com/photos/ciamabue/225419254
oi_4800bf2442c679e4.jpg,Open Images V7,train,Rob and Stephanie Levy,CC BY 2.0,https://www.flickr.com/photos/robandstephanielevy/253663471
oi_4801cc644fe8ab06.jpg,Open Images V7,test,Makuahine Pa&#x27;i Ki&#x27;i,CC BY 2.0,https://www.flickr.com/photos/hawaii-mcgraths/4454508609
oi_480437f25b25ba0e.jpg,Open Images V7,train,Toukou Sousui 淙穂鶫箜,CC BY 2.0,https://www.flickr.com/photos/sousui/18975247104
oi_4813284f1864865b.jpg,Open Images V7,train,Paul Krawczuk,CC BY 2.0,https://www.flickr.com/photos/krawczuk/9325822302
oi_481367857e09db72.jpg,Open Images V7,train,NOAA Photo Library,CC BY 2.0,https://www.flickr.com/photos/noaaphotolib/5019914549
oi_481cba019db3e718.jpg,Open Images V7,test,Jared Wong,CC BY 2.0,https://www.flickr.com/photos/jaredlwong/5639337229
oi_4821bb721518f9ec.jpg,Open Images V7,train,Phoenix Wolf-Ray,CC BY 2.0,https://www.flickr.com/photos/phoenixwolfray/8472491726
oi_4823ffa1f50b38de.jpg,Open Images V7,train,USFWSmidwest,CC BY 2.0,https://www.flickr.com/photos/usfwsmidwest/5612726247
oi_4833b04f722c402b.jpg,Open Images V7,train,J E Theriot,CC BY 2.0,https://www.flickr.com/photos/jetheriot/3146713877
oi_48350bbc1e525438.jpg,Open Images V7,test,carolineCCB,CC BY 2.0,https://www.flickr.com/photos/carolineccb/5316151033/
oi_48385e8400368b8e.jpg,Open Images V7,val,Ralph Daily,CC BY 2.0,https://www.flickr.com/photos/ralphandjenny/194233271
oi_48440fe64167b116.jpg,Open Images V7,train,Daniella Vereeken,CC BY 2.0,https://www.flickr.com/photos/betta-online/1545157868
oi_485918b0d2dc114f.jpg,Open Images V7,val,準建築人手札網站 Forgemind ArchiMedia,CC BY 2.0,https://www.flickr.com/photos/eager/5427038739
oi_486580c35d17cf8f.jpg,Open Images V7,train,Shehal Joseph,CC BY 2.0,https://www.flickr.com/photos/shehal/2450278198
oi_487ff064575a82a9.jpg,Open Images V7,train,adam_stoffa,CC BY 2.0,https://www.flickr.com/photos/94546923@N00/6087019269
oi_489e206add49b3cb.jpg,Open Images V7,train,bm.iphone,CC BY 2.0,https://www.flickr.com/photos/bmiphone/6063945525
oi_48a97c9ee498be04.jpg,Open Images V7,train,Spencer Wright,CC BY 2.0,https://www.flickr.com/photos/spencer77/4967548725
oi_48aaf520a8437d70.jpg,Open Images V7,train,Jean Marconi,CC BY 2.0,https://www.flickr.com/photos/jmarconi/2183499147
oi_48ab264e49ce34f7.jpg,Open Images V7,train,danilo mistroni,CC BY 2.0,https://www.flickr.com/photos/danilo-mistroni/3479791469
oi_48bd3f46e4a7eba4.jpg,Open Images V7,val,devra,CC BY 2.0,https://www.flickr.com/photos/minicooper93402/9736999255
oi_48d0275d99e3ab77.jpg,Open Images V7,train,SimonShaw,CC BY 2.0,https://www.flickr.com/photos/simonshawca/2851276494
oi_48d1530a3aa71e62.jpg,Open Images V7,val,Mike Baird,CC BY 2.0,https://www.flickr.com/photos/mikebaird/406431985
oi_48d4fa397e2b94c0.jpg,Open Images V7,train,Jeremy T. Hetzel,CC BY 2.0,https://www.flickr.com/photos/jthetzel/2163784571
oi_48da7738a445fb37.jpg,Open Images V7,train,Don DeBold,CC BY 2.0,https://www.flickr.com/photos/ddebold/12164584163
oi_48dcb6b25197e0d8.jpg,Open Images V7,train,Michela Simoncini,CC BY 2.0,https://www.flickr.com/photos/comunicati/8176496944
oi_48e1de650b36ed40.jpg,Open Images V7,train,FromSandToGlass,CC BY 2.0,https://www.flickr.com/photos/ericabreetoe/5743923132/
oi_48f6007868ed01d6.jpg,Open Images V7,train,Nicole Yeary,CC BY 2.0,https://www.flickr.com/photos/chicagozen/5649469329
oi_490463a000deed2d.jpg,Open Images V7,train,Robert,CC BY 2.0,https://www.flickr.com/photos/jemimus/201959701
oi_49173bbedefa8f23.jpg,Open Images V7,train,Lee Chalmers,CC BY 2.0,https://www.flickr.com/photos/sparklygirl/9135298652
oi_491881dc2091d816.jpg,Open Images V7,val,John Tracy,CC BY 2.0,https://www.flickr.com/photos/jmichaeltracy/3942208724
oi_49285dec42e236f1.jpg,Open Images V7,train,Jorge Gobbi,CC BY 2.0,https://www.flickr.com/photos/morrissey/6114796910
oi_492c95896ec1ac3b.jpg,Open Images V7,train,Xplore Dive,CC BY 2.0,https://www.flickr.com/photos/xploredive/5110204096
oi_492f52b57bcdf751.jpg,Open Images V7,train,Rex Wei,CC BY 2.0,https://www.flickr.com/photos/134880067@N06/19757845782
oi_4932c8235ab2c86d.jpg,Open Images V7,val,Barry Peters,CC BY 2.0,https://www.flickr.com/photos/barrypeters/4579414266
oi_493722142d43cad8.jpg,Open Images V7,train,mari,CC BY 2.0,https://www.flickr.com/photos/birdies-perch/6487947615
oi_494fb861270a994c.jpg,Open Images V7,train,Yuval Haimovits,CC BY 2.0,https://www.flickr.com/photos/yuvalh/1386175934
oi_4950f5eacb7f2522.jpg,Open Images V7,val,Stephanie Clifford,CC BY 2.0,https://www.flickr.com/photos/30486689@N08/4405927704
oi_4974629c39e179c5.jpg,Open Images V7,train,David Merrett,CC BY 2.0,https://www.flickr.com/photos/davehamster/16141836097
oi_4978e0f94f295148.jpg,Open Images V7,val,Ian Ransley,CC BY 2.0,https://www.flickr.com/photos/design-dog/9733949118
oi_498bb13c971dfd03.jpg,Open Images V7,val,A.Davey,CC BY 2.0,https://www.flickr.com/photos/adavey/4994457414
oi_499091cedafcda03.jpg,Open Images V7,train,Brian Gratwicke,CC BY 2.0,https://www.flickr.com/photos/briangratwicke/7081536059
oi_4994ef7e1c6cbe58.jpg,Open Images V7,train,Michiel Van Balen,CC BY 2.0,https://www.flickr.com/photos/michielvanbalen/2937754361
oi_49981719c8de4e1d.jpg,Open Images V7,train,A.Davey,CC BY 2.0,https://www.flickr.com/photos/adavey/1383589887
oi_49a0e3e402838c24.jpg,Open Images V7,train,Martin Cooper,CC BY 2.0,https://www.flickr.com/photos/m-a-r-t-i-n/10679514763
oi_49b3fbc51c5e9f60.jpg,Open Images V7,train,Graham Richardson,CC BY 2.0,https://www.flickr.com/photos/didbygraham/3105248631
oi_49ca3e94c55fbb58.jpg,Open Images V7,train,Duminda Jayasena,CC BY 2.0,https://www.flickr.com/photos/dumindaxsb/2850349366
oi_49d8eb01b257b792.jpg,Open Images V7,train,Brian Gratwicke,CC BY 2.0,https://www.flickr.com/photos/briangratwicke/6935457432
oi_49dbae98513f3efd.jpg,Open Images V7,train,Amit Patel,CC BY 2.0,https://www.flickr.com/photos/amitp/14872969285
oi_49e17c25b8ee7d1e.jpg,Open Images V7,train,shankar s.,CC BY 2.0,https://www.flickr.com/photos/shankaronline/7987426244
oi_49e614e295d4a7e5.jpg,Open Images V7,train,NOAA Photo Library,CC BY 2.0,https://www.flickr.com/photos/noaaphotolib/5020502306/in/album-72157625320966201/
oi_49f1a5cb8ad78b48.jpg,Open Images V7,train,Paul Asman and Jill Lenoble,CC BY 2.0,https://www.flickr.com/photos/pauljill/15915676381
oi_49f301af31d31a10.jpg,Open Images V7,train,Louise McLaren,CC BY 2.0,https://www.flickr.com/photos/louisephotography/4464832079/
oi_4a02e5732ad5b341.jpg,Open Images V7,train,Yuko Hara,CC BY 2.0,https://www.flickr.com/photos/yuko_ppp/2621319998
oi_4a081eecddec2581.jpg,Open Images V7,train,Karen Roe,CC BY 2.0,https://www.flickr.com/photos/karen_roe/6910339772
oi_4a0f0425876e23b1.jpg,Open Images V7,train,Sudarshana,CC BY 2.0,https://www.flickr.com/photos/sudhi_11in/6834209419
oi_4a1f4340f616aee1.jpg,Open Images V7,train,Guilhem Vellut,CC BY 2.0,https://www.flickr.com/photos/o_0/13621667773
oi_4a2ee27b4b948b6a.jpg,Open Images V7,train,xiquinhosilva,CC BY 2.0,https://www.flickr.com/photos/xiquinho/5142484536
oi_4a2f0877d5de67e9.jpg,Open Images V7,val,Michael Matuzak,CC BY 2.0,https://www.flickr.com/photos/matuzak/13498636435
oi_4a3302b4d57a83af.jpg,Open Images V7,train,Chris Oakley,CC BY 2.0,https://www.flickr.com/photos/chrisoakley/6043688461
oi_4a3995be85e7335d.jpg,Open Images V7,train,Lakshmi Sawitri,CC BY 2.0,https://www.flickr.com/photos/elsaw/16049328012
oi_4a49d559c76cb76c.jpg,Open Images V7,train,Anna  Barnett,CC BY 2.0,https://www.flickr.com/photos/anna-barnett/4415811763
oi_4a4bce546e98f865.jpg,Open Images V7,train,Mike Baird,CC BY 2.0,https://www.flickr.com/photos/mikebaird/6786607271
oi_4a504dca482113ea.jpg,Open Images V7,test,Jenny Brown,CC BY 2.0,https://www.flickr.com/photos/jennyellenbrown/490332859
oi_4a50c3a756622751.jpg,Open Images V7,train,Themeplus,CC BY 2.0,https://www.flickr.com/photos/85217387@N04/7805036588
oi_4a5acac1f0c00b44.jpg,Open Images V7,train,NOAA&#x27;s National Ocean Service,CC BY 2.0,https://www.flickr.com/photos/usoceangov/8291585390
oi_4a5f9d417723d826.jpg,Open Images V7,train,Mike Johnston,CC BY 2.0,https://www.flickr.com/photos/mikejsolutions/216521458
oi_4a5fbfe6a1dafc40.jpg,Open Images V7,train,Douglas Neiner,CC BY 2.0,https://www.flickr.com/photos/dougneiner/5650544128
oi_4a7965e1a9b41487.jpg,Open Images V7,train,Fiske 2012,CC BY 2.0,https://www.flickr.com/photos/sportfiskeakademin2012/8568373822
oi_4a8dc25c69af2a74.jpg,Open Images V7,test,prilfish,CC BY 2.0,https://www.flickr.com/photos/silkebaron/3779674135
oi_4a96b47e730fc570.jpg,Open Images V7,val,Polar Cruises,CC BY 2.0,https://www.flickr.com/photos/polarphotos/4683981488
oi_4a9f3c2fc01cb03f.jpg,Open Images V7,train,Jerry Kirkhart,CC BY 2.0,https://www.flickr.com/photos/jkirkhart35/5380486546
oi_4aa6903a2e0551bc.jpg,Open Images V7,train,Larry Johnson,CC BY 2.0,https://www.flickr.com/photos/drljohnson/3139098685
oi_4aa99c7134ed6564.jpg,Open Images V7,val,Paul Clark,CC BY 2.0,https://www.flickr.com/photos/systemslibrarian/3438171486
oi_4aaa09fa7b23541a.jpg,Open Images V7,train,Dimitris Siskopoulos,CC BY 2.0,https://www.flickr.com/photos/dimsis/7621501040
oi_4aab92ed58a9bce6.jpg,Open Images V7,val,Frontierofficial,CC BY 2.0,https://www.flickr.com/photos/frontierofficial/10082664733
oi_4aabd1512edec2f0.jpg,Open Images V7,train,Manuel Martín,CC BY 2.0,https://www.flickr.com/photos/draxus/6145537176
oi_4abf6726cfe0a3d7.jpg,Open Images V7,val,NOAA Photo Library,CC BY 2.0,https://www.flickr.com/photos/noaaphotolib/5278174532
oi_4ac5021282722598.jpg,Open Images V7,train,David Berkowitz,CC BY 2.0,https://www.flickr.com/photos/davidberkowitz/4869524813
oi_4ac5ba05fb1ccba4.jpg,Open Images V7,train,Khor Harn Sheng,CC BY 2.0,https://www.flickr.com/photos/harnsheng/9130845553
oi_4ac8b6d9fc6a85c7.jpg,Open Images V7,train,Charles Barilleaux,CC BY 2.0,https://www.flickr.com/photos/bontempscharly/16067856558
oi_4acb65946b80109e.jpg,Open Images V7,train,Edward Slipszenko,CC BY 2.0,https://www.flickr.com/photos/slipszenko/2120667198
oi_4aecf9f47aa81713.jpg,Open Images V7,train,LASZLO ILYES,CC BY 2.0,https://www.flickr.com/photos/laszlo-photo/278026057
oi_4af481e0715806aa.jpg,Open Images V7,val,Fred von Lohmann,CC BY 2.0,https://www.flickr.com/photos/vonlohmann/168998907
oi_4b12e3d917787a2a.jpg,Open Images V7,train,Amila Tennakoon,CC BY 2.0,https://www.flickr.com/photos/lakpura/15513411510
oi_4b35defd7b1cde95.jpg,Open Images V7,val,~Bani~,CC BY 2.0,https://www.flickr.com/photos/bani/16506100309
oi_4b3b58ec2f89a41c.jpg,Open Images V7,train,Alessandro,CC BY 2.0,https://www.flickr.com/photos/obliot/1300447243
oi_4b3bc7705cb7fe24.jpg,Open Images V7,train,Christopher Michel,CC BY 2.0,https://www.flickr.com/photos/cmichel67/19411969848
oi_4b3f0596abb20fed.jpg,Open Images V7,train,Vipin Baliga,CC BY 2.0,https://www.flickr.com/photos/vipinbaliga/14105728350
oi_4b4059ecaa587005.jpg,Open Images V7,train,Felipe Venâncio,CC BY 2.0,https://www.flickr.com/photos/aeon/295889652
oi_4b54781c6d4fc044.jpg,Open Images V7,test,ashley,CC BY 2.0,https://www.flickr.com/photos/ashleylovespizza/2703245787
oi_4b65c61ae9707511.jpg,Open Images V7,train,Marion O&#x27;Sullivan,CC BY 2.0,https://www.flickr.com/photos/mollyig/2627741400
oi_4b679542422d30e6.jpg,Open Images V7,val,Marcin Polak,CC BY 2.0,https://www.flickr.com/photos/futuredu/14313971034
oi_4b69c92031f92348.jpg,Open Images V7,train,Dalma Szalontay (or Szallonntai),CC BY 2.0,https://www.flickr.com/photos/133852531@N07/18349389373
oi_4b6ef704e7fc8559.jpg,Open Images V7,val,Curtis Palmer,CC BY 2.0,https://www.flickr.com/photos/techbirmingham/190942764
oi_4b7225c6090c12bb.jpg,Open Images V7,train,John Clift,CC BY 2.0,https://www.flickr.com/photos/johnnydante/7849334190
oi_4b8555c17560a737.jpg,Open Images V7,val,Martin Jambon,CC BY 2.0,https://www.flickr.com/photos/mjambon/8919741824/
oi_4b8a8711919b1b23.jpg,Open Images V7,val,LEONARDO DASILVA,CC BY 2.0,https://www.flickr.com/photos/leonardodasilva/536577286
oi_4b94f7231dd6f5d0.jpg,Open Images V7,val,atramos,CC BY 2.0,https://www.flickr.com/photos/atramos/6167601575
oi_4bb21d4d367faa28.jpg,Open Images V7,train,brian.ch,CC BY 2.0,https://www.flickr.com/photos/zomgitsbrian/4893439772
oi_4bc8f04f0fe3e2fc.jpg,Open Images V7,train,Christopher Michel,CC BY 2.0,https://www.flickr.com/photos/cmichel67/8370645646
oi_4bd63748df3a3694.jpg,Open Images V7,train,iannnnn,CC BY 2.0,https://www.flickr.com/photos/iannnnn/9471147719
oi_4bddd6c4a8a2502b.jpg,Open Images V7,test,A.Davey,CC BY 2.0,https://www.flickr.com/photos/adavey/1431152798
oi_4be07f48c2b4b8f4.jpg,Open Images V7,train,Ross Garner,CC BY 2.0,https://www.flickr.com/photos/42032978@N08/8711887839
oi_4be0a3f39f9f85fb.jpg,Open Images V7,train,Shelly Prevost,CC BY 2.0,https://www.flickr.com/photos/photogism/19684088770
oi_4be30389b05a827e.jpg,Open Images V7,train,Cesar Vellido,CC BY 2.0,https://www.flickr.com/photos/vellido/15861283265
oi_4beaab755ef4ac36.jpg,Open Images V7,train,Daku Resort Savusavu Fiji,CC BY 2.0,https://www.flickr.com/photos/dakuresort/4582420127
oi_4bec47f339615eff.jpg,Open Images V7,test,cdorobek,CC BY 2.0,https://www.flickr.com/photos/cdorobek/7873561318
oi_4bfdbbfdb5b14e7d.jpg,Open Images V7,train,Javier Ignacio Acuña Ditzel,CC BY 2.0,https://www.flickr.com/photos/santoposmoderno/8530164442
oi_4c067775b791278c.jpg,Open Images V7,train,janebelindasmith,CC BY 2.0,https://www.flickr.com/photos/near_fantastica/3062355612
oi_4c088cf28d6aac58.jpg,Open Images V7,train,Larry Wilder,CC BY 2.0,https://www.flickr.com/photos/lcwilder/5596331621
oi_4c0a32a048c59f53.jpg,Open Images V7,val,Christopher Michel,CC BY 2.0,https://www.flickr.com/photos/cmichel67/16422699515
oi_4c142446ba02eed1.jpg,Open Images V7,train,Joi Ito,CC BY 2.0,https://www.flickr.com/photos/joi/5594869804
oi_4c39ec223c37e48c.jpg,Open Images V7,val,Thomas Kriese,CC BY 2.0,https://www.flickr.com/photos/thomaspix/15115897011
oi_4c3e56a6d40b4e6b.jpg,Open Images V7,train,Karyn Christner,CC BY 2.0,https://www.flickr.com/photos/toofarnorth/4701997272
oi_4c4f120c8e0f9260.jpg,Open Images V7,val,C. Kelly Roberts,CC BY 2.0,https://www.flickr.com/photos/ckroberts61/16504082908
oi_4c53b8d30d482b08.jpg,Open Images V7,train,Jennifer C.,CC BY 2.0,https://www.flickr.com/photos/29638108@N06/4158911221
oi_4c733ff849935f35.jpg,Open Images V7,train,Karen,CC BY 2.0,https://www.flickr.com/photos/56832361@N00/11792712213
oi_4c97fbcfd255ff67.jpg,Open Images V7,train,lynch,CC BY 2.0,https://www.flickr.com/photos/imlynch/510389227
oi_4c9b86d4ad0a999b.jpg,Open Images V7,train,dronepicr,CC BY 2.0,https://www.flickr.com/photos/132646954@N02/20910998842
oi_4ca35431e683c633.jpg,Open Images V7,train,Randolph Croft,CC BY 2.0,https://www.flickr.com/photos/rc_fotos/4920621604
oi_4caa3f1eeafb1377.jpg,Open Images V7,train,Ron Cogswell,CC BY 2.0,https://www.flickr.com/photos/22711505@N05/15767604945
oi_4cab0479475520a4.jpg,Open Images V7,train,NOAA Photo Library,CC BY 2.0,https://www.flickr.com/photos/noaaphotolib/5411603848/
oi_4cabdd7adaf92923.jpg,Open Images V7,val,Rojer,CC BY 2.0,https://www.flickr.com/photos/rojer/4891893922
oi_4cb3d7a17565eefb.jpg,Open Images V7,train,Tregde Ferie,CC BY 2.0,https://www.flickr.com/photos/tregde/8630049929
oi_4cb3de61dee5b15d.jpg,Open Images V7,train,Brian Gratwicke,CC BY 2.0,https://www.flickr.com/photos/briangratwicke/10338135004
oi_4cbc771c95feafb8.jpg,Open Images V7,test,alainlm,CC BY 2.0,https://www.flickr.com/photos/alainlm/3548067481
oi_4cc33a982e67cccc.jpg,Open Images V7,train,Rob Growler,CC BY 2.0,https://www.flickr.com/photos/robgrowler/6034255897
oi_4cc4020cb348cbb5.jpg,Open Images V7,train,Lenore Edman,CC BY 2.0,https://www.flickr.com/photos/lenore-m/3270634739
oi_4ccac8ec59167da8.jpg,Open Images V7,train,Fraser Cairns,CC BY 2.0,https://www.flickr.com/photos/catsncarp/2248691944
oi_4cdab33072d48023.jpg,Open Images V7,train,William Warby,CC BY 2.0,https://www.flickr.com/photos/wwarby/4859127169
oi_4ce31d38bcf1b812.jpg,Open Images V7,train,lin padgham,CC BY 2.0,https://www.flickr.com/photos/linpadgham/2589167851
oi_4cf07c41ed32c369.jpg,Open Images V7,train,Leigh Caldwell,CC BY 2.0,https://www.flickr.com/photos/themeparkmom/4166627132
oi_4d112f2751bc2abd.jpg,Open Images V7,train,rjp,CC BY 2.0,https://www.flickr.com/photos/zimpenfish/2680197397
oi_4d12d1853cf4dbf6.jpg,Open Images V7,train,Elias Levy,CC BY 2.0,https://www.flickr.com/photos/elevy/6997573065
oi_4d144fcd9022329e.jpg,Open Images V7,train,Daniella Vereeken,CC BY 2.0,https://www.flickr.com/photos/betta-online/1560998149
oi_4d24ae13fbfbd04e.jpg,Open Images V7,train,mario,CC BY 2.0,https://www.flickr.com/photos/64738468@N00/7410795816
oi_4d2af0201e2791e4.jpg,Open Images V7,train,prilfish,CC BY 2.0,https://www.flickr.com/photos/silkebaron/3925990934
oi_4d3071e9cbe73209.jpg,Open Images V7,train,Carwyn Lloyd Jones - Dylunio Creadigol,CC BY 2.0,https://www.flickr.com/photos/21607251@N05/8104998740
oi_4d324b14fb96a506.jpg,Open Images V7,train,Kamillo Kluth,CC BY 2.0,https://www.flickr.com/photos/27330306@N08/3758659984
oi_4d35415b1bc64bfa.jpg,Open Images V7,test,Mads Bødker,CC BY 2.0,https://www.flickr.com/photos/boedker/3105504300
oi_4d372157423dc9a5.jpg,Open Images V7,train,Derek Keats,CC BY 2.0,https://www.flickr.com/photos/dkeats/6180746590
oi_4d3e6ddaf9a7b892.jpg,Open Images V7,train,Chris,CC BY 2.0,https://www.flickr.com/photos/c-greb/3700035680
oi_4d479105f23ac5d5.jpg,Open Images V7,train,Phillip Capper,CC BY 2.0,https://www.flickr.com/photos/flissphil/232413845
oi_4d47cc4fd2314111.jpg,Open Images V7,train,Biodiversity Heritage Library,CC BY 2.0,https://www.flickr.com/photos/biodivlibrary/7972089190
oi_4d488aaa8bfae180.jpg,Open Images V7,train,V Smoothe,CC BY 2.0,https://www.flickr.com/photos/vsmoothe/174901773
oi_4d4ae7d6d1f9d642.jpg,Open Images V7,train,gordon.milligan,CC BY 2.0,https://www.flickr.com/photos/el-milligano/15497608230
oi_4d4e8a90eeff00a6.jpg,Open Images V7,train,Lynn Chan,CC BY 2.0,https://www.flickr.com/photos/lynnylchan/15643876878
oi_4d4f88d4bcd7abed.jpg,Open Images V7,test,Gerry Thomasen,CC BY 2.0,https://www.flickr.com/photos/gerrythomasen/228969545
oi_4d61b7c16e0edd04.jpg,Open Images V7,train,Gerry Thomasen,CC BY 2.0,https://www.flickr.com/photos/gerrythomasen/9180194381
oi_4d716357a2f9e745.jpg,Open Images V7,test,NH53,CC BY 2.0,https://www.flickr.com/photos/nh53/5064027007
oi_4d816fc8c601b42f.jpg,Open Images V7,train,Steven Straiton,CC BY 2.0,https://www.flickr.com/photos/st33vo/20513703862
oi_4d8f15430759b747.jpg,Open Images V7,test,James St. John,CC BY 2.0,https://www.flickr.com/photos/jsjgeology/16144990625
oi_4da1394fe6e130b5.jpg,Open Images V7,train,Dalma Szalontay (or Szallonntai),CC BY 2.0,https://www.flickr.com/photos/dalmaszalontay_or_szallonntai/18783827139
oi_4da647a670f8c35c.jpg,Open Images V7,val,Jerry Kirkhart,CC BY 2.0,https://www.flickr.com/photos/jkirkhart35/8105184520
oi_4da98cdf206a7261.jpg,Open Images V7,train,Lakshmi Sawitri,CC BY 2.0,https://www.flickr.com/photos/elsaw/16609740735
oi_4db0f28c798cb0a9.jpg,Open Images V7,val,Kathy,CC BY 2.0,https://www.flickr.com/photos/44603071@N00/10106323374
oi_4db5103be6f597c9.jpg,Open Images V7,train,David Wan,CC BY 2.0,https://www.flickr.com/photos/dwanmac/8611966057/
oi_4dbb83b288369090.jpg,Open Images V7,train,Steve Childs,CC BY 2.0,https://www.flickr.com/photos/steve_childs/359265931
oi_4dc3bc8486c8d46f.jpg,Open Images V7,val,david__jones,CC BY 2.0,https://www.flickr.com/photos/cloudsoup/217725963
oi_4ddd420508ce076b.jpg,Open Images V7,train,Chris Pearson,CC BY 2.0,https://www.flickr.com/photos/chrispearson72/2376592819
oi_4de3b08b55663f02.jpg,Open Images V7,train,Jenny Mealing,CC BY 2.0,https://www.flickr.com/photos/jennifrog/6184471905
oi_4de574b0120df6a8.jpg,Open Images V7,train,Artotem,CC BY 2.0,https://www.flickr.com/photos/artotemsco/3731289996
oi_4df304f38fa4d1ff.jpg,Open Images V7,val,Will Scullin,CC BY 2.0,https://www.flickr.com/photos/wscullin/2174050685
oi_4df8f6460a59deca.jpg,Open Images V7,train,foto11gen,CC BY 2.0,https://www.flickr.com/photos/foto11gen/8906735542
oi_4dfa9bfc28eb42b2.jpg,Open Images V7,val,Michael Button,CC BY 2.0,https://www.flickr.com/photos/michaeljohnbutton/6612315773
oi_4dfdbedae8e0b411.jpg,Open Images V7,val,Greenland Travel,CC BY 2.0,https://www.flickr.com/photos/greenlandtravel/15154406206
oi_4e2134c3f341b927.jpg,Open Images V7,train,Derek Keats,CC BY 2.0,https://www.flickr.com/photos/dkeats/6443174167
oi_4e30cfe58a8eb208.jpg,Open Images V7,train,Neil H,CC BY 2.0,https://www.flickr.com/photos/neilghamilton/8174980971
oi_4e3a2c0cec98961a.jpg,Open Images V7,test,Rosana Prada,CC BY 2.0,https://www.flickr.com/photos/zanastardust/507881548
oi_4e445fd990416d07.jpg,Open Images V7,val,kimubert,CC BY 2.0,https://www.flickr.com/photos/treevillage/19200765595
oi_4e45334be3dffde2.jpg,Open Images V7,test,Tim Sheerman-Chase,CC BY 2.0,https://www.flickr.com/photos/tim_uk/1341538696
oi_4e4abb5b9f476e11.jpg,Open Images V7,train,Brian Ralphs,CC BY 2.0,https://www.flickr.com/photos/birdbrian/16795590821
oi_4e4ee9ab71c4d604.jpg,Open Images V7,test,FuFu Wolf,CC BY 2.0,https://www.flickr.com/photos/fufuwolf/6703679917
oi_4e500109d52dc77d.jpg,Open Images V7,train,j2laurent,CC BY 2.0,https://www.flickr.com/photos/28919129@N00/76782999
oi_4e50b537d22a7e63.jpg,Open Images V7,train,todd.vision,CC BY 2.0,https://www.flickr.com/photos/16894927@N08/5462596609
oi_4e564cf2d79df170.jpg,Open Images V7,val,Brian Gratwicke,CC BY 2.0,https://www.flickr.com/photos/briangratwicke/8501994856
oi_4e6f1f45053e0014.jpg,Open Images V7,train,julia Chapple,CC BY 2.0,https://www.flickr.com/photos/julzart/15122133316
oi_4e7000b9c5f8021e.jpg,Open Images V7,train,"Lehigh Valley, PA",CC BY 2.0,https://www.flickr.com/photos/lehighvalleypa/11982716546/
oi_4e74ecc850ab7021.jpg,Open Images V7,val,Wendy Piersall,CC BY 2.0,https://www.flickr.com/photos/wendypiersall/3267392034
oi_4e768f2c6ce096c8.jpg,Open Images V7,train,James St. John,CC BY 2.0,https://www.flickr.com/photos/jsjgeology/15966101458
oi_4e831a7dac8d22a4.jpg,Open Images V7,train,Charles D P Miller,CC BY 2.0,https://www.flickr.com/photos/cdpm/3651854074
oi_4e9226c23231a1ff.jpg,Open Images V7,val,Bit Boy,CC BY 2.0,https://www.flickr.com/photos/bitboy/19795006138
oi_4e96dbe8c3b42991.jpg,Open Images V7,train,Rob Bixby,CC BY 2.0,https://www.flickr.com/photos/scubabix/5651446588/
oi_4e9eb65eefbc1f37.jpg,Open Images V7,train,Chris Pearson,CC BY 2.0,https://www.flickr.com/photos/chrispearson72/2377358623
oi_4ea10bd0d17f9bb7.jpg,Open Images V7,train,Colin Bowern,CC BY 2.0,https://www.flickr.com/photos/colinbowern/4672756687
oi_4eae2165098806b7.jpg,Open Images V7,train,phileole,CC BY 2.0,https://www.flickr.com/photos/phileole/7794339876
oi_4eb2457668192280.jpg,Open Images V7,test,Gabriele Battaglia,CC BY 2.0,https://www.flickr.com/photos/40713859@N00/249715086/
oi_4edcac213e49301a.jpg,Open Images V7,train,Monado,CC BY 2.0,https://www.flickr.com/photos/monado/2746742459
oi_4ee90e6579abe67b.jpg,Open Images V7,train,Wilfred Hdez,CC BY 2.0,https://www.flickr.com/photos/wilfred_hdez/15004635260
oi_4ee9d081f8b8e699.jpg,Open Images V7,train,bayasaa,CC BY 2.0,https://www.flickr.com/photos/bayasaa/515870481
oi_4eebacd4db167835.jpg,Open Images V7,test,Ian Myles,CC BY 2.0,https://www.flickr.com/photos/imphotography/3754145043
oi_4eec59ab910449e6.jpg,Open Images V7,train,Brian Gratwicke,CC BY 2.0,https://www.flickr.com/photos/briangratwicke/6954209958
oi_4f014488fe6883fa.jpg,Open Images V7,train,Wildcat Dunny,CC BY 2.0,https://www.flickr.com/photos/wildcat_dunny/3265729000
oi_4f0ab23c1f0c39ae.jpg,Open Images V7,train,Allie_Caulfield,CC BY 2.0,https://flickr.com/28577026@N02/3915432713
oi_4f14b0da745af15c.jpg,Open Images V7,val,Betsy Weber,CC BY 2.0,https://www.flickr.com/photos/betsyweber/56778939
oi_4f48bacdb0e37cf8.jpg,Open Images V7,train,MIKI Yoshihito,CC BY 2.0,https://www.flickr.com/photos/mujitra/5541212257
oi_4f4e17553708bfa6.jpg,Open Images V7,train,Caroline Gagné,CC BY 2.0,https://www.flickr.com/photos/carolinegagne/4255741488
oi_4f4fbd8e222f179a.jpg,Open Images V7,train,gwaar,CC BY 2.0,https://www.flickr.com/photos/paulsynnott/2642461842
oi_4f51f2dac7f2831b.jpg,Open Images V7,val,NOAA Photo Library,CC BY 2.0,https://www.flickr.com/photos/noaaphotolib/5188098666
oi_4f70ddb2a211f8d8.jpg,Open Images V7,train,Stewart Butterfield,CC BY 2.0,https://www.flickr.com/photos/stewart/2600825736
oi_4f7c012ebc3f6198.jpg,Open Images V7,train,Clinton &amp; Charles Robertson,CC BY 2.0,https://www.flickr.com/photos/dad_and_clint/6773805893
oi_4f7c37d0e5f62ff7.jpg,Open Images V7,train,Jupiter Firelyte,CC BY 2.0,https://www.flickr.com/photos/jupiterfirelyte/6781184834
oi_4f83934ad96308eb.jpg,Open Images V7,train,Daniella Vereeken,CC BY 2.0,https://www.flickr.com/photos/betta-online/1544225295
oi_4f89fed81f2cd511.jpg,Open Images V7,train,Alexandria Tourism,CC BY 2.0,https://www.flickr.com/photos/134133754@N04/18795363518
oi_4fa84cebc2fae214.jpg,Open Images V7,train,Tyler Bell,CC BY 2.0,https://www.flickr.com/photos/tylerbell/9542284652
oi_4fb8923d9871a038.jpg,Open Images V7,val,CATXALOT,CC BY 2.0,https://www.flickr.com/photos/vattenbloggen/8329221979
oi_4fbf6f36f75bcbb7.jpg,Open Images V7,train,Christopher Michel,CC BY 2.0,https://www.flickr.com/photos/cmichel67/39985176
oi_4fc3d5fc552dd5ca.jpg,Open Images V7,train,Roberto Verzo,CC BY 2.0,https://www.flickr.com/photos/verzo/7517648378
oi_4fd50dedb16f19c0.jpg,Open Images V7,val,nachans,CC BY 2.0,https://www.flickr.com/photos/pancakeplan/5917657185
oi_4fdeb43af1bd8771.jpg,Open Images V7,train,Eric Pheterson,CC BY 2.0,https://www.flickr.com/photos/pheterson/13281273755
oi_4fdfa93752dd1ec7.jpg,Open Images V7,train,stef bemba,CC BY 2.0,https://www.flickr.com/photos/110973116@N08/14194126138
oi_4fecc669094fd740.jpg,Open Images V7,train,A.Davey,CC BY 2.0,https://www.flickr.com/photos/adavey/678751277
oi_4ffaae8f85b6797a.jpg,Open Images V7,train,Greg Scales,CC BY 2.0,https://www.flickr.com/photos/greg_scales/15102024208
oi_500459b2880f1520.jpg,Open Images V7,train,sneakerdog,CC BY 2.0,https://www.flickr.com/photos/sneakerdog/2615657091
oi_50077584a2bd44a2.jpg,Open Images V7,train,Francisca Ulloa,CC BY 2.0,https://www.flickr.com/photos/alosojos/303897019
oi_5017886bc4c39dfb.jpg,Open Images V7,val,Dustin Gaffke,CC BY 2.0,https://www.flickr.com/photos/onepointfour/8544602835
oi_50239f3b6728ad1a.jpg,Open Images V7,train,Allie_Caulfield,CC BY 2.0,https://www.flickr.com/photos/wm_archiv/6490605223
oi_503e8efd9cd082ce.jpg,Open Images V7,test,Cesar I. Martins,CC BY 2.0,https://www.flickr.com/photos/cesar_camilla/7517200114
oi_50518c4d11f56b0c.jpg,Open Images V7,val,Rob Young,CC BY 2.0,https://www.flickr.com/photos/rob-young/869513401
oi_5053f2beb66a66f2.jpg,Open Images V7,train,Newtown grafitti,CC BY 2.0,https://www.flickr.com/photos/newtown_grafitti/8615251914
oi_506c6dbf0c4a8a2a.jpg,Open Images V7,val,Jeff Gunn,CC BY 2.0,https://www.flickr.com/photos/jeffgunn/3278736608
oi_506d83277f070e66.jpg,Open Images V7,train,Jake Archibald,CC BY 2.0,https://www.flickr.com/photos/jaffathecake/10120825475
oi_5075f4d44d5f07d8.jpg,Open Images V7,val,U.S. Fish and Wildlife Service Southeast Region,CC BY 2.0,https://www.flickr.com/photos/usfwssoutheast/20898680136
oi_507741e9fd597947.jpg,Open Images V7,train,Elias Levy,CC BY 2.0,https://www.flickr.com/photos/elevy/14914320281
oi_507d992ea2c9e9ce.jpg,Open Images V7,val,kelvie,CC BY 2.0,https://www.flickr.com/photos/99120948@N08/14945656775/
oi_507eb1da9931df0c.jpg,Open Images V7,train,Biodiversity Heritage Library,CC BY 2.0,https://www.flickr.com/photos/biodivlibrary/5974968782
oi_5085ab22bed74533.jpg,Open Images V7,train,Britt Reints,CC BY 2.0,https://www.flickr.com/photos/emmandevin/8088499825
oi_508d2cdb40e1d7a9.jpg,Open Images V7,val,Gordon Wrigley,CC BY 2.0,https://www.flickr.com/photos/tolomea/6965948978
oi_508d46202e4035de.jpg,Open Images V7,val,Bernard Goldbach,CC BY 2.0,https://www.flickr.com/photos/topgold/2394783491
oi_509e51ac405e3741.jpg,Open Images V7,train,Janus Sandsgaard,CC BY 2.0,https://www.flickr.com/photos/janus_sandsgaard/5442613401
oi_50b15f3e69cf12a4.jpg,Open Images V7,train,Christian Heilmann,CC BY 2.0,https://www.flickr.com/photos/codepo8/13867598803/
oi_50c0e8ba95f6c902.jpg,Open Images V7,val,Marcel Ekkel,CC BY 2.0,https://www.flickr.com/photos/marcelekkel/4803636005
oi_50c146e737e61ef9.jpg,Open Images V7,train,Elias Levy,CC BY 2.0,https://www.flickr.com/photos/elevy/18998854319
oi_50c37159af9bf154.jpg,Open Images V7,train,gordon.milligan,CC BY 2.0,https://www.flickr.com/photos/el-milligano/15658730856
oi_50ce08e6874544c6.jpg,Open Images V7,val,Serge Melki,CC BY 2.0,https://www.flickr.com/photos/sergemelki/339332323
oi_50da6418349dbc98.jpg,Open Images V7,train,PhotoBobil,CC BY 2.0,https://www.flickr.com/photos/15174316@N02/5393677895/
oi_50f19d43e8440224.jpg,Open Images V7,train,toadlady1,CC BY 2.0,https://www.flickr.com/photos/76277453@N05/6852823389
oi_51223a82d50ede5a.jpg,Open Images V7,train,jeff~,CC BY 2.0,https://www.flickr.com/photos/jphotos/16867751465
oi_51243e0b23152702.jpg,Open Images V7,train,Ayleen Gaspar,CC BY 2.0,https://www.flickr.com/photos/spookyamd/4989543368
oi_5126c487bedfe2dc.jpg,Open Images V7,train,NOAA Photo Library,CC BY 2.0,https://www.flickr.com/photos/noaaphotolib/9734001260
oi_5136d54240f6126b.jpg,Open Images V7,train,Sean Loyless,CC BY 2.0,https://www.flickr.com/photos/haggismac/13500053993
oi_513aeb9063e36f50.jpg,Open Images V7,train,gordon.milligan,CC BY 2.0,https://www.flickr.com/photos/el-milligano/11715924346
oi_514fbdc7b7232d49.jpg,Open Images V7,train,Doug Belshaw,CC BY 2.0,https://www.flickr.com/photos/dougbelshaw/8643887833/
oi_515a94c2c0e64f79.jpg,Open Images V7,val,Tim Parkinson,CC BY 2.0,https://www.flickr.com/photos/timparkinson/2089722722
oi_516946d91e816969.jpg,Open Images V7,val,NOAA Photo Library,CC BY 2.0,https://www.flickr.com/photos/noaaphotolib/5019927727
oi_517225a90c6e27a7.jpg,Open Images V7,train,Polar Cruises,CC BY 2.0,https://www.flickr.com/photos/polarphotos/4680599334
oi_5172549cb072dc35.jpg,Open Images V7,train,Leonid Mamchenkov,CC BY 2.0,https://www.flickr.com/photos/mamchenkov/13923160772
oi_5172de2fa1e30628.jpg,Open Images V7,train,Vince Smith,CC BY 2.0,https://www.flickr.com/photos/vsmithuk/1499824076
oi_5185069e49758fe3.jpg,Open Images V7,train,Derek Keats,CC BY 2.0,https://www.flickr.com/photos/dkeats/6336981391
oi_519b9485cab2c068.jpg,Open Images V7,train,Frank Hebbert,CC BY 2.0,https://www.flickr.com/photos/f-r-a-n-k/229828842
oi_519ca0648374a9be.jpg,Open Images V7,train,Elias Levy,CC BY 2.0,https://www.flickr.com/photos/elevy/19159253916
oi_519db723f8bd439f.jpg,Open Images V7,train,NOAA Photo Library,CC BY 2.0,https://www.flickr.com/photos/noaaphotolib/9614765647
oi_51a015425a534b7b.jpg,Open Images V7,train,gwaar,CC BY 2.0,https://www.flickr.com/photos/paulsynnott/2641602731
oi_51a89ede8cc04941.jpg,Open Images V7,val,Gary Bembridge,CC BY 2.0,https://www.flickr.com/photos/tipsfortravellers/20285479035
oi_51aa7e6b55432f9b.jpg,Open Images V7,train,David Blaikie,CC BY 2.0,https://www.flickr.com/photos/nikonvscanon/5471323679
oi_51bc674c8b9cb192.jpg,Open Images V7,train,Polar Cruises,CC BY 2.0,https://www.flickr.com/photos/polarphotos/4683401253
oi_51cbea45fe8a8111.jpg,Open Images V7,test,Mike Fisher,CC BY 2.0,https://www.flickr.com/photos/bfs_man/5858618968
oi_51d03a9e5d2744c2.jpg,Open Images V7,val,Abir Anwar,CC BY 2.0,https://www.flickr.com/photos/abir82/4875198257/
oi_51d2c658a64fefe5.jpg,Open Images V7,val,Artotem,CC BY 2.0,https://www.flickr.com/photos/artotemsco/3731289808
oi_51d3b3c387b11c95.jpg,Open Images V7,train,U.S. Fish and Wildlife Service Headquarters,CC BY 2.0,https://www.flickr.com/photos/usfwshq/6383855895
oi_51e7e321b69b8ad8.jpg,Open Images V7,train,USFWSmidwest,CC BY 2.0,https://www.flickr.com/photos/usfwsmidwest/19563842258
oi_51edeb6d401b4026.jpg,Open Images V7,test,USFWS - Pacific Region,CC BY 2.0,https://www.flickr.com/photos/usfwspacific/6672477063
oi_521f2fce20859970.jpg,Open Images V7,test,Christopher Michel,CC BY 2.0,https://www.flickr.com/photos/cmichel67/16005701649
oi_52320044141e6a2f.jpg,Open Images V7,train,Makuahine Pa&#x27;i Ki&#x27;i,CC BY 2.0,https://www.flickr.com/photos/hawaii-mcgraths/571332391
oi_5233c9db6113d5ab.jpg,Open Images V7,train,Tim Parkinson,CC BY 2.0,https://www.flickr.com/photos/timparkinson/2305364054
oi_523447d6efe87e7b.jpg,Open Images V7,val,Joi Ito,CC BY 2.0,https://www.flickr.com/photos/joi/5409019996
oi_523888c6b401785f.jpg,Open Images V7,test,Thomas BONNIN,CC BY 2.0,https://www.flickr.com/photos/thomas-bonnin/15463351278
oi_523bb0efb0df479c.jpg,Open Images V7,train,Sam Beebe,CC BY 2.0,https://www.flickr.com/photos/sbeebe/6998653627
oi_523c2d64cf2561ae.jpg,Open Images V7,train,Mike Baird,CC BY 2.0,https://www.flickr.com/photos/mikebaird/2238564886
oi_5243cc16c9ffde0e.jpg,Open Images V7,val,Josh Hallett,CC BY 2.0,https://www.flickr.com/photos/hyku/343107289
oi_524787a0d0f8f8f4.jpg,Open Images V7,train,Emma  Cooper,CC BY 2.0,https://www.flickr.com/photos/ecooperphotography/10464477313
oi_5250fce78a597a58.jpg,Open Images V7,val,2 TOP,CC BY 2.0,https://www.flickr.com/photos/2top/10346027835
oi_52544a8c46ca71da.jpg,Open Images V7,val,"Jim, the Photographer",CC BY 2.0,https://www.flickr.com/photos/jcapaldi/7983252237
oi_525a0935244ad20e.jpg,Open Images V7,train,betoinorge,CC BY 2.0,https://www.flickr.com/photos/betoinorge/3985016238
oi_525b5db7186b690e.jpg,Open Images V7,val,Marshmallow,CC BY 2.0,https://www.flickr.com/photos/tmarschner/2729637714
oi_526719f0a1b226d1.jpg,Open Images V7,train,Daniella Vereeken,CC BY 2.0,https://www.flickr.com/photos/betta-online/1543632015
oi_526befa24455f33f.jpg,Open Images V7,train,Charles Barilleaux,CC BY 2.0,https://www.flickr.com/photos/bontempscharly/7476155136
oi_526cf41ac3bbf197.jpg,Open Images V7,val,prilfish,CC BY 2.0,https://www.flickr.com/photos/silkebaron/20957346478
oi_526f6b696fb4bffe.jpg,Open Images V7,train,Joseph Novak,CC BY 2.0,https://www.flickr.com/photos/josephleenovak/3657397194
oi_526fd073b6bb02a4.jpg,Open Images V7,train,Paulo Henrique,CC BY 2.0,https://www.flickr.com/photos/paulohenriquenet/3536990774
oi_5275685ad8130866.jpg,Open Images V7,train,mr.bologna,CC BY 2.0,https://www.flickr.com/photos/mrbologna/2349510582
oi_528b474cad675a6c.jpg,Open Images V7,train,Lisa Williams,CC BY 2.0,https://www.flickr.com/photos/pixellou/4619842778
oi_528e4565ad4f3c1d.jpg,Open Images V7,train,oliver.dodd,CC BY 2.0,https://www.flickr.com/photos/oliverdodd/14480011128
oi_5299118297274154.jpg,Open Images V7,train,julian correa,CC BY 2.0,https://www.flickr.com/photos/juliancorrea/8543714371
oi_52a46f52836ce713.jpg,Open Images V7,train,Patti Manolis,CC BY 2.0,https://www.flickr.com/photos/68904533@N07/8324909361/
oi_52ac8dc14080f1d8.jpg,Open Images V7,train,Brian Switek,CC BY 2.0,https://www.flickr.com/photos/80811273@N00/1533135601/
oi_52b3f67ff0d09fff.jpg,Open Images V7,train,sheilapic76,CC BY 2.0,https://www.flickr.com/photos/53344659@N05/4978448097
oi_52bf5d816c00df3a.jpg,Open Images V7,val,David Flores,CC BY 2.0,https://www.flickr.com/photos/magdav/18574682
oi_52ce69c9fe910ed6.jpg,Open Images V7,train,Michael Matuzak,CC BY 2.0,https://www.flickr.com/photos/matuzak/13498920885
oi_52cf849a3a56d33a.jpg,Open Images V7,val,fPat Murray,CC BY 2.0,https://www.flickr.com/photos/fpat/2831030314
oi_52d380a542a71e27.jpg,Open Images V7,train,Terinea IT Support,CC BY 2.0,https://www.flickr.com/photos/terinea/501213135
oi_52d90d4eff318bda.jpg,Open Images V7,train,liesvanrompaey,CC BY 2.0,https://www.flickr.com/photos/liesvanrompaey/9443302202
oi_52dc3d964e21215f.jpg,Open Images V7,train,Josh Hallett,CC BY 2.0,https://www.flickr.com/photos/hyku/357845349
oi_52e0780e4eac2afa.jpg,Open Images V7,train,Kevin Dooley,CC BY 2.0,https://www.flickr.com/photos/pagedooley/5418575868
oi_52ea660e84e9d195.jpg,Open Images V7,train,claumoho,CC BY 2.0,https://www.flickr.com/photos/claudiah/6129370894
oi_52ef4cc041de2b32.jpg,Open Images V7,val,Illya Kondratyuk,CC BY 2.0,https://www.flickr.com/photos/ilesh/5414209929
oi_52ef4f9c3fa45d88.jpg,Open Images V7,train,Pacific Southwest Region USFWS,CC BY 2.0,https://www.flickr.com/photos/usfws_pacificsw/5187293505
oi_52fb504b956dc068.jpg,Open Images V7,train,Sean MacEntee,CC BY 2.0,https://www.flickr.com/photos/smemon/13336788635
oi_52ff0e9037f8b99e.jpg,Open Images V7,train,James,CC BY 2.0,https://www.flickr.com/photos/71217725@N00/7348291448
oi_5323a7e59c63a4d3.jpg,Open Images V7,train,Random Guy 3,CC BY 2.0,https://www.flickr.com/photos/40864317@N08/20137334985
oi_533123d973e0d2ad.jpg,Open Images V7,train,adrigu,CC BY 2.0,https://www.flickr.com/photos/97793800@N00/3586463678
oi_533973331090470c.jpg,Open Images V7,train,Marc Smith,CC BY 2.0,https://www.flickr.com/photos/marc_smith/3052607733
oi_533cd147acd64e8e.jpg,Open Images V7,train,randychiu,CC BY 2.0,https://www.flickr.com/photos/randychiu/3099157607
oi_533ee43a5b5c8e3d.jpg,Open Images V7,train,NOAA Photo Library,CC BY 2.0,https://www.flickr.com/photos/noaaphotolib/5019926273/
oi_5347a746daf1a003.jpg,Open Images V7,train,Chris Oakley,CC BY 2.0,https://www.flickr.com/photos/chrisoakley/6044203130
oi_535fdbb43fc50e05.jpg,Open Images V7,train,Chris Youngman,CC BY 2.0,https://www.flickr.com/photos/129819801@N07/16027553028
oi_5367036dab53467e.jpg,Open Images V7,test,Enrique Dans,CC BY 2.0,https://www.flickr.com/photos/edans/5001409649
oi_5376b3011510e3a8.jpg,Open Images V7,train,mccready,CC BY 2.0,https://www.flickr.com/photos/mccready/4780932898/
oi_5395ede1f2d54b40.jpg,Open Images V7,train,David Fisher,CC BY 2.0,https://www.flickr.com/photos/dave_fisher/9154544450
oi_53980fcb60415b3c.jpg,Open Images V7,train,moyerphotos,CC BY 2.0,https://www.flickr.com/photos/moyermk/17384926856
oi_53ab95be77a8365e.jpg,Open Images V7,train,Virginia State Parks,CC BY 2.0,https://www.flickr.com/photos/vastateparksstaff/8590147625
oi_53ace524fe630411.jpg,Open Images V7,train,NOAA Photo Library,CC BY 2.0,https://www.flickr.com/photos/noaaphotolib/5187918674
oi_53aef66af5493561.jpg,Open Images V7,train,Jim Holtan,CC BY 2.0,https://www.flickr.com/photos/jimholtan/10806381213
oi_53ba189e88104318.jpg,Open Images V7,train,Raelene Gutierrez,CC BY 2.0,https://www.flickr.com/photos/raes_antics/2180007139
oi_53bfcdaed011ab46.jpg,Open Images V7,train,Quan Ha,CC BY 2.0,https://www.flickr.com/photos/quanha/3630975497
oi_53c8a1774b424424.jpg,Open Images V7,train,University of Michigan Library,CC BY 2.0,https://www.flickr.com/photos/mlibrary/2229250226
oi_53c9f9f7d4ab53f0.jpg,Open Images V7,train,Derek Hatfield,CC BY 2.0,https://www.flickr.com/photos/loimere/3419074113
oi_53cc71438deb0df9.jpg,Open Images V7,val,Trevor Ellestad,CC BY 2.0,https://www.flickr.com/photos/34341911@N04/8751768324
oi_53d913692350d7ea.jpg,Open Images V7,train,Richard Leeming,CC BY 2.0,https://www.flickr.com/photos/dickdotcom/252732218
oi_53d9de07d6a4b6b5.jpg,Open Images V7,train,Pablo Spekuljak,CC BY 2.0,https://www.flickr.com/photos/spekul/14303443450
oi_53df9d6557ed3c7d.jpg,Open Images V7,train,Cristóbal Alvarado Minic,CC BY 2.0,https://www.flickr.com/photos/ctam/5006792053
oi_53e2f8b0d2fc971e.jpg,Open Images V7,test,bibliomaniac15,CC BY 2.0,https://www.flickr.com/photos/33018061@N06/5121994748
oi_53e64d0022c6ee8e.jpg,Open Images V7,train,Judhi Prasetyo,CC BY 2.0,https://www.flickr.com/photos/best/281340130
oi_53efa9799fdfdf22.jpg,Open Images V7,train,TANAKA Juuyoh (田中十洋),CC BY 2.0,https://www.flickr.com/photos/tanaka_juuyoh/2061283840
oi_53f06e6e59d78180.jpg,Open Images V7,train,35.smyrna,CC BY 2.0,https://www.flickr.com/photos/benugur/2365323398
oi_5402e1316331569f.jpg,Open Images V7,val,Jannes Pockele,CC BY 2.0,https://www.flickr.com/photos/jpockele/142685893
oi_5406439d957d50c7.jpg,Open Images V7,train,Makuahine Pa&#x27;i Ki&#x27;i,CC BY 2.0,https://www.flickr.com/photos/hawaii-mcgraths/3639994116
oi_5406a41a935d4a16.jpg,Open Images V7,train,Marc Veraart,CC BY 2.0,https://www.flickr.com/photos/marcveraart/2758796919
oi_540cc6f1785c0858.jpg,Open Images V7,test,Ines Hegedus-Garcia,CC BY 2.0,https://www.flickr.com/photos/miamism/3893273400
oi_543343734554d6b5.jpg,Open Images V7,train,Natasia Causse,CC BY 2.0,https://www.flickr.com/photos/123012464@N05/14530643714
oi_54344ccaefb52846.jpg,Open Images V7,val,TANAKA Juuyoh (田中十洋),CC BY 2.0,https://www.flickr.com/photos/tanaka_juuyoh/2196115601
oi_54407fa3ad62b13e.jpg,Open Images V7,train,NOAA Photo Library,CC BY 2.0,https://www.flickr.com/photos/noaaphotolib/14525618623
oi_5440f012b3b95d2c.jpg,Open Images V7,val,Stig Nygaard,CC BY 2.0,https://www.flickr.com/photos/stignygaard/19375795874
oi_5461c48249d3fb6e.jpg,Open Images V7,train,David Siu,CC BY 2.0,https://www.flickr.com/photos/dwysiu/8429408314
oi_54732ac0772446f0.jpg,Open Images V7,train,Brian Gratwicke,CC BY 2.0,https://www.flickr.com/photos/briangratwicke/7072361637/
oi_5478699deef54a7c.jpg,Open Images V7,test,Philippe AMIOT,CC BY 2.0,https://www.flickr.com/photos/philippeamiot/6009989732
oi_5479eb860ac0b088.jpg,Open Images V7,val,Sean MacEntee,CC BY 2.0,https://www.flickr.com/photos/smemon/5994752593
oi_547fc4d397e5be8c.jpg,Open Images V7,train,Vince Smith,CC BY 2.0,https://www.flickr.com/photos/vsmithuk/4806833908
oi_548ea5b8582d40ed.jpg,Open Images V7,train,cea +,CC BY 2.0,https://www.flickr.com/photos/centralasian/4471343880
oi_5493bbe16ce2626f.jpg,Open Images V7,train,Dave Nakayama,CC BY 2.0,https://www.flickr.com/photos/dnak/7800334034
oi_5496401f8432fe49.jpg,Open Images V7,test,Ruth Hartnup,CC BY 2.0,https://www.flickr.com/photos/ruthanddave/54239396
oi_549a306efca50661.jpg,Open Images V7,train,Courtney Gibbons,CC BY 2.0,https://www.flickr.com/photos/virtualcourtney/4278965724
oi_54a442ca82f37b26.jpg,Open Images V7,val,Phalinn Ooi,CC BY 2.0,https://www.flickr.com/photos/phalinn/539404249
oi_54b4a44c8cb6f14f.jpg,Open Images V7,train,Jem Stone,CC BY 2.0,https://www.flickr.com/photos/jemstone/6735048481
oi_54b5ff37783a1411.jpg,Open Images V7,train,Tregde Ferie,CC BY 2.0,https://www.flickr.com/photos/tregde/15369576677
oi_54bdb095255eb823.jpg,Open Images V7,train,Blue Ocean Whale Watch,CC BY 2.0,https://www.flickr.com/photos/blueoceanwhalewatch/7897512616
oi_54c1880b65eb50af.jpg,Open Images V7,train,John Nousis,CC BY 2.0,https://www.flickr.com/photos/nousis/3891851153/
oi_54c5c0c7788109a5.jpg,Open Images V7,train,Brian Gratwicke,CC BY 2.0,https://www.flickr.com/photos/briangratwicke/5625008904
oi_54cbd3eb82bb90bb.jpg,Open Images V7,train,Joshua Ganderson,CC BY 2.0,https://www.flickr.com/photos/jganderson/8088731622
oi_54e9c7e8586001a6.jpg,Open Images V7,train,Nigel Brown,CC BY 2.0,https://www.flickr.com/photos/nigel_brown/6427563825
oi_54f689bce193c87c.jpg,Open Images V7,train,Derek Keats,CC BY 2.0,https://www.flickr.com/photos/dkeats/6214932971
oi_54f7b95acd575ae4.jpg,Open Images V7,test,Ruth Hartnup,CC BY 2.0,https://www.flickr.com/photos/ruthanddave/15452693995
oi_54fb19bf0d36bec1.jpg,Open Images V7,test,TANAKA Juuyoh (田中十洋),CC BY 2.0,https://www.flickr.com/photos/tanaka_juuyoh/1535875227
oi_550a0ebf2592d67d.jpg,Open Images V7,val,Colleen Benelli,CC BY 2.0,https://www.flickr.com/photos/49651517@N02/9329821994
oi_551cb51c2d5f8f99.jpg,Open Images V7,train,Daniella Vereeken,CC BY 2.0,https://www.flickr.com/photos/betta-online/1561854512
oi_552aef7f233931da.jpg,Open Images V7,train,Adrian Delgado2012,CC BY 2.0,https://www.flickr.com/photos/adrian_delgado/14648969159
oi_552c446d5378c3d5.jpg,Open Images V7,val,Andrew Kuchling,CC BY 2.0,https://www.flickr.com/photos/akuchling/11473004
oi_552f9a32145ce265.jpg,Open Images V7,train,Mike Baird,CC BY 2.0,https://www.flickr.com/photos/mikebaird/324186168
oi_553523dbe80c775f.jpg,Open Images V7,val,Kaaren Perry,CC BY 2.0,https://www.flickr.com/photos/kaarenp/8683944737
oi_5536d749df27aed7.jpg,Open Images V7,train,Derek Keats,CC BY 2.0,https://www.flickr.com/photos/dkeats/5327324547/
oi_55375f452e116d50.jpg,Open Images V7,train,april,CC BY 2.0,https://www.flickr.com/photos/rottnapples/14448570430
oi_554622bd6f6b4487.jpg,Open Images V7,train,Ines Hegedus-Garcia,CC BY 2.0,https://www.flickr.com/photos/miamism/3893254504
oi_554657980588c5ef.jpg,Open Images V7,val,Polar Cruises,CC BY 2.0,https://www.flickr.com/photos/polarphotos/4684089330
oi_554997893aeea180.jpg,Open Images V7,val,Christian Jensen,CC BY 2.0,https://www.flickr.com/photos/cs-jay/1799613510/
oi_554a0cbc93523d64.jpg,Open Images V7,test,Dimitris Siskopoulos,CC BY 2.0,https://www.flickr.com/photos/dimsis/7409890632
oi_556184222c09d00f.jpg,Open Images V7,train,Nick  Perretti,CC BY 2.0,https://www.flickr.com/photos/nickperretti/4183076365
oi_55638f98d17161c7.jpg,Open Images V7,train,Sarah Stewart,CC BY 2.0,https://www.flickr.com/photos/sarahmstewart/2128558262
oi_556bf89fe33335fc.jpg,Open Images V7,train,Jelene Morris,CC BY 2.0,https://www.flickr.com/photos/jelene/2804346077
oi_556d3a17085f847d.jpg,Open Images V7,train,Indrik myneur,CC BY 2.0,https://www.flickr.com/photos/myneur/15023217774
oi_5581d6ae3da485ac.jpg,Open Images V7,val,Dan,CC BY 2.0,https://www.flickr.com/photos/estudiante/6749947947
oi_558e3c680b0702ce.jpg,Open Images V7,val,martin...T,CC BY 2.0,https://www.flickr.com/photos/budbug/6323069167
oi_55946d55ba7743a4.jpg,Open Images V7,train,אנונימוס לזכויות בעלי-חיים,CC BY 2.0,https://www.flickr.com/photos/animal_il/8142225193
oi_5596d54add315ca0.jpg,Open Images V7,train,orcas.world,CC BY 2.0,https://www.flickr.com/photos/orcasworld/13141459004
oi_55ac340427d675e5.jpg,Open Images V7,train,USFWSmidwest,CC BY 2.0,https://www.flickr.com/photos/usfwsmidwest/5828271821
oi_55b2860263e8cc0e.jpg,Open Images V7,train,Brian Gratwicke,CC BY 2.0,https://www.flickr.com/photos/briangratwicke/7100319137
oi_55b3e0daa0fea661.jpg,Open Images V7,train,bottled_void,CC BY 2.0,https://www.flickr.com/photos/22964099@N05/2934745655
oi_55d13f2154456ec3.jpg,Open Images V7,train,jomilo75,CC BY 2.0,https://www.flickr.com/photos/jomilo75/511854919
oi_56015c90b169c3be.jpg,Open Images V7,train,Andrea Pokrzywinski,CC BY 2.0,https://www.flickr.com/photos/andreagp/16141227972
oi_560e1818bf3ac3b9.jpg,Open Images V7,train,Saul Adereth,CC BY 2.0,https://www.flickr.com/photos/saul_adereth/5964622518
oi_56275d6e87ea6afc.jpg,Open Images V7,train,Derek Keats,CC BY 2.0,https://www.flickr.com/photos/dkeats/6142991715
oi_56386066758f8d91.jpg,Open Images V7,train,senov,CC BY 2.0,https://www.flickr.com/photos/busbong/3820259850
oi_563e89ea6f237501.jpg,Open Images V7,train,Phuket@photographer.net,CC BY 2.0,https://www.flickr.com/photos/linvoyage/14938437779
oi_563fe3e51f55aa61.jpg,Open Images V7,train,David Hill,CC BY 2.0,https://www.flickr.com/photos/dehill/8703922002
oi_5645691c8821411e.jpg,Open Images V7,train,Taranjeet Singh,CC BY 2.0,https://www.flickr.com/photos/131926185@N07/16634767010
oi_5645bca2cbb1971c.jpg,Open Images V7,train,Dave Nakayama,CC BY 2.0,https://www.flickr.com/photos/dnak/2887185782
oi_5647e5bf212a04e8.jpg,Open Images V7,val,EHRENBERG Kommunikation,CC BY 2.0,https://www.flickr.com/photos/ehrenbergkommunikation/14056828460
oi_564be61d7dcafc6c.jpg,Open Images V7,train,Steve Childs,CC BY 2.0,https://www.flickr.com/photos/steve_childs/2654386395
oi_564f901988284336.jpg,Open Images V7,train,amanderson2,CC BY 2.0,https://www.flickr.com/photos/amanderson/8162515292
oi_56541396334b8053.jpg,Open Images V7,val,Sam Greenhalgh,CC BY 2.0,https://www.flickr.com/photos/zapthedingbat/1278811283
oi_565b600f0a680a6e.jpg,Open Images V7,train,John Haxby,CC BY 2.0,https://www.flickr.com/photos/jchification/5361124587
oi_565c7af6c164d974.jpg,Open Images V7,train,brownpau,CC BY 2.0,https://www.flickr.com/photos/brownpau/14669701007
oi_56728fba49c75187.jpg,Open Images V7,val,Miquel C.,CC BY 2.0,https://www.flickr.com/photos/shht/4897263816
oi_567fb97c9121f06f.jpg,Open Images V7,train,Steven Depolo,CC BY 2.0,https://www.flickr.com/photos/stevendepolo/4323854009
oi_56819cbed9593c7f.jpg,Open Images V7,train,oliver.dodd,CC BY 2.0,https://www.flickr.com/photos/oliverdodd/14479942100
oi_5689c2fae7bb2fbc.jpg,Open Images V7,train,Artem Baguinski,CC BY 2.0,https://www.flickr.com/photos/artm/1791463125
oi_56902f57b0ff3efa.jpg,Open Images V7,val,Frontierofficial,CC BY 2.0,https://www.flickr.com/photos/frontierofficial/16635786205
oi_5695bf8143a8477a.jpg,Open Images V7,train,Jennifer Feuchter,CC BY 2.0,https://www.flickr.com/photos/jennerosity/2611674719
oi_56977590f0d77e81.jpg,Open Images V7,train,Holly Occhipinti,CC BY 2.0,https://www.flickr.com/photos/pinti1/5270547561
oi_56a261452339ec3f.jpg,Open Images V7,test,amanderson2,CC BY 2.0,https://www.flickr.com/photos/amanderson/12672307665
oi_56b249b97d186da5.jpg,Open Images V7,train,unkle_sam,CC BY 2.0,https://www.flickr.com/photos/uncle_sam/5735254879
oi_56b850b39a00157c.jpg,Open Images V7,train,Paul Krawczuk,CC BY 2.0,https://www.flickr.com/photos/krawczuk/9325815266
oi_56b8ecd3d355d761.jpg,Open Images V7,val,Christopher Michel,CC BY 2.0,https://www.flickr.com/photos/cmichel67/16252128917
oi_56bcb11aab9dbb06.jpg,Open Images V7,train,mari,CC BY 2.0,https://www.flickr.com/photos/birdies-perch/6487952257/
oi_56c7b488a24e7acd.jpg,Open Images V7,train,Peter Corbett,CC BY 2.0,https://www.flickr.com/photos/ptc24/7915782348
oi_56d3c1d34114ed3a.jpg,Open Images V7,train,andres musta,CC BY 2.0,https://www.flickr.com/photos/andresmusta/3842473547
oi_56e40de6df1e39c1.jpg,Open Images V7,test,Roy Luck,CC BY 2.0,https://www.flickr.com/photos/royluck/5946391820
oi_56ebddda7a69cabc.jpg,Open Images V7,train,Mike Fisher,CC BY 2.0,https://www.flickr.com/photos/bfs_man/5858618746
oi_56ec252335694afd.jpg,Open Images V7,val,NOAA&#x27;s National Ocean Service,CC BY 2.0,https://www.flickr.com/photos/usoceangov/4009428310
oi_56ef602bddc9d248.jpg,Open Images V7,train,Rojer,CC BY 2.0,https://www.flickr.com/photos/rojer/4891293455
oi_56f4986d7ec2da69.jpg,Open Images V7,train,Mike Baird,CC BY 2.0,https://www.flickr.com/photos/mikebaird/6005913973
oi_56fa07d625cc6359.jpg,Open Images V7,train,Joi Ito,CC BY 2.0,https://www.flickr.com/photos/joi/4879374750
oi_5701d33dce045e5d.jpg,Open Images V7,test,Lyn Gateley,CC BY 2.0,https://www.flickr.com/photos/lyng883/3655639667
oi_570e015d2820417d.jpg,Open Images V7,val,Ewen Roberts,CC BY 2.0,https://www.flickr.com/photos/donabelandewen/4320937628
oi_5715c79edf690631.jpg,Open Images V7,val,South African Tourism,CC BY 2.0,https://www.flickr.com/photos/south-african-tourism/6252704931
oi_5724595cbfe90d12.jpg,Open Images V7,train,Madeleine Deaton,CC BY 2.0,https://www.flickr.com/photos/madeleine_h/7619452570
oi_5728c4323b65d943.jpg,Open Images V7,test,Steve Jurvetson,CC BY 2.0,https://www.flickr.com/photos/jurvetson/123483789
oi_572dba8c2eb71612.jpg,Open Images V7,train,Ghost-in-the-Shell,CC BY 2.0,https://www.flickr.com/photos/ghost-in-the-shell/7664639336
oi_5732b0aa1afe5810.jpg,Open Images V7,train,U.S. Fish and Wildlife Service Headquarters,CC BY 2.0,https://www.flickr.com/photos/usfwshq/4932213984
oi_5737bcc4e5da60e7.jpg,Open Images V7,val,Andy Blackledge,CC BY 2.0,https://www.flickr.com/photos/hockeyholic/11216832854
oi_576e8fb99e2b6213.jpg,Open Images V7,train,Hamed Saber,CC BY 2.0,https://www.flickr.com/photos/hamed/123715681
oi_57744db86076a9d4.jpg,Open Images V7,train,Mark Wilson,CC BY 2.0,https://www.flickr.com/photos/funnypolynomial/11490532805
oi_577525c758aa3677.jpg,Open Images V7,train,Lwp Kommunikáció,CC BY 2.0,https://www.flickr.com/photos/lwpkommunikacio/19717614584
oi_5782b2db65282138.jpg,Open Images V7,train,Mike Baird,CC BY 2.0,https://www.flickr.com/photos/mikebaird/5233606138
oi_5784e3fa3f31e75f.jpg,Open Images V7,val,Charles Barilleaux,CC BY 2.0,https://www.flickr.com/photos/bontempscharly/7785810734
oi_5790c63fa92bc0a2.jpg,Open Images V7,val,belgianchocolate,CC BY 2.0,https://www.flickr.com/photos/frank-wouters/506098636
oi_57969fb9e3b6cdb9.jpg,Open Images V7,train,Karen,CC BY 2.0,https://www.flickr.com/photos/56832361@N00/3991961924
oi_579c3f37c8b30ae6.jpg,Open Images V7,test,mark goble,CC BY 2.0,https://www.flickr.com/photos/markgee6/90100035
oi_57b524c511cd8086.jpg,Open Images V7,train,Jan Tik,CC BY 2.0,https://www.flickr.com/photos/jantik/3727164
oi_57c1a0d229578e1b.jpg,Open Images V7,train,tinyfroglet,CC BY 2.0,https://www.flickr.com/photos/tinyfroglet/4555598791
oi_57c3b5d2c59a7387.jpg,Open Images V7,train,Ricardo&#x27;s Photography (Thanks to all the fans!!!),CC BY 2.0,https://www.flickr.com/photos/ricardo_mangual/7120684835
oi_57d4dfbf5187a903.jpg,Open Images V7,val,sylvar,CC BY 2.0,https://www.flickr.com/photos/sylvar/5207642030
oi_57d7a40de232ccb5.jpg,Open Images V7,train,Kevin Cole,CC BY 2.0,https://www.flickr.com/photos/kevcole/3189412031/
oi_57e12c352f2e9e7a.jpg,Open Images V7,test,Linus Bohman,CC BY 2.0,https://www.flickr.com/photos/bohman/5987114691
oi_57e8ed765a2aef18.jpg,Open Images V7,train,Mohd Rosdi Zainal Abidin,CC BY 2.0,https://www.flickr.com/photos/mrosdi/3003406136
oi_57ea55c00d9ad5c7.jpg,Open Images V7,train,Christopher Liang,CC BY 2.0,https://www.flickr.com/photos/chrisliang82/9130777603
oi_57f4e4e31486f36c.jpg,Open Images V7,train,Robert Freiberger,CC BY 2.0,https://www.flickr.com/photos/robscomputer/6274774762
oi_57f9263f37d64f97.jpg,Open Images V7,val,~Bani~,CC BY 2.0,https://www.flickr.com/photos/bani/16692235475
oi_580cba376532375c.jpg,Open Images V7,test,gwaar,CC BY 2.0,https://www.flickr.com/photos/paulsynnott/2642418656
oi_581d739f79fdda7a.jpg,Open Images V7,val,Christopher Michel,CC BY 2.0,https://www.flickr.com/photos/cmichel67/8369556945/
oi_5820ac326f418000.jpg,Open Images V7,train,Yassef Briceño García,CC BY 2.0,https://www.flickr.com/photos/yassef/4205402006
oi_582402cfbd0acc14.jpg,Open Images V7,train,Jeremy Jenum,CC BY 2.0,https://www.flickr.com/photos/jenumfamily/10382902393
oi_582a3da4a34dca28.jpg,Open Images V7,train,John R Whitaker,CC BY 2.0,https://www.flickr.com/photos/jrwhitaker_photos/8090386292
oi_58346e3605b28c86.jpg,Open Images V7,train,Karen Roe,CC BY 2.0,https://www.flickr.com/photos/karen_roe/15093436759
oi_5838f2a3b3dd2d66.jpg,Open Images V7,train,psyberartist,CC BY 2.0,https://www.flickr.com/photos/psyberartist/10949426456
oi_58399659ee585eae.jpg,Open Images V7,val,Jodie Wilson,CC BY 2.0,https://www.flickr.com/photos/jumpyjodes/2719996015
oi_583d3db86b52be80.jpg,Open Images V7,train,Jan Kneschke,CC BY 2.0,https://www.flickr.com/photos/jankneschke/366139574
oi_584793c51201e615.jpg,Open Images V7,train,Jean,CC BY 2.0,https://www.flickr.com/photos/7326810@N08/3649557412
oi_585df1897ed0ca89.jpg,Open Images V7,train,Max Reiser,CC BY 2.0,https://www.flickr.com/photos/maxibon/8341525041
oi_58696e0619ca6faf.jpg,Open Images V7,train,準建築人手札網站 Forgemind ArchiMedia,CC BY 2.0,https://www.flickr.com/photos/eager/4886509231
oi_5873b0f0878a70cc.jpg,Open Images V7,train,Kathy,CC BY 2.0,https://www.flickr.com/photos/44603071@N00/3538531523
oi_5893471fdd291644.jpg,Open Images V7,train,John Haslam,CC BY 2.0,https://www.flickr.com/photos/foxypar4/1930648280
oi_589598e2e7ae4ba9.jpg,Open Images V7,train,Kirk Strauser,CC BY 2.0,https://www.flickr.com/photos/kstrauser/4512271101
oi_58991603d1caf9bb.jpg,Open Images V7,train,Andrew Turner,CC BY 2.0,https://www.flickr.com/photos/ajturner/6519194657
oi_589fa54494064bdd.jpg,Open Images V7,train,CHRIS DRUMM,CC BY 2.0,https://www.flickr.com/photos/cdrummbks/4632837782
oi_58a1707b4714c5a0.jpg,Open Images V7,train,Derek Wolfgram,CC BY 2.0,https://www.flickr.com/photos/wolfgrams/9646186991
oi_58ab71578ba30100.jpg,Open Images V7,val,Drew Avery,CC BY 2.0,https://www.flickr.com/photos/33590535@N06/3505198009
oi_58d7498a69dee53a.jpg,Open Images V7,train,Centro Nagual Madrid,CC BY 2.0,https://www.flickr.com/photos/centronagual/14626345542
oi_58e8c1907c236276.jpg,Open Images V7,train,candyschwartz,CC BY 2.0,https://www.flickr.com/photos/candy-s/5743055374
oi_58f8b3886b8710e5.jpg,Open Images V7,val,NOAA Photo Library,CC BY 2.0,https://www.flickr.com/photos/noaaphotolib/9679185673/
oi_58fb90bd5748daf6.jpg,Open Images V7,train,cdorobek,CC BY 2.0,https://www.flickr.com/photos/cdorobek/7874072190
oi_590f83611ccfad25.jpg,Open Images V7,val,Mike Baird,CC BY 2.0,https://www.flickr.com/photos/mikebaird/302576485
oi_59189aca04581ed2.jpg,Open Images V7,test,Sean Michael Ragan,CC BY 2.0,https://www.flickr.com/photos/seanmichaelragan/6401808349
oi_5925f6ae938f97ec.jpg,Open Images V7,val,Ching,CC BY 2.0,https://www.flickr.com/photos/36302473@N03/9471019062
oi_5926fce85d159932.jpg,Open Images V7,train,YoTuT,CC BY 2.0,https://www.flickr.com/photos/yotut/8439750185
oi_59295913b7adb994.jpg,Open Images V7,train,Tim Creque,CC BY 2.0,https://www.flickr.com/photos/timjc513/4523429837
oi_593e2fc3ea23cf81.jpg,Open Images V7,train,Maxime Guilbot,CC BY 2.0,https://www.flickr.com/photos/maximeguilbot/9056272220
oi_594119bfa00d3302.jpg,Open Images V7,val,big-ashb,CC BY 2.0,https://www.flickr.com/photos/big-ashb/8114509084
oi_5949581ba8faefa1.jpg,Open Images V7,train,julianomarp,CC BY 2.0,https://www.flickr.com/photos/julianomarp/14392283676
oi_594b3e36bbd0c98d.jpg,Open Images V7,test,Carodean Road Designs,CC BY 2.0,https://www.flickr.com/photos/carodeanroaddesigns/15374711426
oi_59550cd0c7a00e9b.jpg,Open Images V7,val,NOAA Photo Library,CC BY 2.0,https://www.flickr.com/photos/noaaphotolib/19156085084
oi_595f4976e3b9d273.jpg,Open Images V7,val,prilfish,CC BY 2.0,https://www.flickr.com/photos/silkebaron/4836354978
oi_59674effe04eee44.jpg,Open Images V7,train,tata_aka_T,CC BY 2.0,https://www.flickr.com/photos/12453467@N00/3026628183
oi_5968f726821a9755.jpg,Open Images V7,test,Fábio Grison,CC BY 2.0,https://www.flickr.com/photos/fabiogrison/15155229807
oi_597bbeb2cf3c8d90.jpg,Open Images V7,val,Hamed Saber,CC BY 2.0,https://www.flickr.com/photos/hamed/2913811639
oi_59843881dab5eeea.jpg,Open Images V7,train,Mike On Maui,CC BY 2.0,https://www.flickr.com/photos/mike_on_maui/16433012698
oi_5991e2a5b579ab58.jpg,Open Images V7,train,NOAA Photo Library,CC BY 2.0,https://www.flickr.com/photos/noaaphotolib/5675642987
oi_5993913f5b0b5210.jpg,Open Images V7,train,Christopher Michel,CC BY 2.0,https://www.flickr.com/photos/cmichel67/8396841234
oi_5993a14bed2caa6e.jpg,Open Images V7,train,Justin Otto,CC BY 2.0,https://www.flickr.com/photos/8604504@N03/14339160726
oi_599cf0383633712c.jpg,Open Images V7,train,Surreal Name Given,CC BY 2.0,https://www.flickr.com/photos/greenwichphotography/2205179942
oi_599deaa058a55524.jpg,Open Images V7,val,Chris Oakley,CC BY 2.0,https://www.flickr.com/photos/chrisoakley/6043654249
oi_59a70a4f18b7055d.jpg,Open Images V7,train,Mr Thinktank,CC BY 2.0,https://www.flickr.com/photos/tahini/11249211596
oi_59b096a30c4a7863.jpg,Open Images V7,train,Keith Roper,CC BY 2.0,https://www.flickr.com/photos/keithroper/4920400289
oi_59bf16bfe5912b1d.jpg,Open Images V7,val,debs-eye,CC BY 2.0,https://www.flickr.com/photos/debbcollins/3581099813/
oi_59c46e90c200927c.jpg,Open Images V7,train,Hafiz Issadeen,CC BY 2.0,https://www.flickr.com/photos/yimhafiz/3672460524
oi_59ca0fa2f10975ea.jpg,Open Images V7,train,Marc Veraart,CC BY 2.0,https://www.flickr.com/photos/marcveraart/2758793699
oi_59cc38c53caf7db5.jpg,Open Images V7,train,bettyx1138,CC BY 2.0,https://www.flickr.com/photos/bettyx1138/339600016
oi_59d786f991f960f5.jpg,Open Images V7,train,Brian Gratwicke,CC BY 2.0,https://www.flickr.com/photos/briangratwicke/7081548239
oi_59e77eebf3319bd3.jpg,Open Images V7,test,Steven Schwartz,CC BY 2.0,https://www.flickr.com/photos/amoosefloats/20097451001
oi_59ef577962c2f18a.jpg,Open Images V7,train,sandrafdzh,CC BY 2.0,https://www.flickr.com/photos/sandrasays/8151601248
oi_59f644633b227d95.jpg,Open Images V7,train,Brian Shamblen,CC BY 2.0,https://www.flickr.com/photos/23972840@N04/2578281442
oi_59fc3bd84f4d0a17.jpg,Open Images V7,test,Leandro Neumann Ciuffo,CC BY 2.0,https://www.flickr.com/photos/leandrociuffo/5466925944
oi_5a0315906959a6ae.jpg,Open Images V7,train,Jerry Kirkhart,CC BY 2.0,https://www.flickr.com/photos/jkirkhart35/5909980220
oi_5a0ceee6d79ba8fc.jpg,Open Images V7,train,35.smyrna,CC BY 2.0,https://www.flickr.com/photos/benugur/2364511261
oi_5a26a902814a09ae.jpg,Open Images V7,test,Lyn Gateley,CC BY 2.0,https://www.flickr.com/photos/lyng883/3655734795
oi_5a37c55379e8e40d.jpg,Open Images V7,train,NOAA&#x27;s National Ocean Service,CC BY 2.0,https://www.flickr.com/photos/usoceangov/18604997632
oi_5a37ee1459dea09b.jpg,Open Images V7,val,SNORKELINGDIVES.COM,CC BY 2.0,https://www.flickr.com/photos/snorkelingdives/7087402507
oi_5a38d27537c5d52e.jpg,Open Images V7,val,Archangel12,CC BY 2.0,https://www.flickr.com/photos/archangel12/15423407489
oi_5a496fd2adbb5518.jpg,Open Images V7,train,Jeremy Thompson,CC BY 2.0,https://www.flickr.com/photos/rollercoasterphilosophy/3311825173
oi_5a4ede04d2f13592.jpg,Open Images V7,train,craigles75,CC BY 2.0,https://www.flickr.com/photos/8583790@N04/16693179070
oi_5a56eec50ee91aed.jpg,Open Images V7,val,djandrea.enet,CC BY 2.0,https://www.flickr.com/photos/djandrea/4008812567
oi_5a5886f0f9d6f526.jpg,Open Images V7,val,paulshaffner,CC BY 2.0,https://www.flickr.com/photos/paulshaffner/2232843462
oi_5a62784201599190.jpg,Open Images V7,train,Rich Brooks,CC BY 2.0,https://www.flickr.com/photos/therichbrooks/2658723747
oi_5a63f778cd655639.jpg,Open Images V7,train,Makuahine Pa&#x27;i Ki&#x27;i,CC BY 2.0,https://www.flickr.com/photos/hawaii-mcgraths/3727657315
oi_5a66260f74f9a441.jpg,Open Images V7,train,shankar s.,CC BY 2.0,https://www.flickr.com/photos/shankaronline/7987406544
oi_5a698904a1f4e566.jpg,Open Images V7,val,Esther Westerveld,CC BY 2.0,https://www.flickr.com/photos/westher/15050037368
oi_5a6a2a46f0072a0a.jpg,Open Images V7,train,Khor Harn Sheng,CC BY 2.0,https://www.flickr.com/photos/harnsheng/9132920786
oi_5a6f1dfeba9fe489.jpg,Open Images V7,val,A.Davey,CC BY 2.0,https://www.flickr.com/photos/adavey/4153481794
oi_5a71413908c40a9d.jpg,Open Images V7,train,FS1 - Community TV Salzburg,CC BY 2.0,https://www.flickr.com/photos/fs1communitytv/15781315865
oi_5a72d859dd336033.jpg,Open Images V7,val,Tim Creque,CC BY 2.0,https://www.flickr.com/photos/timjc513/5219513700
oi_5a78bd7c9850e343.jpg,Open Images V7,val,NOAA&#x27;s National Ocean Service,CC BY 2.0,https://www.flickr.com/photos/usoceangov/6233793115
oi_5a807b5e401bc149.jpg,Open Images V7,train,Dan Hershman,CC BY 2.0,https://www.flickr.com/photos/hershman/716709413
oi_5a8bb841b33e686b.jpg,Open Images V7,train,Paul Krawczuk,CC BY 2.0,https://www.flickr.com/photos/krawczuk/9323002119
oi_5a8c998615990c7e.jpg,Open Images V7,train,Sid Mosdell,CC BY 2.0,https://www.flickr.com/photos/sidm/3199293847
oi_5aa5da88caebc7eb.jpg,Open Images V7,train,Ilse Reijs and Jan-Noud Hutten,CC BY 2.0,https://www.flickr.com/photos/39891373@N07/4394238405
oi_5aaf719e7ac61738.jpg,Open Images V7,train,May Michaely,CC BY 2.0,https://www.flickr.com/photos/maymichaely/3127433626
oi_5ab726663a3069b2.jpg,Open Images V7,test,Chika Watanabe,CC BY 2.0,https://www.flickr.com/photos/chikawatanabe/4084643316
oi_5abcf95968584cc6.jpg,Open Images V7,train,Derek Keats,CC BY 2.0,https://www.flickr.com/photos/dkeats/6147780070
oi_5abfd36a3e869041.jpg,Open Images V7,test,Vincent Teeuwen,CC BY 2.0,https://www.flickr.com/photos/vincentteeuwen/16409715094
oi_5ac27329a2f89321.jpg,Open Images V7,train,Dave Sizer,CC BY 2.0,https://www.flickr.com/photos/aphid00/19714602163
oi_5ac519cf1ee60237.jpg,Open Images V7,train,Peter Kaminski,CC BY 2.0,https://www.flickr.com/photos/peterkaminski/47922617
oi_5ad4df54b359c77f.jpg,Open Images V7,val,Rebecca Wilson,CC BY 2.0,https://www.flickr.com/photos/saucysalad/4998641050
oi_5ad6a909ff7e8326.jpg,Open Images V7,train,David Stanley,CC BY 2.0,https://www.flickr.com/photos/davidstanleytravel/9411100403
oi_5ae142df2d396495.jpg,Open Images V7,val,Marc Smith,CC BY 2.0,https://www.flickr.com/photos/marc_smith/3053440972
oi_5ae5a5f1ef54886e.jpg,Open Images V7,val,Offutt Air Force Base,CC BY 2.0,https://www.flickr.com/photos/offutt_afb/6425776965
oi_5aef0c87a3cce8e2.jpg,Open Images V7,test,Guilhem Vellut,CC BY 2.0,https://www.flickr.com/photos/o_0/14018161338
oi_5af9c921fce449bb.jpg,Open Images V7,train,christopher.durant,CC BY 2.0,https://www.flickr.com/photos/christopherdurant/6700619715
oi_5b03ab91834ac30c.jpg,Open Images V7,train,amanderson2,CC BY 2.0,https://www.flickr.com/photos/amanderson/6751162277
oi_5b0deb980b68f994.jpg,Open Images V7,train,Thomas Kohler,CC BY 2.0,https://www.flickr.com/photos/mecklenburg/4825572583
oi_5b11876eb1d6354a.jpg,Open Images V7,train,wohnai,CC BY 2.0,https://www.flickr.com/photos/13511355@N06/1375672799/
oi_5b1e81650b96c996.jpg,Open Images V7,train,saragoldsmith,CC BY 2.0,https://www.flickr.com/photos/saragoldsmith/2896084000
oi_5b2e24c69e28519d.jpg,Open Images V7,test,Anna  Barnett,CC BY 2.0,https://www.flickr.com/photos/29827386@N03/4329116322
oi_5b3d20254d45fc7d.jpg,Open Images V7,test,darrenleno,CC BY 2.0,https://www.flickr.com/photos/38767031@N00/7190156614
oi_5b427b1d94023a6b.jpg,Open Images V7,test,Andrew Turner,CC BY 2.0,https://www.flickr.com/photos/ajturner/6519208021
oi_5b446cd3eceb2f15.jpg,Open Images V7,val,Jerome Bon,CC BY 2.0,https://www.flickr.com/photos/girolame/3225638772
oi_5b488e9f54a47ff6.jpg,Open Images V7,train,Northwest Power and Conservation Council,CC BY 2.0,https://www.flickr.com/photos/nwcouncil/9344591481
oi_5b4a145efd202751.jpg,Open Images V7,train,A.Davey,CC BY 2.0,https://www.flickr.com/photos/adavey/5042357701
oi_5b4e6198d42fdef3.jpg,Open Images V7,train,Paul Krawczuk,CC BY 2.0,https://www.flickr.com/photos/krawczuk/9325847836
oi_5b625a2a15cbaa57.jpg,Open Images V7,train,Sarah Stewart,CC BY 2.0,https://www.flickr.com/photos/sarahmstewart/2976188814
oi_5b8033afc86357d9.jpg,Open Images V7,test,Ed Bierman,CC BY 2.0,https://www.flickr.com/photos/edbierman/4916846589
oi_5b90e964d44ab08e.jpg,Open Images V7,train,twak,CC BY 2.0,https://www.flickr.com/photos/twak/3898802669
oi_5b97f7c0705fb3a0.jpg,Open Images V7,train,Damien du Toit,CC BY 2.0,https://www.flickr.com/photos/coda/380361
oi_5ba9b79c42f7bcde.jpg,Open Images V7,val,xersti,CC BY 2.0,https://www.flickr.com/photos/xersti/270836689
oi_5bc15c23357ee62e.jpg,Open Images V7,train,Jeremy Keith,CC BY 2.0,https://www.flickr.com/photos/adactio/3008269466
oi_5bc9e563d5f64ac3.jpg,Open Images V7,train,jomilo75,CC BY 2.0,https://www.flickr.com/photos/jomilo75/511824278/
oi_5bcc27e756d6d7d4.jpg,Open Images V7,train,Travis Wise,CC BY 2.0,https://www.flickr.com/photos/photographingtravis/16933236928
oi_5bce9632cfe52700.jpg,Open Images V7,train,OakleyOriginals,CC BY 2.0,https://www.flickr.com/photos/oakleyoriginals/15579271946
oi_5bdfedcc08fe7d38.jpg,Open Images V7,train,Jim G,CC BY 2.0,https://www.flickr.com/photos/jimg944/4751256082
oi_5c04b1213eb317a8.jpg,Open Images V7,val,Elma,CC BY 2.0,https://www.flickr.com/photos/24710622@N05/3229595963
oi_5c16309f578ca7fb.jpg,Open Images V7,val,Ines Hegedus-Garcia,CC BY 2.0,https://www.flickr.com/photos/miamism/5953158582
oi_5c19a2675ae75639.jpg,Open Images V7,train,SarahDepper,CC BY 2.0,https://www.flickr.com/photos/sarahdepper/4041485687
oi_5c1b1383b8e1fab2.jpg,Open Images V7,train,Daniella Vereeken,CC BY 2.0,https://www.flickr.com/photos/betta-online/1560999984
oi_5c2d4b51664ecb12.jpg,Open Images V7,train,Philippe AMIOT,CC BY 2.0,https://www.flickr.com/photos/philippeamiot/18196878308
oi_5c30596d4f81e189.jpg,Open Images V7,train,Amila Tennakoon,CC BY 2.0,https://www.flickr.com/photos/lakpura/15354959769
oi_5c33ef328bef23a7.jpg,Open Images V7,test,Zhi Yong Lee,CC BY 2.0,https://www.flickr.com/photos/zh1yong/140775200
oi_5c3b83687cdc8c8c.jpg,Open Images V7,train,Elias Levy,CC BY 2.0,https://www.flickr.com/photos/elevy/18999269669
oi_5c3ddbfa33fcd0ed.jpg,Open Images V7,val,Chi King,CC BY 2.0,https://www.flickr.com/photos/davelau/6025142189
oi_5c45ab5ec27f3ed0.jpg,Open Images V7,train,MindsEye_PJ,CC BY 2.0,https://www.flickr.com/photos/mindseye_pj/7879165682
oi_5c61d3a05728f3d8.jpg,Open Images V7,train,Jeff Gunn,CC BY 2.0,https://www.flickr.com/photos/jeffgunn/7708097632
oi_5c6ea66e78241905.jpg,Open Images V7,val,Karen Roe,CC BY 2.0,https://www.flickr.com/photos/karen_roe/13388000714
oi_5c743ec06dd4fd02.jpg,Open Images V7,val,Brian Gratwicke,CC BY 2.0,https://www.flickr.com/photos/briangratwicke/5110306061
oi_5c7badb9f10e645b.jpg,Open Images V7,train,Ingrid Taylar,CC BY 2.0,https://www.flickr.com/photos/taylar/14370506752
oi_5c8b99a55de0ce36.jpg,Open Images V7,train,Department of Conservation,CC BY 2.0,https://www.flickr.com/photos/docnz/5855717824
oi_5c8e3bca17f018eb.jpg,Open Images V7,train,Andy Burgess,CC BY 2.0,https://www.flickr.com/photos/asburgess/16271362020
oi_5c987548a51d7fd1.jpg,Open Images V7,train,Renee V,CC BY 2.0,https://www.flickr.com/photos/reneeviehmann/1801548275
oi_5c99d282c4cc0e32.jpg,Open Images V7,train,Karyn Christner,CC BY 2.0,https://www.flickr.com/photos/toofarnorth/4173026389
oi_5c9da858cbd79bd6.jpg,Open Images V7,train,Christopher Michel,CC BY 2.0,https://www.flickr.com/photos/cmichel67/11278910216
oi_5c9e9a929cf72c1e.jpg,Open Images V7,train,abdallahh,CC BY 2.0,https://www.flickr.com/photos/husseinabdallah/3913231035
oi_5c9f971cc1f93e85.jpg,Open Images V7,val,Jim G,CC BY 2.0,https://www.flickr.com/photos/jimg944/5993749953
oi_5ca0eb7ec52f72ad.jpg,Open Images V7,train,IU Center for the Integrative Study of Animal Behavior,CC BY 2.0,https://www.flickr.com/photos/96431046@N05/9054095734/
oi_5cb2e30508ccb943.jpg,Open Images V7,train,Becks,CC BY 2.0,https://www.flickr.com/photos/littlemisspurps/15098732596/
oi_5cb4c97368c786c3.jpg,Open Images V7,train,Becky Wetherington,CC BY 2.0,https://www.flickr.com/photos/macbeck/3935301457/
oi_5cc33103845e5519.jpg,Open Images V7,train,Christopher Michel,CC BY 2.0,https://www.flickr.com/photos/cmichel67/18009311723
oi_5ccca328c22e984f.jpg,Open Images V7,train,Zhi Yong Lee,CC BY 2.0,https://www.flickr.com/photos/zh1yong/140775198
oi_5cd72e536d0393fc.jpg,Open Images V7,val,Jared,CC BY 2.0,https://www.flickr.com/photos/jared422/7951158488
oi_5cd7b15530fc648b.jpg,Open Images V7,train,Khor Harn Sheng,CC BY 2.0,https://www.flickr.com/photos/harnsheng/9133178760
oi_5cdc3636c13c7a1a.jpg,Open Images V7,train,Makuahine Pa&#x27;i Ki&#x27;i,CC BY 2.0,https://www.flickr.com/photos/hawaii-mcgraths/571249667
oi_5cddac8f908233e3.jpg,Open Images V7,train,Joonas Plaan,CC BY 2.0,https://www.flickr.com/photos/masterplaan/2944337890
oi_5ce29739ba5067a3.jpg,Open Images V7,test,dierk schaefer,CC BY 2.0,https://www.flickr.com/photos/dierkschaefer/2498252547
oi_5ce55c32c4adc606.jpg,Open Images V7,val,bobistraveling,CC BY 2.0,https://www.flickr.com/photos/bobistraveling/4474152977
oi_5cf5a48309509aaf.jpg,Open Images V7,train,Jer Thorp,CC BY 2.0,https://www.flickr.com/photos/blprnt/14800563803
oi_5cfcb7a716a0c16a.jpg,Open Images V7,train,Ian Bruce,CC BY 2.0,https://www.flickr.com/photos/ianbruce/6659840871
oi_5d1d7b4db3f5048d.jpg,Open Images V7,train,Blondinrikard Fröberg,CC BY 2.0,https://www.flickr.com/photos/blondinrikard/14365604629
oi_5d2c242f9cbf10a6.jpg,Open Images V7,train,David,CC BY 2.0,https://www.flickr.com/photos/davidw/2307207432
oi_5d2c3662a23d3e64.jpg,Open Images V7,train,prilfish,CC BY 2.0,https://www.flickr.com/photos/silkebaron/297240842
oi_5d36d41b49f70b6c.jpg,Open Images V7,train,Stig Nygaard,CC BY 2.0,https://www.flickr.com/photos/stignygaard/486799222
oi_5d4342331ea31577.jpg,Open Images V7,train,The_Gut,CC BY 2.0,https://www.flickr.com/photos/frogbelly/511664977
oi_5d4879667e2116cb.jpg,Open Images V7,train,Qfamily,CC BY 2.0,https://www.flickr.com/photos/dasqfamily/13965909199
oi_5d4dcf33d56ebd0a.jpg,Open Images V7,val,Elias Levy,CC BY 2.0,https://www.flickr.com/photos/elevy/14914328231
oi_5d4fe37b690564fe.jpg,Open Images V7,train,Patrick Feller,CC BY 2.0,https://www.flickr.com/photos/nakrnsm/3443319974
oi_5d56be935aa495ae.jpg,Open Images V7,train,Miguel Vieira,CC BY 2.0,https://www.flickr.com/photos/miguelvieira/5220318434
oi_5d65d0950d4e8e4a.jpg,Open Images V7,train,LASZLO ILYES,CC BY 2.0,https://www.flickr.com/photos/laszlo-photo/8457803488
oi_5d67575e3fd6016e.jpg,Open Images V7,test,Justin Ennis,CC BY 2.0,https://www.flickr.com/photos/averain/3378019800
oi_5d6b6f5150e7ccb9.jpg,Open Images V7,train,Pedro Cambra,CC BY 2.0,https://www.flickr.com/photos/pcambra/4847154659
oi_5d7500ced187ebf5.jpg,Open Images V7,train,yeowatzup,CC BY 2.0,https://www.flickr.com/photos/yeowatzup/2820826155
oi_5d822dc1a3406654.jpg,Open Images V7,train,Tom Verre,CC BY 2.0,https://www.flickr.com/photos/bluelinden/2800780662
oi_5d873c773571a6a6.jpg,Open Images V7,val,Mikko Koponen,CC BY 2.0,https://www.flickr.com/photos/mtkopone/4190944534
oi_5d8ec38255dfd7ab.jpg,Open Images V7,train,benketaro,CC BY 2.0,https://www.flickr.com/photos/misskei/4289100535
oi_5d91279710038dad.jpg,Open Images V7,train,Danny Denhard,CC BY 2.0,https://www.flickr.com/photos/dannydenhard/9017558415
oi_5d9c45b894f7fc22.jpg,Open Images V7,train,Cliff,CC BY 2.0,https://www.flickr.com/photos/nostri-imago/2884397658
oi_5da9d4d961d8804e.jpg,Open Images V7,train,Lakshmi Sawitri,CC BY 2.0,https://www.flickr.com/photos/elsaw/16422723120
oi_5daaef33359cc136.jpg,Open Images V7,train,jimmyweee,CC BY 2.0,https://www.flickr.com/photos/jimmyg/183138174
oi_5daf8cca51a9d717.jpg,Open Images V7,train,Sharon Mollerus,CC BY 2.0,https://www.flickr.com/photos/clairity/3479410683
oi_5dc0611640be944e.jpg,Open Images V7,train,NOAA Photo Library,CC BY 2.0,https://www.flickr.com/photos/noaaphotolib/5188103640
oi_5dc43647f229c5c1.jpg,Open Images V7,train,Christopher Michel,CC BY 2.0,https://www.flickr.com/photos/cmichel67/3733730328/
oi_5de66f75bf961685.jpg,Open Images V7,train,Allan Ascaño,CC BY 2.0,https://www.flickr.com/photos/allan_the_colorblind/14904218289
oi_5dedcc604a30ec32.jpg,Open Images V7,val,bookfinch,CC BY 2.0,https://www.flickr.com/photos/mamsy/18786021270
oi_5df74f3106cd1a6c.jpg,Open Images V7,train,Strange Ones,CC BY 2.0,https://www.flickr.com/photos/strangeones/4442131799
oi_5df7fe2f340ff694.jpg,Open Images V7,train,Thomas Guest,CC BY 2.0,https://www.flickr.com/photos/thomasguest/3937939029
oi_5dfb240d724952c2.jpg,Open Images V7,train,Channone Arif,CC BY 2.0,https://www.flickr.com/photos/channone/15101970872
oi_5dfee62ea850f1a7.jpg,Open Images V7,test,NOAA Photo Library,CC BY 2.0,https://www.flickr.com/photos/noaaphotolib/5020403743
oi_5e07fd4dd26bd554.jpg,Open Images V7,train,John Hayes,CC BY 2.0,https://www.flickr.com/photos/32357017@N03/14925057712
oi_5e0a8354b10b850a.jpg,Open Images V7,val,merec0,CC BY 2.0,https://www.flickr.com/photos/merec0/3825726193
oi_5e0d6c636c933302.jpg,Open Images V7,test,Karen Roe,CC BY 2.0,https://www.flickr.com/photos/karen_roe/15279797202/
oi_5e1c654b1a334153.jpg,Open Images V7,train,lisa cee (Lisa Campeau),CC BY 2.0,https://www.flickr.com/photos/lisacee/13885294024
oi_5e1de9be306aa65e.jpg,Open Images V7,val,Ryan Bodenstein,CC BY 2.0,https://www.flickr.com/photos/evenkolder/16555163910/
oi_5e273bd18bda7e72.jpg,Open Images V7,train,foshie,CC BY 2.0,https://www.flickr.com/photos/foshie/3442995678
oi_5e2cc69140d7529d.jpg,Open Images V7,train,Makuahine Pa&#x27;i Ki&#x27;i,CC BY 2.0,https://www.flickr.com/photos/hawaii-mcgraths/16381474164/
oi_5e41b2a15171541a.jpg,Open Images V7,train,Charles Nadeau,CC BY 2.0,https://www.flickr.com/photos/chucknado/5530954006
oi_5e5c391e29173eb1.jpg,Open Images V7,train,Philippe Guillaume,CC BY 2.0,https://www.flickr.com/photos/philippeguillaume/3933249101
oi_5e654ae430af5812.jpg,Open Images V7,train,Photographe Autodidacte.,CC BY 2.0,https://www.flickr.com/photos/olivierbain/14436037869
oi_5e6a6a54258aa2c5.jpg,Open Images V7,train,fanghopper,CC BY 2.0,https://www.flickr.com/photos/rabbitwench/6991323415
oi_5e7f12d411eafb4f.jpg,Open Images V7,val,Joshua Ganderson,CC BY 2.0,https://www.flickr.com/photos/jganderson/8088745352
oi_5e864df3a7e905da.jpg,Open Images V7,val,Jérémi Joslin,CC BY 2.0,https://www.flickr.com/photos/jeremi/4054684667
oi_5e90bd8ce39348d3.jpg,Open Images V7,train,Dimitris Siskopoulos,CC BY 2.0,https://www.flickr.com/photos/dimsis/7427482266
oi_5e97176c94b1254e.jpg,Open Images V7,train,Mark Ehr,CC BY 2.0,https://www.flickr.com/photos/markehr/2819646757
oi_5ea1038bd828dc78.jpg,Open Images V7,val,Yasuyuki HIRATA,CC BY 2.0,https://www.flickr.com/photos/hirata_yasuyuki/10510434644
oi_5eba4e1236940b0b.jpg,Open Images V7,val,www.GlynLowe.com,CC BY 2.0,https://www.flickr.com/photos/glynlowe/7697272034
oi_5ebb13f986bf61ab.jpg,Open Images V7,test,Steve Fishman,CC BY 2.0,https://www.flickr.com/photos/onefish2/3157785382
oi_5ed51e6a54ca8258.jpg,Open Images V7,train,Sylvia Westenbroek,CC BY 2.0,https://www.flickr.com/photos/sylviawestenbroek/273246059
oi_5ed58603cb497998.jpg,Open Images V7,train,jomilo75,CC BY 2.0,https://www.flickr.com/photos/jomilo75/513701767
oi_5ed67b9fbcd14461.jpg,Open Images V7,train,Nicola Sfondrini,CC BY 2.0,https://www.flickr.com/photos/sfondrininicola/4676784156
oi_5ed74b70dd70fe9a.jpg,Open Images V7,train,MarinoCarlos,CC BY 2.0,https://www.flickr.com/photos/marino/229330629
oi_5eebace27922b2cf.jpg,Open Images V7,train,daveiam,CC BY 2.0,https://www.flickr.com/photos/daveiam/2712309640
oi_5f084636ed331782.jpg,Open Images V7,train,Roberto Vázquez González,CC BY 2.0,https://www.flickr.com/photos/robertovg24/14106865295
oi_5f114270f656de74.jpg,Open Images V7,val,Magnus Bråth,CC BY 2.0,https://www.flickr.com/photos/magnusbrath/5446692842
oi_5f1df9b2dd8263ee.jpg,Open Images V7,train,Damien du Toit,CC BY 2.0,https://www.flickr.com/photos/coda/34434356
oi_5f210acbd279a14a.jpg,Open Images V7,test,Ratha Grimes,CC BY 2.0,https://www.flickr.com/photos/ratha/18766521296
oi_5f262a006daae97c.jpg,Open Images V7,train,Joel Kramer,CC BY 2.0,https://www.flickr.com/photos/75001512@N00/4228968043
oi_5f26dd899d704257.jpg,Open Images V7,train,Michael Bentley,CC BY 2.0,https://www.flickr.com/photos/donhomer/14987191588
oi_5f28239e7babda92.jpg,Open Images V7,train,Guilhem Vellut,CC BY 2.0,https://www.flickr.com/photos/o_0/9350865309
oi_5f3af2eb94913456.jpg,Open Images V7,train,James Preston,CC BY 2.0,https://www.flickr.com/photos/jamespreston/88910021
oi_5f47054c457e4db4.jpg,Open Images V7,test,Faris Algosaibi,CC BY 2.0,https://www.flickr.com/photos/siraf72/11565580215
oi_5f49608444076a71.jpg,Open Images V7,val,tata_aka_T,CC BY 2.0,https://www.flickr.com/photos/12453467@N00/949987846
oi_5f49e16a6d05c225.jpg,Open Images V7,train,tata_aka_T,CC BY 2.0,https://www.flickr.com/photos/12453467@N00/3816992466
oi_5f4a85f3916d9150.jpg,Open Images V7,val,Brian Gratwicke,CC BY 2.0,https://www.flickr.com/photos/briangratwicke/4396370676
oi_5f4dec228dc19fd0.jpg,Open Images V7,train,Jean,CC BY 2.0,https://www.flickr.com/photos/7326810@N08/3565192888
oi_5f58e0a42f750e12.jpg,Open Images V7,train,Michael Nordine,CC BY 2.0,https://www.flickr.com/photos/planofthebrachialplexus/328668474
oi_5f5a7508c6016485.jpg,Open Images V7,train,claumoho,CC BY 2.0,https://www.flickr.com/photos/claudiah/5012832799
oi_5f8d4b19dedb9964.jpg,Open Images V7,train,ajari,CC BY 2.0,https://www.flickr.com/photos/ajari/5078286466/
oi_5f9065d1c440a0cb.jpg,Open Images V7,train,Michael Button,CC BY 2.0,https://www.flickr.com/photos/michaeljohnbutton/7321762504
oi_5fa11223c5be51e2.jpg,Open Images V7,train,James St. John,CC BY 2.0,https://www.flickr.com/photos/jsjgeology/15533839933
oi_5fb25c62d837afed.jpg,Open Images V7,train,Laurent Lebois ©,CC BY 2.0,https://www.flickr.com/photos/cheloran/3104522510
oi_5fdb986f231ca565.jpg,Open Images V7,train,Brendan Adkins,CC BY 2.0,https://www.flickr.com/photos/brendanadkins/8533429916
oi_5fe84709ed034255.jpg,Open Images V7,train,Ines Hegedus-Garcia,CC BY 2.0,https://www.flickr.com/photos/miamism/5952617283
oi_5ff6ece4a6819c93.jpg,Open Images V7,train,Robynlou Kavanagh,CC BY 2.0,https://www.flickr.com/photos/robynlou8/5952959684/
oi_5ffe13b42abf6b55.jpg,Open Images V7,train,Brian Gratwicke,CC BY 2.0,https://www.flickr.com/photos/briangratwicke/5624429085
oi_6004f0eccb0a5f6b.jpg,Open Images V7,val,Nico Kaiser,CC BY 2.0,https://www.flickr.com/photos/nicokaiser/6935686342
oi_602402ea16eab9f8.jpg,Open Images V7,train,i- saint,CC BY 2.0,https://www.flickr.com/photos/i-saint/2397886317
oi_603694d50c0d49d3.jpg,Open Images V7,val,yoppy,CC BY 2.0,https://www.flickr.com/photos/spilt-milk/2810199159
oi_604425e391dfc81e.jpg,Open Images V7,train,NOAA Photo Library,CC BY 2.0,https://www.flickr.com/photos/noaaphotolib/5014587881
oi_6044ad3cdda033e9.jpg,Open Images V7,val,Nathaniel Homier,CC BY 2.0,https://www.flickr.com/photos/purple_mecha/4139508175
oi_60555b139c7a2330.jpg,Open Images V7,train,Jason Riedy,CC BY 2.0,https://www.flickr.com/photos/jason-riedy/15611734813
oi_605845d280d95da9.jpg,Open Images V7,val,Jerry,CC BY 2.0,https://www.flickr.com/photos/gorefiendus/2759495370
oi_6086e4a08374180a.jpg,Open Images V7,train,Kentaro Ohno,CC BY 2.0,https://www.flickr.com/photos/inucara/4472095097
oi_6087dd6696d88265.jpg,Open Images V7,test,Frank Kovalchek,CC BY 2.0,https://www.flickr.com/photos/72213316@N00/2488172545
oi_609fb334c60d53b5.jpg,Open Images V7,train,Philippe AMIOT,CC BY 2.0,https://www.flickr.com/photos/philippeamiot/18196911468
oi_60a3a338c2f9c835.jpg,Open Images V7,train,Ian Griffiths,CC BY 2.0,https://www.flickr.com/photos/bladeflyer/53258690
oi_60b2952b8535c4b2.jpg,Open Images V7,train,Frontierofficial,CC BY 2.0,https://www.flickr.com/photos/frontierofficial/8019497575
oi_60bbf84dc01d4835.jpg,Open Images V7,train,Jade Craven,CC BY 2.0,https://www.flickr.com/photos/cravenjade/15928406752
oi_60c73ede6d1b6b17.jpg,Open Images V7,train,Brenton Rogers,CC BY 2.0,https://www.flickr.com/photos/bmac12/8746067374
oi_60c83a82141a9626.jpg,Open Images V7,train,prilfish,CC BY 2.0,https://www.flickr.com/photos/silkebaron/8371462316
oi_60cc91ada04b3eef.jpg,Open Images V7,test,sling@flickr,CC BY 2.0,https://www.flickr.com/photos/sling_flickr/338236449
oi_60e6954ec915a60f.jpg,Open Images V7,train,Guilhem Vellut,CC BY 2.0,https://www.flickr.com/photos/o_0/16753620147
oi_60ec980bd66446e9.jpg,Open Images V7,train,JSilver,CC BY 2.0,https://www.flickr.com/photos/33495997@N00/402677817/
oi_60f95b08af1435dc.jpg,Open Images V7,train,Jeremy Thompson,CC BY 2.0,https://www.flickr.com/photos/rollercoasterphilosophy/17175516180
oi_60fe129efdf62dfa.jpg,Open Images V7,val,Ethan Ableman,CC BY 2.0,https://www.flickr.com/photos/ethansphotosarecool/4923623521
oi_6108686ed5e5fe09.jpg,Open Images V7,test,dom fellowes,CC BY 2.0,https://www.flickr.com/photos/domfell/15722664569
oi_61118ed26161efcf.jpg,Open Images V7,train,NOAA Photo Library,CC BY 2.0,https://www.flickr.com/photos/noaaphotolib/9734515053
oi_611df83986d2d52d.jpg,Open Images V7,train,Brian Gratwicke,CC BY 2.0,https://www.flickr.com/photos/briangratwicke/4785265932
oi_61246ecf51e1c6c5.jpg,Open Images V7,train,Alan Levine,CC BY 2.0,https://www.flickr.com/photos/cogdog/5341944083
oi_612d5a430a220836.jpg,Open Images V7,train,Derek Keats,CC BY 2.0,https://www.flickr.com/photos/dkeats/6215442556
oi_6131d11f1fab2d4a.jpg,Open Images V7,train,Mike Baird,CC BY 2.0,https://www.flickr.com/photos/mikebaird/6764282237
oi_613367c7ead38d2a.jpg,Open Images V7,train,Amit Chattopadhyay,CC BY 2.0,https://www.flickr.com/photos/amitchat/362493119
oi_613b1b50e4115030.jpg,Open Images V7,train,NOAA Photo Library,CC BY 2.0,https://www.flickr.com/photos/noaaphotolib/9734219682
oi_615872fefd0151a0.jpg,Open Images V7,train,Scheihing Edgardo,CC BY 2.0,https://www.flickr.com/photos/pirane/4869491105/
oi_6160d9408ed670fb.jpg,Open Images V7,train,City.and.Color,CC BY 2.0,https://www.flickr.com/photos/technicolourcity/10496578424
oi_616e6729a51ae3be.jpg,Open Images V7,train,Paul Krawczuk,CC BY 2.0,https://www.flickr.com/photos/krawczuk/9322995343
oi_6174d2e1d0f299ae.jpg,Open Images V7,train,Karen,CC BY 2.0,https://www.flickr.com/photos/56832361@N00/2315001905/
oi_6177d39c9e62e511.jpg,Open Images V7,train,Dimitris Siskopoulos,CC BY 2.0,https://www.flickr.com/photos/dimsis/7190370495
oi_61868b4fe1d1ef7f.jpg,Open Images V7,train,DGriebeling,CC BY 2.0,https://www.flickr.com/photos/dgriebeling/5565328893
oi_61883532d959d2d2.jpg,Open Images V7,train,MindsEye_PJ,CC BY 2.0,https://www.flickr.com/photos/mindseye_pj/7879159818
oi_618c232b60fe73f3.jpg,Open Images V7,train,Japan MMA,CC BY 2.0,https://www.flickr.com/photos/japanmma/15517146358/
oi_618e299fa1f476e0.jpg,Open Images V7,train,U.S. Naval Forces Central Command/U.S. Fifth Fleet,CC BY 2.0,https://www.flickr.com/photos/navcent/15530694780
oi_61a6a8f51c309005.jpg,Open Images V7,train,Manele R.,CC BY 2.0,https://www.flickr.com/photos/96482489@N06/16943537120
oi_61a733a228c1b489.jpg,Open Images V7,train,Ben Salter,CC BY 2.0,https://www.flickr.com/photos/ben_salter/2121087274
oi_61b0469619ed2595.jpg,Open Images V7,train,ByodoinPilgrim,CC BY 2.0,https://www.flickr.com/photos/byodoinpilgrim/4473306878
oi_61c02110eb85081f.jpg,Open Images V7,train,Henry Zbyszynski,CC BY 2.0,https://www.flickr.com/photos/hankzby/18280988344
oi_61d757381072b3af.jpg,Open Images V7,train,André Luís,CC BY 2.0,https://www.flickr.com/photos/andr3/5818882085
oi_61d80da8ecc8c641.jpg,Open Images V7,train,"Jim, the Photographer",CC BY 2.0,https://www.flickr.com/photos/jcapaldi/6656428691
oi_61de72d1d48092ae.jpg,Open Images V7,train,Kipp Jones,CC BY 2.0,https://www.flickr.com/photos/kippster/15112917595/
oi_61e63eb181f4aeea.jpg,Open Images V7,val,Lelê Breveglieri,CC BY 2.0,https://www.flickr.com/photos/leleuzis/5486755469
oi_61f4bb8cac282826.jpg,Open Images V7,train,Lana_aka_BADGRL,CC BY 2.0,https://www.flickr.com/photos/lanacar/1368405311
oi_620155151df60642.jpg,Open Images V7,train,Gyda Björg Elíasdóttir,CC BY 2.0,https://www.flickr.com/photos/10925100@N07/9626753212
oi_6218a21e08a6ba18.jpg,Open Images V7,train,Marieke IJsendoorn-Kuijpers,CC BY 2.0,https://www.flickr.com/photos/mape_s/349355716
oi_621c7cc87983e96a.jpg,Open Images V7,train,Mathieu Plourde,CC BY 2.0,https://www.flickr.com/photos/mathplourde/4533029880
oi_622abe2ed907a5b1.jpg,Open Images V7,train,Steve Childs,CC BY 2.0,https://www.flickr.com/photos/steve_childs/2649904066
oi_6233c599a06171d3.jpg,Open Images V7,train,claumoho,CC BY 2.0,https://www.flickr.com/photos/claudiah/5012485046
oi_6239f73f5c02a11a.jpg,Open Images V7,train,Walter Lim,CC BY 2.0,https://www.flickr.com/photos/coolinsights/5642827905
oi_623bc2244c759bd9.jpg,Open Images V7,val,Brian Norwood,CC BY 2.0,https://www.flickr.com/photos/bnorwood/3483434046
oi_62409c8d7a14d417.jpg,Open Images V7,val,Daniella Vereeken,CC BY 2.0,https://www.flickr.com/photos/betta-online/1544851548
oi_624296814328efb3.jpg,Open Images V7,train,Teddy Llovet,CC BY 2.0,https://www.flickr.com/photos/teddyllovet/2469513095/
oi_6244b413ede46633.jpg,Open Images V7,train,NBphotostream,CC BY 2.0,https://www.flickr.com/photos/barmans/1122000793
oi_625af271f42c82e3.jpg,Open Images V7,val,Jean,CC BY 2.0,https://www.flickr.com/photos/7326810@N08/2298926613/
oi_625b0dfb1b6c63ad.jpg,Open Images V7,train,Daniella Vereeken,CC BY 2.0,https://www.flickr.com/photos/betta-online/1560882186
oi_626ffdd3ecefce73.jpg,Open Images V7,train,Jim G,CC BY 2.0,https://www.flickr.com/photos/jimg944/7066354095
oi_62709e1ae6377b4e.jpg,Open Images V7,train,Alonso Javier Torres,CC BY 2.0,https://www.flickr.com/photos/alotor/3818325754
oi_6276fcd1ccec34b6.jpg,Open Images V7,train,woodleywonderworks,CC BY 2.0,https://www.flickr.com/photos/wwworks/4243381220/
oi_627a2f417b545ce5.jpg,Open Images V7,train,Tregde Ferie,CC BY 2.0,https://www.flickr.com/photos/tregde/15368962379
oi_628eed5f73788106.jpg,Open Images V7,val,Marcel &quot;MadJo&quot; de Jong,CC BY 2.0,https://www.flickr.com/photos/madjo/8755712962
oi_628f267c7d94972c.jpg,Open Images V7,train,William Warby,CC BY 2.0,https://www.flickr.com/photos/wwarby/8190499685
oi_6296c6102f327131.jpg,Open Images V7,train,Jerry Kirkhart,CC BY 2.0,https://www.flickr.com/photos/jkirkhart35/12671726784
oi_62a6d7a33cdcf186.jpg,Open Images V7,val,Makuahine Pa&#x27;i Ki&#x27;i,CC BY 2.0,https://www.flickr.com/photos/hawaii-mcgraths/9572888065
oi_62ad1f219cb2154c.jpg,Open Images V7,test,Wildcat Dunny,CC BY 2.0,https://www.flickr.com/photos/wildcat_dunny/560445208
oi_62b2ca4bfd0a8a2f.jpg,Open Images V7,train,Ethan Ableman,CC BY 2.0,https://www.flickr.com/photos/ethansphotosarecool/3685681206
oi_62b438c4f1f24c79.jpg,Open Images V7,train,Mike Riela,CC BY 2.0,https://www.flickr.com/photos/mikeriela/7616759274
oi_62b67813d5dd101c.jpg,Open Images V7,train,Mike Baird,CC BY 2.0,https://www.flickr.com/photos/mikebaird/1353490604
oi_62cd43381e2e4695.jpg,Open Images V7,train,Anson NG,CC BY 2.0,https://www.flickr.com/photos/130698645@N05/16098240598
oi_62d08eab2428f3dc.jpg,Open Images V7,train,Leni Kummel,CC BY 2.0,https://www.flickr.com/photos/48404521@N04/4463935045
oi_62e3059f5dea20bd.jpg,Open Images V7,test,Christopher Patterson,CC BY 2.0,https://www.flickr.com/photos/azchristopher/122952093
oi_62f4173743ea8fbb.jpg,Open Images V7,val,Anna  Barnett,CC BY 2.0,https://www.flickr.com/photos/anna-barnett/4416635004
oi_62fbf9ee56571a6c.jpg,Open Images V7,val,Fraser Cairns,CC BY 2.0,https://www.flickr.com/photos/catsncarp/1355034921
oi_62fe93cb1c608ff7.jpg,Open Images V7,train,Rojer,CC BY 2.0,https://www.flickr.com/photos/rojer/4884823771
oi_62ff1eb0c626196f.jpg,Open Images V7,test,Kathy,CC BY 2.0,https://www.flickr.com/photos/44603071@N00/7008900883
oi_630e0bf219a76eb6.jpg,Open Images V7,test,David Lisbona,CC BY 2.0,https://www.flickr.com/photos/dlisbona/147522960
oi_6312f63658132d73.jpg,Open Images V7,train,Ivan Bandura,CC BY 2.0,https://www.flickr.com/photos/mac_ivan/8560952121
oi_631af7844204a295.jpg,Open Images V7,test,Andrew Hosegood,CC BY 2.0,https://www.flickr.com/photos/30641500@N07/4438939158
oi_63227454dfcd4f86.jpg,Open Images V7,test,ByodoinPilgrim,CC BY 2.0,https://www.flickr.com/photos/byodoinpilgrim/4472521885
oi_6357577b0525481a.jpg,Open Images V7,train,thirteenthbat,CC BY 2.0,https://www.flickr.com/photos/awarmplace/3508325481
oi_635dd2f985c87541.jpg,Open Images V7,train,Michael Himbeault,CC BY 2.0,https://www.flickr.com/photos/riebart/5913359339/
oi_636a28446221e9c9.jpg,Open Images V7,test,agnes gautier,CC BY 2.0,https://www.flickr.com/photos/agnesgtr/919981045
oi_636a7536939ceb76.jpg,Open Images V7,val,Drew Avery,CC BY 2.0,https://www.flickr.com/photos/33590535@N06/4101206449
oi_63708cdd655e37b7.jpg,Open Images V7,train,Jim G,CC BY 2.0,https://www.flickr.com/photos/jimg944/5513374429
oi_637ca42b516dfbbe.jpg,Open Images V7,train,gordon.milligan,CC BY 2.0,https://www.flickr.com/photos/el-milligano/14943883918
oi_638f45ab0a61370b.jpg,Open Images V7,train,Pete Simon,CC BY 2.0,https://www.flickr.com/photos/petesimon/4289005621
oi_639c6d234534596f.jpg,Open Images V7,train,Christopher Michel,CC BY 2.0,https://www.flickr.com/photos/cmichel67/12548393113
oi_63a3565d025cf41a.jpg,Open Images V7,val,Rebecca Selah,CC BY 2.0,https://www.flickr.com/photos/rebeccaselah/8177445585
oi_63c0de7a85dda01b.jpg,Open Images V7,train,Steenbergs,CC BY 2.0,https://www.flickr.com/photos/steenbergs/5990566827
oi_63c614b45b5bd4cb.jpg,Open Images V7,train,Ali from Riyadh : ),CC BY 2.0,https://www.flickr.com/photos/rainsong/15660872203
oi_63c69de2c899328e.jpg,Open Images V7,train,chadh,CC BY 2.0,https://www.flickr.com/photos/chadh-flickr/277046953
oi_63c93fafaf9d1eb7.jpg,Open Images V7,train,Tom Booth,CC BY 2.0,https://www.flickr.com/photos/tombooth/405498447/
oi_63cd8bb5b8d17d3d.jpg,Open Images V7,train,Jayvee Fernandez,CC BY 2.0,https://www.flickr.com/photos/jayvee/5635039872
oi_63cfe1343073d203.jpg,Open Images V7,train,Christian Heilmann,CC BY 2.0,https://www.flickr.com/photos/codepo8/4448387904
oi_63e00c3ab8851ccb.jpg,Open Images V7,val,LASZLO ILYES,CC BY 2.0,https://www.flickr.com/photos/laszlo-photo/2062180007
oi_63f9e8d433a5b87a.jpg,Open Images V7,train,Wakako Mukohata,CC BY 2.0,https://www.flickr.com/photos/mumuzule/6992373133
oi_640148a349b05427.jpg,Open Images V7,val,Justin Baeder,CC BY 2.0,https://www.flickr.com/photos/justinbaeder/187828985
oi_6405543b6ed01897.jpg,Open Images V7,train,Frontierofficial,CC BY 2.0,https://www.flickr.com/photos/frontierofficial/10082627096
oi_641586f17ea09371.jpg,Open Images V7,test,Plamen Dragozov,CC BY 2.0,https://www.flickr.com/photos/dragozov/16165989241
oi_641a6bc1412b4040.jpg,Open Images V7,train,Ines Hegedus-Garcia,CC BY 2.0,https://www.flickr.com/photos/miamism/3900062599
oi_641e6a3cae00695c.jpg,Open Images V7,val,Ben Didier,CC BY 2.0,https://www.flickr.com/photos/prettyuglydesign/144115210
oi_64201f48c32493cd.jpg,Open Images V7,train,Abulic Monkey,CC BY 2.0,https://www.flickr.com/photos/abulic_monkey/3015372271
oi_642e939205044872.jpg,Open Images V7,test,prilfish,CC BY 2.0,https://www.flickr.com/photos/silkebaron/3779675171
oi_64307bce14b9bfb7.jpg,Open Images V7,test,Department of Environment &amp; Primary Industries,CC BY 2.0,https://www.flickr.com/photos/dsevictoria/4726887450
oi_6449eb1fb346d57e.jpg,Open Images V7,test,Dee Ashley,CC BY 2.0,https://www.flickr.com/photos/dionnehartnett/5049132001
oi_645c17e809f9f39a.jpg,Open Images V7,test,Trish Hartmann,CC BY 2.0,https://www.flickr.com/photos/21078769@N00/11419428035
oi_646231ef7d7a3092.jpg,Open Images V7,train,FWC Fish and Wildlife Research Institute,CC BY 2.0,https://www.flickr.com/photos/myfwc/11671437816
oi_64906bc77a51baea.jpg,Open Images V7,train,Phil Long,CC BY 2.0,https://www.flickr.com/photos/skyfire/4497082594
oi_64999f17e3833941.jpg,Open Images V7,train,Mike Fisher,CC BY 2.0,https://www.flickr.com/photos/bfs_man/5463895080
oi_64a66f708c4a0bf8.jpg,Open Images V7,train,Ed Bierman,CC BY 2.0,https://www.flickr.com/photos/edbierman/15083778855
oi_64c3b0ffa6c4ef90.jpg,Open Images V7,train,lam_chihang,CC BY 2.0,https://www.flickr.com/photos/lam_chihang/15372446411
oi_64c6fb0bb034313f.jpg,Open Images V7,train,Paul Hudson,CC BY 2.0,https://www.flickr.com/photos/pahudson/8576596222
oi_64cf9dca05d62f2c.jpg,Open Images V7,train,Ratha Grimes,CC BY 2.0,https://www.flickr.com/photos/ratha/16944893262
oi_64e40604a48b8081.jpg,Open Images V7,test,Christopher Michel,CC BY 2.0,https://www.flickr.com/photos/cmichel67/16238835137
oi_64e8bcd8183c8919.jpg,Open Images V7,train,David Siu,CC BY 2.0,https://www.flickr.com/photos/dwysiu/5101681144
oi_64f3b811d5417dc8.jpg,Open Images V7,train,flightlog,CC BY 2.0,https://www.flickr.com/photos/flightlog/5943593804
oi_64f813ae7d87ad41.jpg,Open Images V7,train,Christopher Michel,CC BY 2.0,https://www.flickr.com/photos/cmichel67/39985004/in/photostream/
oi_65089bc03bb9bf94.jpg,Open Images V7,train,Bob Peterson,CC BY 2.0,https://www.flickr.com/photos/pondapple/16947132069/
oi_650937da7d84a325.jpg,Open Images V7,val,Hugo A. Quintero G.,CC BY 2.0,https://www.flickr.com/photos/haquintero/5112468955
oi_651566137658448b.jpg,Open Images V7,val,Ruth Hartnup,CC BY 2.0,https://www.flickr.com/photos/ruthanddave/9356130212
oi_652652ceef7ee427.jpg,Open Images V7,train,Milton Jung,CC BY 2.0,https://www.flickr.com/photos/cbnsp/8223878301
oi_6534ae19621f6315.jpg,Open Images V7,train,Riaz Kanani,CC BY 2.0,https://www.flickr.com/photos/razorshine/4326236836
oi_6537ba629eff5f81.jpg,Open Images V7,val,Steven Depolo,CC BY 2.0,https://www.flickr.com/photos/stevendepolo/4324580698
oi_6538528de85fc896.jpg,Open Images V7,test,LASZLO ILYES,CC BY 2.0,https://www.flickr.com/photos/laszlo-photo/8359101798
oi_655c1bf161e9c78e.jpg,Open Images V7,train,sabianmaggy,CC BY 2.0,https://www.flickr.com/photos/40765798@N00/429188518
oi_65700ebae797c901.jpg,Open Images V7,val,華氏103,CC BY 2.0,https://www.flickr.com/photos/100sen/2710323008
oi_6573b1bfb9563ba4.jpg,Open Images V7,train,Tony Hisgett,CC BY 2.0,https://www.flickr.com/photos/hisgett/4693046494
oi_6574119c9d842d37.jpg,Open Images V7,train,dfbm,CC BY 2.0,https://www.flickr.com/photos/fieldmuzick/16868927310
oi_657a6d26d40ed810.jpg,Open Images V7,val,Brian Gratwicke,CC BY 2.0,https://www.flickr.com/photos/briangratwicke/7108174613
oi_6584ed5c4b88aa90.jpg,Open Images V7,train,Mike Baird,CC BY 2.0,https://www.flickr.com/photos/mikebaird/4780447561
oi_658751be950b4491.jpg,Open Images V7,test,Taso Viglas,CC BY 2.0,https://www.flickr.com/photos/tasosviglas/4912896132
oi_659637e40cfbd474.jpg,Open Images V7,train,Thomas Kriese,CC BY 2.0,https://www.flickr.com/photos/thomaspix/9596470856
oi_65a0a6f501105f47.jpg,Open Images V7,train,Derek Keats,CC BY 2.0,https://www.flickr.com/photos/dkeats/6264496220
oi_65bc1fed91dfe153.jpg,Open Images V7,train,Janine,CC BY 2.0,https://www.flickr.com/photos/geishabot/2438742554
oi_65c3db646f12b71e.jpg,Open Images V7,train,Polar Cruises,CC BY 2.0,https://www.flickr.com/photos/polarphotos/4679966825
oi_65d1e28a1e6094a5.jpg,Open Images V7,train,MeRyan,CC BY 2.0,https://www.flickr.com/photos/63457916@N00/3104483246
oi_65dad93e9404e441.jpg,Open Images V7,train,Olivier Degrâce,CC BY 2.0,https://www.flickr.com/photos/21454772@N04/14658372323
oi_65edca3125fb6e69.jpg,Open Images V7,train,Vince Smith,CC BY 2.0,https://www.flickr.com/photos/vsmithuk/2890552477
oi_65f1528d3c2ef265.jpg,Open Images V7,train,Tras los Muros,CC BY 2.0,https://www.flickr.com/photos/traslosmuros/14911364295/
oi_65fd72672e63eea8.jpg,Open Images V7,test,Jared Wong,CC BY 2.0,https://www.flickr.com/photos/jaredlwong/5458909173
oi_6604e28d18745f42.jpg,Open Images V7,train,stef bemba,CC BY 2.0,https://www.flickr.com/photos/110973116@N08/14400908693
oi_661105a6ec4ca2db.jpg,Open Images V7,train,Thomas Giuretis,CC BY 2.0,https://www.flickr.com/photos/katatoniq/3002156448
oi_66185e38d2ef2418.jpg,Open Images V7,train,Luis Pérez,CC BY 2.0,https://www.flickr.com/photos/pe5pe/186677013
oi_661fe11390837406.jpg,Open Images V7,train,bettyx1138,CC BY 2.0,https://www.flickr.com/photos/bettyx1138/336715848
oi_66328a25498de03c.jpg,Open Images V7,train,David J,CC BY 2.0,https://www.flickr.com/photos/sebilden/3797375841
oi_663c02a274b342bb.jpg,Open Images V7,train,belgianchocolate,CC BY 2.0,https://www.flickr.com/photos/frank-wouters/21686658
oi_6643d7fecb4b390e.jpg,Open Images V7,train,Florida Keys--Public Libraries,CC BY 2.0,https://www.flickr.com/photos/keyslibraries/16698176230
oi_6644e5c9b201aed2.jpg,Open Images V7,train,Lyn Gateley,CC BY 2.0,https://www.flickr.com/photos/lyng883/3649441938
oi_664577d96d667962.jpg,Open Images V7,train,Chris Williamson,CC BY 2.0,https://www.flickr.com/photos/chriswsn/3758876551
oi_664ad97963c8acdf.jpg,Open Images V7,train,Sarah Stewart,CC BY 2.0,https://www.flickr.com/photos/sarahmstewart/2128544372
oi_665b5616fe53bf2b.jpg,Open Images V7,train,Michael Pereckas,CC BY 2.0,https://www.flickr.com/photos/beigephotos/2237407247
oi_66632d51b02631b2.jpg,Open Images V7,train,Thomas Kriese,CC BY 2.0,https://www.flickr.com/photos/thomaspix/15132809675
oi_66677d13d9b0f14b.jpg,Open Images V7,train,raider of gin,CC BY 2.0,https://www.flickr.com/photos/fairerdingo/15716616238
oi_666babd5ba854924.jpg,Open Images V7,train,Alicja,CC BY 2.0,https://www.flickr.com/photos/alicjap/6534321605
oi_667024ef27e63800.jpg,Open Images V7,train,Alexander Solovyov,CC BY 2.0,https://www.flickr.com/photos/asolovyov/13132096984
oi_667c7da06cc491e6.jpg,Open Images V7,test,NOAA Photo Library,CC BY 2.0,https://www.flickr.com/photos/noaaphotolib/5021014270
oi_668c76283d55e2f0.jpg,Open Images V7,val,Javier Lastras,CC BY 2.0,https://www.flickr.com/photos/jlastras/2761062722
oi_66968976d6419df1.jpg,Open Images V7,train,Christopher Michel,CC BY 2.0,https://www.flickr.com/photos/cmichel67/19584432452
oi_66980326cdce456a.jpg,Open Images V7,train,Allan Donque,CC BY 2.0,https://www.flickr.com/photos/allandonque/8616376230
oi_66a13f7601667922.jpg,Open Images V7,test,Tammy Lo,CC BY 2.0,https://www.flickr.com/photos/tammylo/8027944894
oi_66a2745b2da389bb.jpg,Open Images V7,train,randychiu,CC BY 2.0,https://www.flickr.com/photos/randychiu/3892444992
oi_66a2a7d5cf3d4aa5.jpg,Open Images V7,train,orcas.world,CC BY 2.0,https://www.flickr.com/photos/orcasworld/13480990063
oi_66a4cf17767b303a.jpg,Open Images V7,val,U.S. Fish and Wildlife Service Southeast Region,CC BY 2.0,https://www.flickr.com/photos/usfwssoutheast/7609384488
oi_66b4fd386d8462d8.jpg,Open Images V7,train,amanderson2,CC BY 2.0,https://www.flickr.com/photos/amanderson/7157593663
oi_66b7f474461d04a1.jpg,Open Images V7,train,Christopher Michel,CC BY 2.0,https://www.flickr.com/photos/cmichel67/19764887281
oi_66c6406ded468a8b.jpg,Open Images V7,train,NOAA Photo Library,CC BY 2.0,https://www.flickr.com/photos/noaaphotolib/9681693482
oi_66cd2e6520358622.jpg,Open Images V7,test,Vincent Albanese,CC BY 2.0,https://www.flickr.com/photos/valbanese/3836155863
oi_66d0021f90f8b934.jpg,Open Images V7,train,shellac,CC BY 2.0,https://www.flickr.com/photos/pldms/4278950265
oi_66d5a7c69e644159.jpg,Open Images V7,val,Damien du Toit,CC BY 2.0,https://www.flickr.com/photos/coda/380365
oi_66d7241650a5f233.jpg,Open Images V7,train,NOAA Photo Library,CC BY 2.0,https://www.flickr.com/photos/noaaphotolib/9735111912
oi_66fbe2ce59c88d24.jpg,Open Images V7,train,Brian Norwood,CC BY 2.0,https://www.flickr.com/photos/bnorwood/3483463048
oi_66fc0b3229ad3be6.jpg,Open Images V7,train,Antti T. Nissinen,CC BY 2.0,https://www.flickr.com/photos/veisto/15627937459
oi_66fd3c45c6cfd5d6.jpg,Open Images V7,train,Julie anne Johnson,CC BY 2.0,https://www.flickr.com/photos/pyride/20539318946
oi_67024fb25376a48d.jpg,Open Images V7,train,Kathleen Franklin,CC BY 2.0,https://www.flickr.com/photos/kathycsus/4288888617
oi_67090bb09c44b74c.jpg,Open Images V7,train,USFWS - Pacific Region,CC BY 2.0,https://www.flickr.com/photos/usfwspacific/9689325126
oi_67123412eb52393d.jpg,Open Images V7,train,rjp,CC BY 2.0,https://www.flickr.com/photos/zimpenfish/417693726
oi_671805631e29bdd4.jpg,Open Images V7,test,Miran  Rijavec,CC BY 2.0,https://www.flickr.com/photos/miran/4111659305
oi_6723d335e70cb2a6.jpg,Open Images V7,train,Ratha Grimes,CC BY 2.0,https://www.flickr.com/photos/ratha/17284927871
oi_672e42f21e47bb81.jpg,Open Images V7,train,Derek Hatfield,CC BY 2.0,https://www.flickr.com/photos/loimere/175762763
oi_673b9d78e0d3a92c.jpg,Open Images V7,train,Lyn Gateley,CC BY 2.0,https://www.flickr.com/photos/lyng883/3649432098
oi_673daf8539015381.jpg,Open Images V7,train,JD Hancock,CC BY 2.0,https://www.flickr.com/photos/jdhancock/3572353006
oi_674df3bfa482159f.jpg,Open Images V7,test,Biodiversity Heritage Library,CC BY 2.0,https://www.flickr.com/photos/biodivlibrary/9135330882
oi_675b6be862a77769.jpg,Open Images V7,val,Dirk Vorderstraße,CC BY 2.0,https://www.flickr.com/photos/dirkvorderstrasse/10576435926
oi_6780bb7f123b9550.jpg,Open Images V7,train,Amber Rae,CC BY 2.0,https://www.flickr.com/photos/amber-rae/4413292102
oi_67a85a602dbe467b.jpg,Open Images V7,val,taken_spc,CC BY 2.0,https://www.flickr.com/photos/taken_spc/8484617079
oi_67ab2c5b96308a8e.jpg,Open Images V7,train,Oi Vey,CC BY 2.0,https://www.flickr.com/photos/oi_vey/3150942714/
oi_67b0e2d9b51e8ef1.jpg,Open Images V7,train,Jim G,CC BY 2.0,https://www.flickr.com/photos/jimg944/4204348983
oi_67cb2e1edde512d0.jpg,Open Images V7,train,Nelo Hotsuma,CC BY 2.0,https://www.flickr.com/photos/63122283@N06/19142963860
oi_68134bb655b3e78f.jpg,Open Images V7,val,Chris Pearson,CC BY 2.0,https://www.flickr.com/photos/chrispearson72/2376597473
oi_6821da2b25483dc6.jpg,Open Images V7,train,Steve Fair,CC BY 2.0,https://www.flickr.com/photos/buster1976/4184892310
oi_682be01518640606.jpg,Open Images V7,val,Tony Hisgett,CC BY 2.0,https://www.flickr.com/photos/hisgett/15574459510
oi_683428f01b6e2ea7.jpg,Open Images V7,val,Jorge Elías,CC BY 2.0,https://www.flickr.com/photos/italintheheart/12310316793
oi_68350aea185eb2b4.jpg,Open Images V7,test,Bill McChesney,CC BY 2.0,https://www.flickr.com/photos/bsabarnowl/4576322349
oi_6849d25739092ed1.jpg,Open Images V7,val,Michael Bentley,CC BY 2.0,https://www.flickr.com/photos/donhomer/8809498481
oi_684dc4dcb81e1168.jpg,Open Images V7,train,David Stanley,CC BY 2.0,https://www.flickr.com/photos/davidstanleytravel/16802442411
oi_6854a140ae4e037f.jpg,Open Images V7,train,Bob Peterson,CC BY 2.0,https://www.flickr.com/photos/pondapple/16623730560
oi_685f3682344bbd0a.jpg,Open Images V7,train,Derek Keats,CC BY 2.0,https://www.flickr.com/photos/dkeats/6237703855
oi_68681b1736a0c19d.jpg,Open Images V7,train,LASZLO ILYES,CC BY 2.0,https://www.flickr.com/photos/laszlo-photo/8375933995
oi_68693675653a02e5.jpg,Open Images V7,train,NOAA Photo Library,CC BY 2.0,https://www.flickr.com/photos/noaaphotolib/5277313361
oi_6876c33e3a154444.jpg,Open Images V7,val,Squeezyboy,CC BY 2.0,https://www.flickr.com/photos/squeezyboy/3318694529
oi_68775803e93bb8f1.jpg,Open Images V7,train,Clinton &amp; Charles Robertson,CC BY 2.0,https://www.flickr.com/photos/dad_and_clint/765591964
oi_687a727012e14c78.jpg,Open Images V7,train,Logan Ingalls,CC BY 2.0,https://www.flickr.com/photos/plutor/2577844096
oi_687f463c1721fcac.jpg,Open Images V7,train,Brian Gratwicke,CC BY 2.0,https://www.flickr.com/photos/briangratwicke/7072362771
oi_688135b698196f04.jpg,Open Images V7,val,Mike Baird,CC BY 2.0,https://www.flickr.com/photos/mikebaird/19989181014
oi_6885692658846a6c.jpg,Open Images V7,train,Steenbergs,CC BY 2.0,https://www.flickr.com/photos/steenbergs/5991132588
oi_6888f96035237dfe.jpg,Open Images V7,train,Kentaro Ohno,CC BY 2.0,https://www.flickr.com/photos/inucara/8440924217
oi_688de56b07f2ae44.jpg,Open Images V7,train,Breville USA,CC BY 2.0,https://www.flickr.com/photos/breville/8735318885
oi_68ad54716601146b.jpg,Open Images V7,train,Rinaldo Wurglitsch,CC BY 2.0,https://www.flickr.com/photos/wurglitsch/2714632768
oi_68be16be10fd2e75.jpg,Open Images V7,train,Jennifer Aitkens,CC BY 2.0,https://www.flickr.com/photos/molajen/4433347869
oi_68c1cf46c7872408.jpg,Open Images V7,train,NOAA Photo Library,CC BY 2.0,https://www.flickr.com/photos/noaaphotolib/11952605046
oi_68c3a0ed70555fff.jpg,Open Images V7,train,Suzette - www.suzette.nu,CC BY 2.0,https://www.flickr.com/photos/suzettesuzette/4873297100
oi_68cf894205dc7a07.jpg,Open Images V7,train,Kevin Dooley,CC BY 2.0,https://www.flickr.com/photos/pagedooley/7983134697
oi_68d5634f24961059.jpg,Open Images V7,val,keith.bellvay,CC BY 2.0,https://www.flickr.com/photos/fromkeith/8658788217
oi_68d81924c261b27d.jpg,Open Images V7,val,Kathy,CC BY 2.0,https://www.flickr.com/photos/44603071@N00/10106435623
oi_68da067df3dbf1e5.jpg,Open Images V7,train,NOAA Photo Library,CC BY 2.0,https://www.flickr.com/photos/noaaphotolib/9734085463
oi_68da640aa67b02ed.jpg,Open Images V7,test,NOAA&#x27;s National Ocean Service,CC BY 2.0,https://www.flickr.com/photos/usoceangov/5817708207
oi_68db278f0bbc6255.jpg,Open Images V7,train,Strange Ones,CC BY 2.0,https://www.flickr.com/photos/strangeones/4366187800
oi_68dcf662e626ccc4.jpg,Open Images V7,train,Derek Keats,CC BY 2.0,https://www.flickr.com/photos/dkeats/6068868624
oi_68dec74d0cf51fe3.jpg,Open Images V7,train,William Warby,CC BY 2.0,https://www.flickr.com/photos/wwarby/5877251295
oi_68e45a822c641aec.jpg,Open Images V7,train,"Eden, Janine and Jim",CC BY 2.0,https://www.flickr.com/photos/edenpictures/9455010937
oi_68eaa65c405fab03.jpg,Open Images V7,train,Paul Krawczuk,CC BY 2.0,https://www.flickr.com/photos/krawczuk/9322819795
oi_68ed5b9966629f2f.jpg,Open Images V7,train,Himanshu Patel,CC BY 2.0,https://www.flickr.com/photos/cupid_21/6526744073
oi_68f5eec83708423c.jpg,Open Images V7,val,regienbb,CC BY 2.0,https://www.flickr.com/photos/regienycarlos/5023150142
oi_68f754583f3aa621.jpg,Open Images V7,train,Rick212,CC BY 2.0,https://www.flickr.com/photos/icc-cricket/446004293
oi_68fa4d88aad49cd1.jpg,Open Images V7,train,matt,CC BY 2.0,https://www.flickr.com/photos/fergy08/7863713756
oi_6902715b0f2b9679.jpg,Open Images V7,train,Christopher Michel,CC BY 2.0,https://www.flickr.com/photos/cmichel67/14553583762
oi_69062d3f4f448adf.jpg,Open Images V7,val,demi,CC BY 2.0,https://www.flickr.com/photos/vaionnoth/8218470196
oi_69140f4643080e9b.jpg,Open Images V7,train,USFWS - Pacific Region,CC BY 2.0,https://www.flickr.com/photos/usfwspacific/5217804625
oi_692716ac5195079a.jpg,Open Images V7,train,prilfish,CC BY 2.0,https://www.flickr.com/photos/silkebaron/3354281692
oi_6929f04add1fee2b.jpg,Open Images V7,train,Jason Lander,CC BY 2.0,https://www.flickr.com/photos/eyeliam/847105823
oi_692c6e367be24cc9.jpg,Open Images V7,train,NOAA Photo Library,CC BY 2.0,https://www.flickr.com/photos/noaaphotolib/9737323088
oi_693736393fcd1061.jpg,Open Images V7,train,EOL Learning and Education Group,CC BY 2.0,https://www.flickr.com/photos/44919417@N04/4477324954
oi_694181c6e506a569.jpg,Open Images V7,train,Chris Oakley,CC BY 2.0,https://www.flickr.com/photos/chrisoakley/6044194812
oi_695341ae5d3b8cf1.jpg,Open Images V7,train,Gareth Simpson,CC BY 2.0,https://www.flickr.com/photos/xurble/4300605
oi_696185cdce116fc2.jpg,Open Images V7,train,UCFFool,CC BY 2.0,https://www.flickr.com/photos/ucffool/8061005149
oi_696f529caeaa426e.jpg,Open Images V7,train,Mike Baird,CC BY 2.0,https://www.flickr.com/photos/mikebaird/2917026723
oi_696f844e23252337.jpg,Open Images V7,train,Photographe Autodidacte.,CC BY 2.0,https://www.flickr.com/photos/olivierbain/14650328573
oi_69a67d3afde9ef96.jpg,Open Images V7,test,Tim Sheerman-Chase,CC BY 2.0,https://www.flickr.com/photos/tim_uk/384642626
oi_69b8c3ceda4ba2b4.jpg,Open Images V7,train,Ricardo&#x27;s Photography (Thanks to all the fans!!!),CC BY 2.0,https://www.flickr.com/photos/ricardo_mangual/5647096707
oi_69c052cd803bfef9.jpg,Open Images V7,test,mLu.fotos,CC BY 2.0,https://www.flickr.com/photos/luppes777/20865181372
oi_69c3d503836ef8d3.jpg,Open Images V7,train,Mike Bowler,CC BY 2.0,https://www.flickr.com/photos/mbowler/12579726184
oi_69f5383d80cdb04e.jpg,Open Images V7,val,Laura,CC BY 2.0,https://www.flickr.com/photos/tigergirl/6784818667
oi_6a00492111383ffe.jpg,Open Images V7,train,Mike Baird,CC BY 2.0,https://www.flickr.com/photos/mikebaird/5379599365
oi_6a023a59f1aa6b1d.jpg,Open Images V7,train,Ben Salter,CC BY 2.0,https://www.flickr.com/photos/ben_salter/858999555
oi_6a1caaf39a04dc9d.jpg,Open Images V7,train,Michio Morimoto,CC BY 2.0,https://www.flickr.com/photos/95387826@N08/8690413327
oi_6a1d990c52290d43.jpg,Open Images V7,train,Mike Baird,CC BY 2.0,https://www.flickr.com/photos/mikebaird/9354842138
oi_6a2ca7a5004d2f45.jpg,Open Images V7,train,Christopher Michel,CC BY 2.0,https://www.flickr.com/photos/cmichel67/15732167778
oi_6a46895e1c003a6f.jpg,Open Images V7,train,morebyless,CC BY 2.0,https://www.flickr.com/photos/morebyless/3661072680
oi_6a4e220f40a04c31.jpg,Open Images V7,train,jayhem,CC BY 2.0,https://www.flickr.com/photos/jayhem/321379071/in/photostream/
oi_6a4f9af05f0e80f3.jpg,Open Images V7,train,Jason Ippolito,CC BY 2.0,https://www.flickr.com/photos/jasonippolito/2840837533
oi_6a5ca47682bf2e90.jpg,Open Images V7,train,Rennett Stowe,CC BY 2.0,https://www.flickr.com/photos/tomsaint/16903709076
oi_6a6111ec0f7259ed.jpg,Open Images V7,train,NOAA Photo Library,CC BY 2.0,https://www.flickr.com/photos/noaaphotolib/11468675204
oi_6a8051dd89e37f02.jpg,Open Images V7,train,Robynlou Kavanagh,CC BY 2.0,https://www.flickr.com/photos/robynlou8/4888952625/
oi_6a8e9f243ad3f050.jpg,Open Images V7,train,Mike Baird,CC BY 2.0,https://www.flickr.com/photos/mikebaird/4261545228
oi_6a8fd6b26939e355.jpg,Open Images V7,val,Dirk Vorderstraße,CC BY 2.0,https://www.flickr.com/photos/dirkvorderstrasse/10574557874
oi_6a9abc84a50643d5.jpg,Open Images V7,val,Fatima,CC BY 2.0,https://www.flickr.com/photos/idibal/14745736196
oi_6a9b534bb848cbfe.jpg,Open Images V7,train,NVitkus,CC BY 2.0,https://www.flickr.com/photos/npvphotography/4102537418
oi_6a9d71d0a55e40b1.jpg,Open Images V7,val,Sid Mosdell,CC BY 2.0,https://www.flickr.com/photos/sidm/2819558122
oi_6aa8bb009a1a5f95.jpg,Open Images V7,val,Jerry Kirkhart,CC BY 2.0,https://www.flickr.com/photos/jkirkhart35/3214136051
oi_6aaf15d1110951cc.jpg,Open Images V7,test,Miran  Rijavec,CC BY 2.0,https://www.flickr.com/photos/miran/16870193716
oi_6ab80802a5ff4704.jpg,Open Images V7,train,cjalallian,CC BY 2.0,https://www.flickr.com/photos/cjalallian/5177849638
oi_6aba901f1102e413.jpg,Open Images V7,train,Remus Pereni,CC BY 2.0,https://www.flickr.com/photos/remus/4979899149
oi_6abcc38d7c662e2c.jpg,Open Images V7,train,Jeff Gunn,CC BY 2.0,https://www.flickr.com/photos/jeffgunn/6471819931
oi_6ac45a5671fad31e.jpg,Open Images V7,val,R&#x27;lyeh Imaging,CC BY 2.0,https://www.flickr.com/photos/radio_free_rlyeh/22008357025
oi_6ac711d5a0b3e307.jpg,Open Images V7,train,devra,CC BY 2.0,https://www.flickr.com/photos/minicooper93402/5923317636
oi_6acfa93c97d0b717.jpg,Open Images V7,train,Ratha Grimes,CC BY 2.0,https://www.flickr.com/photos/ratha/11394495296
oi_6adb25c4716a8351.jpg,Open Images V7,train,Martin Pettitt,CC BY 2.0,https://www.flickr.com/photos/mdpettitt/5199003720
oi_6adefd1940ac6c0c.jpg,Open Images V7,train,BARCOS MAANAIM Pesca Esportiva na Amazônia,CC BY 2.0,https://www.flickr.com/photos/barco__maanaim_rio_guapore/6847955032
oi_6ae9b189e516d209.jpg,Open Images V7,train,Pascal,CC BY 2.0,https://www.flickr.com/photos/redeo/6288560614/
oi_6aecc004107cf11c.jpg,Open Images V7,train,David Amsler,CC BY 2.0,https://www.flickr.com/photos/amslerpix/21381617271
oi_6af302b6bdba994d.jpg,Open Images V7,val,USFWS Mountain-Prairie,CC BY 2.0,https://www.flickr.com/photos/usfwsmtnprairie/11840242146
oi_6af4c6ba7bebc7a3.jpg,Open Images V7,train,Wonderlane,CC BY 2.0,https://www.flickr.com/photos/wonderlane/4526693458
oi_6b15dfc77e6cd97f.jpg,Open Images V7,train,Mike Baird,CC BY 2.0,https://www.flickr.com/photos/mikebaird/9651137648
oi_6b17adc8ee68984d.jpg,Open Images V7,train,ankakay,CC BY 2.0,https://www.flickr.com/photos/ankakay/3428263264
oi_6b18224f299a5daa.jpg,Open Images V7,train,Lwp Kommunikáció,CC BY 2.0,https://www.flickr.com/photos/lwpkommunikacio/12969410055
oi_6b1f0f1ef2f19b10.jpg,Open Images V7,train,Mike Baird,CC BY 2.0,https://www.flickr.com/photos/mikebaird/426019790
oi_6b3045a7006e7c60.jpg,Open Images V7,train,Reedz Malik,CC BY 2.0,https://www.flickr.com/photos/anakbrunei/6948943206
oi_6b324bda049ed921.jpg,Open Images V7,val,Jeff,CC BY 2.0,https://www.flickr.com/photos/37276114@N02/14326593116
oi_6b458b2461e38496.jpg,Open Images V7,train,Toshihiro Gamo,CC BY 2.0,https://www.flickr.com/photos/dakiny/8299920402
oi_6b4dc346167573d5.jpg,Open Images V7,train,Thomas Hubauer,CC BY 2.0,https://www.flickr.com/photos/drth80/6222726182
oi_6b548fb27158b129.jpg,Open Images V7,val,Clinton &amp; Charles Robertson,CC BY 2.0,https://www.flickr.com/photos/dad_and_clint/2687269023
oi_6b5b0f64703fed7f.jpg,Open Images V7,val,Brian Gratwicke,CC BY 2.0,https://www.flickr.com/photos/briangratwicke/5625174608
oi_6b5c9d4b20279555.jpg,Open Images V7,train,Tony Hisgett,CC BY 2.0,https://www.flickr.com/photos/hisgett/15376706129
oi_6b6453c5979b819b.jpg,Open Images V7,train,BeachcombersNW,CC BY 2.0,https://www.flickr.com/photos/beachcombersnw/7269656314/
oi_6b69b58a6c66eb6a.jpg,Open Images V7,train,Yuko Hara,CC BY 2.0,https://www.flickr.com/photos/yuko_ppp/2620514475
oi_6b74810255f981f4.jpg,Open Images V7,train,LD-,CC BY 2.0,https://www.flickr.com/photos/front_row/4159145034
oi_6b78a71279d30bf0.jpg,Open Images V7,train,Purple Slog,CC BY 2.0,https://www.flickr.com/photos/purpleslog/136662811
oi_6b79f76f240e4ee2.jpg,Open Images V7,val,punctuated,CC BY 2.0,https://www.flickr.com/photos/lainetrees/5422277621
oi_6b7a7fe5f42f2bbd.jpg,Open Images V7,train,JoshBerglund19,CC BY 2.0,https://www.flickr.com/photos/tyrian123/5265585700
oi_6b874b8c28d0d79e.jpg,Open Images V7,val,Rusty Clark - On the Air M-F 8am-noon,CC BY 2.0,https://www.flickr.com/photos/rusty_clark/6046833862
oi_6b8ccf48fda8a41a.jpg,Open Images V7,train,bobistraveling,CC BY 2.0,https://www.flickr.com/photos/bobistraveling/21208727716
oi_6b8d44cfd30a3452.jpg,Open Images V7,val,Tony Hisgett,CC BY 2.0,https://www.flickr.com/photos/hisgett/6222784097
oi_6b8e75360bff2c3b.jpg,Open Images V7,train,Christopher Michel,CC BY 2.0,https://www.flickr.com/photos/cmichel67/19584684252
oi_6b8fe28a9d39592a.jpg,Open Images V7,train,Rick212,CC BY 2.0,https://www.flickr.com/photos/icc-cricket/446004285
oi_6b91e04492e6b486.jpg,Open Images V7,train,robposse,CC BY 2.0,https://www.flickr.com/photos/51274664@N06/6837144505
oi_6b973a3c3a65cbe2.jpg,Open Images V7,train,Collin Grady,CC BY 2.0,https://www.flickr.com/photos/collingrady/7425276
oi_6b9dd685ab5c0573.jpg,Open Images V7,train,Dolfingrl,CC BY 2.0,https://www.flickr.com/photos/crazynconfused1981/419466334/
oi_6ba1cb348526f26d.jpg,Open Images V7,val,Christoph Giesel,CC BY 2.0,https://www.flickr.com/photos/christophlsa/8968007755
oi_6bcb239d425255a1.jpg,Open Images V7,train,Patrick,CC BY 2.0,https://www.flickr.com/photos/pdbreen/4730447890
oi_6bd2cb2e75c603b6.jpg,Open Images V7,train,Konstantinos Koukopoulos,CC BY 2.0,https://www.flickr.com/photos/kkoukopoulos/3761708222
oi_6be12a9140e0980b.jpg,Open Images V7,train,Anita Ritenour,CC BY 2.0,https://www.flickr.com/photos/puliarfanita/9590187079
oi_6bea29bcb8930286.jpg,Open Images V7,train,Cambodia4kids.org Beth Kanter,CC BY 2.0,https://www.flickr.com/photos/cambodia4kidsorg/4227260270
oi_6bf3e0470647bd69.jpg,Open Images V7,train,Liza,CC BY 2.0,https://www.flickr.com/photos/lizadaly/15138774541/
oi_6bf854f5c2f34937.jpg,Open Images V7,val,Andreas Kambanis,CC BY 2.0,https://www.flickr.com/photos/andikam/12435166244
oi_6bfa7f0f3e0643a4.jpg,Open Images V7,train,strikeael,CC BY 2.0,https://www.flickr.com/photos/28683861@N00/233534156
oi_6c00d5b5db73f1e7.jpg,Open Images V7,val,Ruth Hartnup,CC BY 2.0,https://www.flickr.com/photos/ruthanddave/14150305592
oi_6c12529691d2a273.jpg,Open Images V7,test,Elias Levy,CC BY 2.0,https://www.flickr.com/photos/elevy/14730810447
oi_6c164aa680e46ac9.jpg,Open Images V7,train,Graeme Churchard,CC BY 2.0,https://www.flickr.com/photos/graeme/4182370943
oi_6c1ea5ce95b216ed.jpg,Open Images V7,train,Tony Hisgett,CC BY 2.0,https://www.flickr.com/photos/hisgett/15564164732
oi_6c3c0ba201c3168c.jpg,Open Images V7,train,NOAA Photo Library,CC BY 2.0,https://www.flickr.com/photos/noaaphotolib/5030203833
oi_6c400c8b79428bbe.jpg,Open Images V7,train,Andrew Mason,CC BY 2.0,https://www.flickr.com/photos/a_mason/4523977353
oi_6c419f8b9af9034b.jpg,Open Images V7,train,Ryan Boardman,CC BY 2.0,https://www.flickr.com/photos/126583665@N04/14659286587/
oi_6c5543ba7aab7a1a.jpg,Open Images V7,train,orcas.world,CC BY 2.0,https://www.flickr.com/photos/orcasworld/13140992333
oi_6c5f686570d43b22.jpg,Open Images V7,test,Split the Kipper,CC BY 2.0,https://www.flickr.com/photos/splitthekipper/15367735155
oi_6c7db707b0fc3742.jpg,Open Images V7,train,Pacific Southwest Region USFWS,CC BY 2.0,https://www.flickr.com/photos/usfws_pacificsw/16697538362
oi_6c82eb6ca9c2ba21.jpg,Open Images V7,train,weisserstier,CC BY 2.0,https://www.flickr.com/photos/alfreddiem/14846266802/
oi_6c84f802a10aca78.jpg,Open Images V7,val,Bill Rice,CC BY 2.0,https://www.flickr.com/photos/billrice/3808869765
oi_6c862a6734f5026f.jpg,Open Images V7,train,Pacific Southwest Region USFWS,CC BY 2.0,https://www.flickr.com/photos/usfws_pacificsw/6079254281
oi_6c9f32d1bc38357f.jpg,Open Images V7,val,Gildardo Sánchez,CC BY 2.0,https://www.flickr.com/photos/gildardo/7994021746/
oi_6ca08b31a53d31b9.jpg,Open Images V7,train,Spencer Wright,CC BY 2.0,https://www.flickr.com/photos/spencer77/5090205925
oi_6cb27b4d44ce3cec.jpg,Open Images V7,val,Jiashiang,CC BY 2.0,https://www.flickr.com/photos/wangjs/185695695
oi_6cdbe425006e10c9.jpg,Open Images V7,train,Tatsuo Yamashita,CC BY 2.0,https://www.flickr.com/photos/yto/9172939814
oi_6ce6ab3ade837893.jpg,Open Images V7,train,Richard Eriksson,CC BY 2.0,https://www.flickr.com/photos/sillygwailo/14830392915
oi_6d0163ba0c4c72bf.jpg,Open Images V7,train,brandiatmuhkuh,CC BY 2.0,https://www.flickr.com/photos/brandiatmuhkuh/4482350100
oi_6d0a69748045af33.jpg,Open Images V7,train,Serge Saint,CC BY 2.0,https://www.flickr.com/photos/sergiosf/7445872394
oi_6d0b5a29c392a690.jpg,Open Images V7,val,Colin Mutchler,CC BY 2.0,https://www.flickr.com/photos/activefree/5446830
oi_6d14a7ff3707f243.jpg,Open Images V7,train,Justin Henry,CC BY 2.0,https://www.flickr.com/photos/zappowbang/890776294
oi_6d2a888de2008933.jpg,Open Images V7,val,Brian Gratwicke,CC BY 2.0,https://www.flickr.com/photos/briangratwicke/6316822250
oi_6d3b4e8b58ca3cb4.jpg,Open Images V7,train,Carl Lender,CC BY 2.0,https://www.flickr.com/photos/clender/15633518787
oi_6d401c4c9ac90e1f.jpg,Open Images V7,train,Alan Goudy,CC BY 2.0,https://www.flickr.com/photos/95561244@N02/15099486666
oi_6d53bc768f242601.jpg,Open Images V7,train,tab2_dawa,CC BY 2.0,https://www.flickr.com/photos/tab2/4412073491
oi_6d818dd66258843b.jpg,Open Images V7,train,prilfish,CC BY 2.0,https://www.flickr.com/photos/silkebaron/4335657772
oi_6d86576586773711.jpg,Open Images V7,val,Ed Bierman,CC BY 2.0,https://www.flickr.com/photos/edbierman/3410269013
oi_6d97cb048a03bb7b.jpg,Open Images V7,train,crabchick,CC BY 2.0,https://www.flickr.com/photos/crabchick/2548879995
oi_6d9be1f616a1371b.jpg,Open Images V7,train,Mike Baird,CC BY 2.0,https://www.flickr.com/photos/mikebaird/9580957994
oi_6d9f9612c398990b.jpg,Open Images V7,test,NOAA&#x27;s National Ocean Service,CC BY 2.0,https://www.flickr.com/photos/usoceangov/8734481205
oi_6da068d1b31e4481.jpg,Open Images V7,train,Christopher Michel,CC BY 2.0,https://www.flickr.com/photos/cmichel67/8370634236/
oi_6da400466b45f7ae.jpg,Open Images V7,test,NOAA Photo Library,CC BY 2.0,https://www.flickr.com/photos/noaaphotolib/9681666454
oi_6da6332686e5866e.jpg,Open Images V7,train,Roberto Verzo,CC BY 2.0,https://www.flickr.com/photos/verzo/1560365549
oi_6db372e875f9c3da.jpg,Open Images V7,train,Steve Childs,CC BY 2.0,https://www.flickr.com/photos/steve_childs/3703204077
oi_6db4c0d4b062f981.jpg,Open Images V7,val,Brian Snelson,CC BY 2.0,https://www.flickr.com/photos/exfordy/429430968
oi_6dc232f0b9a4204f.jpg,Open Images V7,train,Vasiok1,CC BY 2.0,https://www.flickr.com/photos/78720675@N02/14634688455
oi_6ddbe144f5aa08a7.jpg,Open Images V7,train,ppmfl,CC BY 2.0,https://www.flickr.com/photos/42164219@N00/38777590
oi_6df3ddd34c0c5132.jpg,Open Images V7,train,NOAA Photo Library,CC BY 2.0,https://www.flickr.com/photos/noaaphotolib/5015195388
oi_6e0a82c74d0cd998.jpg,Open Images V7,val,Peter Shanks,CC BY 2.0,https://www.flickr.com/photos/botheredbybees/8303649510
oi_6e0d2dbf9e6cc2af.jpg,Open Images V7,train,Robert Linsdell,CC BY 2.0,https://www.flickr.com/photos/boblinsdell/19648107263
oi_6e1858b7011dc0d2.jpg,Open Images V7,train,Eljay,CC BY 2.0,https://www.flickr.com/photos/eljay/8669033933
oi_6e19bc2efddd1194.jpg,Open Images V7,train,AK Badwolf,CC BY 2.0,https://www.flickr.com/photos/spiderkat/2670752692
oi_6e341ab98cf18d4a.jpg,Open Images V7,val,Christopher Michel,CC BY 2.0,https://www.flickr.com/photos/cmichel67/8381967068
oi_6e380154a9580f87.jpg,Open Images V7,train,Mo Riza,CC BY 2.0,https://www.flickr.com/photos/moriza/57448901
oi_6e3a3ea0d09000d2.jpg,Open Images V7,train,James St. John,CC BY 2.0,https://www.flickr.com/photos/jsjgeology/15965412420
oi_6e4371e7c1597596.jpg,Open Images V7,train,Brian Gratwicke,CC BY 2.0,https://www.flickr.com/photos/briangratwicke/5624571709
oi_6e565503ff32533d.jpg,Open Images V7,train,Darren Foreman,CC BY 2.0,https://www.flickr.com/photos/dsf/1258761606
oi_6e5a421c86dbd49a.jpg,Open Images V7,train,Ian Griffiths,CC BY 2.0,https://www.flickr.com/photos/bladeflyer/53258075
oi_6e833fb10cffd795.jpg,Open Images V7,train,zombieite,CC BY 2.0,https://www.flickr.com/photos/zombieite/16788103839
oi_6e85d0a5c251c607.jpg,Open Images V7,train,Paul Asman and Jill Lenoble,CC BY 2.0,https://www.flickr.com/photos/pauljill/2414877104/
oi_6e89adafa9ad699d.jpg,Open Images V7,train,Dutch Boyd,CC BY 2.0,https://www.flickr.com/photos/localvegas/16678153841
oi_6e9649ab3c24dd59.jpg,Open Images V7,train,NOAA Photo Library,CC BY 2.0,https://www.flickr.com/photos/noaaphotolib/5015045614/
oi_6e97120509669cd4.jpg,Open Images V7,train,Brian Gratwicke,CC BY 2.0,https://www.flickr.com/photos/briangratwicke/6182427674
oi_6e9d17a858ae8cf8.jpg,Open Images V7,val,dotun55,CC BY 2.0,https://www.flickr.com/photos/dotun55/17331585759
oi_6ea23cf06aca035d.jpg,Open Images V7,val,Phalinn Ooi,CC BY 2.0,https://www.flickr.com/photos/17868205@N00/828475397
oi_6eb1863ea6b0ea7c.jpg,Open Images V7,val,asobi tsuchiya,CC BY 2.0,https://www.flickr.com/photos/asobitsuchiya/4413507532
oi_6eb9203bdee1784f.jpg,Open Images V7,train,Carol Schaffer,CC BY 2.0,https://www.flickr.com/photos/praziquantel/30114189
oi_6ebb7797669b79c0.jpg,Open Images V7,train,Robert Nyman,CC BY 2.0,https://www.flickr.com/photos/robertnyman/189601733
oi_6ec41b863152d82d.jpg,Open Images V7,train,NOAA&#x27;s National Ocean Service,CC BY 2.0,https://www.flickr.com/photos/usoceangov/5809805286
oi_6eda05ef49c099ef.jpg,Open Images V7,train,Jeff Egnaczyk,CC BY 2.0,https://www.flickr.com/photos/post406/175204407
oi_6ee578f2deeb802b.jpg,Open Images V7,train,Matt Howry,CC BY 2.0,https://www.flickr.com/photos/mhowry/618245460
oi_6ee91cc93ae2e7ad.jpg,Open Images V7,train,Michael Newton,CC BY 2.0,https://www.flickr.com/photos/newton/1110509015
oi_6ef1db0bf520a544.jpg,Open Images V7,val,Warren Talbot,CC BY 2.0,https://www.flickr.com/photos/marriedwithluggage/5527776972
oi_6efb197bf6c7bf91.jpg,Open Images V7,val,Jerry Kirkhart,CC BY 2.0,https://www.flickr.com/photos/jkirkhart35/18564531209
oi_6f066942dc675b83.jpg,Open Images V7,val,Boris Kasimov,CC BY 2.0,https://www.flickr.com/photos/kasio69/17056966501
oi_6f1304656079e87e.jpg,Open Images V7,train,Chad Kainz,CC BY 2.0,https://www.flickr.com/photos/smaedli/16970831535
oi_6f216e6051972bc0.jpg,Open Images V7,train,mario,CC BY 2.0,https://www.flickr.com/photos/64738468@N00/7190260147
oi_6f2280d6306d4947.jpg,Open Images V7,train,NatureFramingham,CC BY 2.0,https://www.flickr.com/photos/natureframingham/6145193650
oi_6f2ec5391fd04054.jpg,Open Images V7,train,Chris Combe,CC BY 2.0,https://www.flickr.com/photos/cosmicherb70/13959779015
oi_6f2f94f81d485ea2.jpg,Open Images V7,val,Stephen Masters,CC BY 2.0,https://www.flickr.com/photos/gratiartis/5338952146
oi_6f4754992104bba8.jpg,Open Images V7,train,Elias Levy,CC BY 2.0,https://www.flickr.com/photos/elevy/18564776983
oi_6f5ca4b65a4314a6.jpg,Open Images V7,val,Biodiversity Heritage Library,CC BY 2.0,https://www.flickr.com/photos/biodivlibrary/7589930888
oi_6f63ab252f3cb55c.jpg,Open Images V7,val,Acierman,CC BY 2.0,https://www.flickr.com/photos/acierman/6182672870/
oi_6f706e3bedae2410.jpg,Open Images V7,train,jbgeronimi,CC BY 2.0,https://www.flickr.com/photos/jbgeronimi/5275162030
oi_6f7d43cdb5bf80fb.jpg,Open Images V7,train,woodleywonderworks,CC BY 2.0,https://www.flickr.com/photos/wwworks/2399498161
oi_6f85e89fa8702dac.jpg,Open Images V7,train,Kathy,CC BY 2.0,https://www.flickr.com/photos/44603071@N00/4998683538
oi_6f92cceaa20cc327.jpg,Open Images V7,train,U.S. Fish and Wildlife Service Northeast Region,CC BY 2.0,https://www.flickr.com/photos/usfwsnortheast/8578723436
oi_6f95662ba65dd0aa.jpg,Open Images V7,train,Marcin Polak,CC BY 2.0,https://www.flickr.com/photos/futuredu/14311243231
oi_6fa64c9e626e99a1.jpg,Open Images V7,train,John Stratford,CC BY 2.0,https://www.flickr.com/photos/john47kent/5064449578
oi_6fa7162948ad4235.jpg,Open Images V7,train,Fred von Lohmann,CC BY 2.0,https://www.flickr.com/photos/vonlohmann/4208767497
oi_6fb4bdbd0fe9cfa5.jpg,Open Images V7,train,Frédéric Le Quéré,CC BY 2.0,https://www.flickr.com/photos/127383042@N07/15088323836
oi_6fc118a5324d7c15.jpg,Open Images V7,train,Eyedeology,CC BY 2.0,https://www.flickr.com/photos/39029355@N08/3592514395
oi_6fd2fbf9ec4a7957.jpg,Open Images V7,train,Carol  Lara,CC BY 2.0,https://www.flickr.com/photos/mudballmermaid/11182445344
oi_6fd3153ccca42a9b.jpg,Open Images V7,train,Hermanus Backpackers,CC BY 2.0,https://www.flickr.com/photos/hermanusbackpackers/3881027990
oi_6fe0af49e3cb103d.jpg,Open Images V7,train,Mike Baird,CC BY 2.0,https://www.flickr.com/photos/mikebaird/6815167211
oi_6fe70219351f9489.jpg,Open Images V7,test,TANAKA Juuyoh (田中十洋),CC BY 2.0,https://www.flickr.com/photos/tanaka_juuyoh/2391640498
oi_6fe7c00a0d2c651d.jpg,Open Images V7,train,Cliff,CC BY 2.0,https://www.flickr.com/photos/nostri-imago/2864607276
oi_7004cf02bf5243f3.jpg,Open Images V7,train,daita saru,CC BY 2.0,https://www.flickr.com/photos/daita/3738852842
oi_7027c639941ee60f.jpg,Open Images V7,train,Fuzzy Gerdes,CC BY 2.0,https://www.flickr.com/photos/fuzzy/374892829
oi_703eb30df11a66ae.jpg,Open Images V7,train,Elias Levy,CC BY 2.0,https://www.flickr.com/photos/elevy/14894415366
oi_705271393b8e83e5.jpg,Open Images V7,test,U.S. Fish and Wildlife Service Headquarters,CC BY 2.0,https://www.flickr.com/photos/usfwshq/6741930935
oi_70554081504d762d.jpg,Open Images V7,train,Paul Albertella,CC BY 2.0,https://www.flickr.com/photos/paulspace/5836991097
oi_705fb94287200906.jpg,Open Images V7,train,Robin  Kirk,CC BY 2.0,https://www.flickr.com/photos/rightsatduke/3849690457
oi_707ff311fc6c4f73.jpg,Open Images V7,train,Gérard van Drunen,CC BY 2.0,https://www.flickr.com/photos/grard_van_drunen/753953705
oi_70b0e95d6fd8d0f5.jpg,Open Images V7,train,Derek Keats,CC BY 2.0,https://www.flickr.com/photos/dkeats/6377771293
oi_70b46f61e3adec3c.jpg,Open Images V7,train,Andy Mangold,CC BY 2.0,https://www.flickr.com/photos/andymangold/3381484506/
oi_70b47c7690ac9ba3.jpg,Open Images V7,train,NOAA Photo Library,CC BY 2.0,https://www.flickr.com/photos/noaaphotolib/9731196163
oi_70baa90af290f658.jpg,Open Images V7,train,jomilo75,CC BY 2.0,https://www.flickr.com/photos/jomilo75/472878968
oi_70c1670ea82974a2.jpg,Open Images V7,val,Kristine Paulus,CC BY 2.0,https://www.flickr.com/photos/kpaulus/5283494692
oi_70c18bbeb9b03f31.jpg,Open Images V7,train,James,CC BY 2.0,https://www.flickr.com/photos/71217725@N00/35007358
oi_70c27550f6976e54.jpg,Open Images V7,val,"Chrismatos ♥90% OFF, sorry",CC BY 2.0,https://www.flickr.com/photos/chrismatos/8125817490
oi_70d6bd86ec0839fc.jpg,Open Images V7,train,Jerry Kirkhart,CC BY 2.0,https://www.flickr.com/photos/jkirkhart35/3187333481
oi_70e4c253551475d0.jpg,Open Images V7,test,orcas.world,CC BY 2.0,https://www.flickr.com/photos/orcasworld/13141302614
oi_70e53f47b36a24b3.jpg,Open Images V7,train,Paul Asman and Jill Lenoble,CC BY 2.0,https://www.flickr.com/photos/pauljill/3474436593
oi_70e88c8e7808efaa.jpg,Open Images V7,train,Jerry,CC BY 2.0,https://www.flickr.com/photos/gorefiendus/2759478144
oi_70f85aafaa5a7c0e.jpg,Open Images V7,train,JayPhillips,CC BY 2.0,https://www.flickr.com/photos/jicksta/3628089372
oi_7106864b024bff07.jpg,Open Images V7,test,Lisa Williams,CC BY 2.0,https://www.flickr.com/photos/pixellou/10663676834
oi_71093f7aa8998ce7.jpg,Open Images V7,val,Chris Martin,CC BY 2.0,https://www.flickr.com/photos/cjmartin/4784829912
oi_710ab968fa5f49fc.jpg,Open Images V7,test,temaki,CC BY 2.0,https://www.flickr.com/photos/_temaki_/3907083808
oi_711f5c6e8adbcff9.jpg,Open Images V7,train,Monsieur Gordon,CC BY 2.0,https://www.flickr.com/photos/monsieurgordon/2552955791
oi_711ff40adc5c905d.jpg,Open Images V7,test,Steve Jurvetson,CC BY 2.0,https://www.flickr.com/photos/jurvetson/336157
oi_712671928f921716.jpg,Open Images V7,train,missvancamp,CC BY 2.0,https://www.flickr.com/photos/23522410@N08/2240614104/
oi_712a6576b2f09f4a.jpg,Open Images V7,train,Joerg Moellenkamp,CC BY 2.0,https://www.flickr.com/photos/c0t0d0s0/43841304
oi_7131da5bfa78f540.jpg,Open Images V7,train,Spencer Wright,CC BY 2.0,https://www.flickr.com/photos/spencer77/4774656930
oi_713dc2c9ab61fefa.jpg,Open Images V7,test,Indi Samarajiva,CC BY 2.0,https://www.flickr.com/photos/indi/4319026333/
oi_7150add5498931b8.jpg,Open Images V7,val,Jer Thorp,CC BY 2.0,https://www.flickr.com/photos/blprnt/9408057729
oi_716747992bf08e25.jpg,Open Images V7,train,osseous,CC BY 2.0,https://www.flickr.com/photos/osseous/1032778992
oi_716b11f78c083156.jpg,Open Images V7,train,flowcomm,CC BY 2.0,https://www.flickr.com/photos/flowcomm/4486235968
oi_717788f07b5116b6.jpg,Open Images V7,train,Anna  Barnett,CC BY 2.0,https://www.flickr.com/photos/anna-barnett/4416420832
oi_7178dd7b345bf0ec.jpg,Open Images V7,train,Dan Harrelson,CC BY 2.0,https://www.flickr.com/photos/dharrels/1120260482
oi_717c7b37e530b083.jpg,Open Images V7,val,Makuahine Pa&#x27;i Ki&#x27;i,CC BY 2.0,https://www.flickr.com/photos/hawaii-mcgraths/2791654554
oi_71977d486f8e539a.jpg,Open Images V7,train,Benjamin Hollis,CC BY 2.0,https://www.flickr.com/photos/dalangalma/11560016995
oi_719d60afc6408a05.jpg,Open Images V7,train,Maciej Wojnicki,CC BY 2.0,https://www.flickr.com/photos/mananasoko/9128515135
oi_719f036cf776f5a8.jpg,Open Images V7,train,Chris Oakley,CC BY 2.0,https://www.flickr.com/photos/chrisoakley/6044191702
oi_71b8afc6739f1585.jpg,Open Images V7,train,John VanderHaagen,CC BY 2.0,https://www.flickr.com/photos/jvh33/16879816398
oi_71bea6ae89438bee.jpg,Open Images V7,train,Jerry Kirkhart,CC BY 2.0,https://www.flickr.com/photos/jkirkhart35/8270987413
oi_71bf2245bd45f84f.jpg,Open Images V7,train,Secretaria de Agricultura e Abastecimento,CC BY 2.0,https://www.flickr.com/photos/agriculturasp/6022016040
oi_71c2fa40a5b8ee7a.jpg,Open Images V7,test,Steve Cornish,CC BY 2.0,https://www.flickr.com/photos/scornish/1764354868
oi_71c9bbfdf2a89c0a.jpg,Open Images V7,val,Janine,CC BY 2.0,https://www.flickr.com/photos/geishabot/2046601202
oi_71dd4569e480afff.jpg,Open Images V7,train,Michelle,CC BY 2.0,https://www.flickr.com/photos/dragnfly78/526946626
oi_71f0ccb58c03935c.jpg,Open Images V7,train,Scott Cresswell,CC BY 2.0,https://www.flickr.com/photos/scott-s_photos/8085793771
oi_7219e92e1ca01e1b.jpg,Open Images V7,train,Thomas Kriese,CC BY 2.0,https://www.flickr.com/photos/thomaspix/9593672193
oi_721dcdbeddf162f0.jpg,Open Images V7,test,NOAA Photo Library,CC BY 2.0,https://www.flickr.com/photos/noaaphotolib/5030820112
oi_72314ec85ded8992.jpg,Open Images V7,train,Elias Levy,CC BY 2.0,https://www.flickr.com/photos/elevy/14730719119
oi_72322c7440ec5677.jpg,Open Images V7,train,Ruth Hartnup,CC BY 2.0,https://www.flickr.com/photos/ruthanddave/408120739
oi_723d7b4a1a003273.jpg,Open Images V7,train,Jean,CC BY 2.0,https://www.flickr.com/photos/7326810@N08/2345858312
oi_72451123353aa4d5.jpg,Open Images V7,test,tweber1,CC BY 2.0,https://www.flickr.com/photos/tweber/2394706748
oi_724b0f990c6dd820.jpg,Open Images V7,train,Elias Levy,CC BY 2.0,https://www.flickr.com/photos/elevy/14914283031
oi_72538f04bf8e0230.jpg,Open Images V7,train,Victor,CC BY 2.0,https://www.flickr.com/photos/v1ctor/5347096151
oi_72586fbd6b25f93b.jpg,Open Images V7,train,Charles Barilleaux,CC BY 2.0,https://www.flickr.com/photos/bontempscharly/16229470856
oi_725d34ebc53f4234.jpg,Open Images V7,train,James St. John,CC BY 2.0,https://www.flickr.com/photos/jsjgeology/15531197704
oi_726e4786f985093d.jpg,Open Images V7,val,Jayvee Fernandez,CC BY 2.0,https://www.flickr.com/photos/jayvee/8773686789
oi_727e7e1e28b397b2.jpg,Open Images V7,train,Jean,CC BY 2.0,https://www.flickr.com/photos/7326810@N08/3555818652
oi_727ee854f33f3b1e.jpg,Open Images V7,train,Ed S. Johovac,CC BY 2.0,https://www.flickr.com/photos/johovac/6346133106/
oi_7280f4c4eac5102e.jpg,Open Images V7,train,Dominic Scaglioni,CC BY 2.0,https://www.flickr.com/photos/dominic-scaglioni/8735100671
oi_72841b7a57c3d21b.jpg,Open Images V7,train,NOAA Photo Library,CC BY 2.0,https://www.flickr.com/photos/noaaphotolib/9714854313
oi_728955c4ce24702b.jpg,Open Images V7,train,Yuko Hara,CC BY 2.0,https://www.flickr.com/photos/yuko_ppp/2621313602
oi_728a1bf97797fe78.jpg,Open Images V7,val,Mike Baird,CC BY 2.0,https://www.flickr.com/photos/mikebaird/4278301052
oi_729348ee2827ccc9.jpg,Open Images V7,train,Manvendra Bhangui,CC BY 2.0,https://www.flickr.com/photos/manvendra/525192745
oi_72a1360aacc92e09.jpg,Open Images V7,train,~Ealasaid~,CC BY 2.0,https://www.flickr.com/photos/fredrte/11139693066
oi_72a95d1f5218ba6f.jpg,Open Images V7,train,Angel Schatz,CC BY 2.0,https://www.flickr.com/photos/glamourschatz/245698536
oi_72aa9c7fe738f8ae.jpg,Open Images V7,val,Swift Benjamin,CC BY 2.0,https://www.flickr.com/photos/metalcowboy/3207127651/
oi_72ab0a2bb4270814.jpg,Open Images V7,train,Cambodia4kids.org Beth Kanter,CC BY 2.0,https://www.flickr.com/photos/cambodia4kidsorg/4226530997
oi_72b3fda1763d63c7.jpg,Open Images V7,train,spezz,CC BY 2.0,https://www.flickr.com/photos/spezz/2736587673
oi_72b94c640764b5c2.jpg,Open Images V7,train,Wakako Mukohata,CC BY 2.0,https://www.flickr.com/photos/mumuzule/6992382873
oi_72c38fbd0cd238eb.jpg,Open Images V7,train,Clara S.,CC BY 2.0,https://www.flickr.com/photos/pictureclara/8273322846
oi_72c6170d50682a66.jpg,Open Images V7,train,Christopher Michel,CC BY 2.0,https://www.flickr.com/photos/cmichel67/11240231236
oi_72ca3bc9468dcab8.jpg,Open Images V7,train,Aaron Logan,CC BY 2.0,https://www.flickr.com/photos/lightmatter/3282472782
oi_72ccbec6e819425c.jpg,Open Images V7,test,Steve Childs,CC BY 2.0,https://www.flickr.com/photos/steve_childs/3166602472
oi_72d1b5aff1aa45b6.jpg,Open Images V7,test,amanderson2,CC BY 2.0,https://www.flickr.com/photos/amanderson/12391915024
oi_72d41caa12f46d22.jpg,Open Images V7,train,Christopher Michel,CC BY 2.0,https://www.flickr.com/photos/cmichel67/12666593384
oi_72d553026bcdab35.jpg,Open Images V7,train,Anne-Line Brink,CC BY 2.0,https://www.flickr.com/photos/anneline/3671885979
oi_72d767254cfe1825.jpg,Open Images V7,train,Wendy Piersall,CC BY 2.0,https://www.flickr.com/photos/wendypiersall/3267392982
oi_72ef242a1021c578.jpg,Open Images V7,train,Raul Antonio Alvarez,CC BY 2.0,https://www.flickr.com/photos/66729277@N00/7523358564
oi_72f0a76053c7f4fa.jpg,Open Images V7,train,Woody Hibbard,CC BY 2.0,https://www.flickr.com/photos/pamwood707/7026683049
oi_72f987b6b058a821.jpg,Open Images V7,test,Ikusuki,CC BY 2.0,https://www.flickr.com/photos/13926043@N07/9383203672
oi_72fadf9f7cf7410c.jpg,Open Images V7,train,Imágenes Gratis Online,CC BY 2.0,https://www.flickr.com/photos/130481724@N06/21022395880
oi_73035b669a18588c.jpg,Open Images V7,train,NOAA Photo Library,CC BY 2.0,https://www.flickr.com/photos/noaaphotolib/5037018678
oi_730912eacadd07f9.jpg,Open Images V7,train,M.-J. Taylor,CC BY 2.0,https://www.flickr.com/photos/m-jtaylor/8106607869
oi_73091f01913cd3d6.jpg,Open Images V7,train,Ramanathan Kathiresan,CC BY 2.0,https://www.flickr.com/photos/rampix/3078329504/
oi_7309f7ad8df202f8.jpg,Open Images V7,val,Dean Michaud,CC BY 2.0,https://www.flickr.com/photos/dnamichaud/4961728099/
oi_731e4eab77faa2f2.jpg,Open Images V7,test,Jameson Fink,CC BY 2.0,https://www.flickr.com/photos/jamesonfink/2308648990
oi_7323c3800651e19f.jpg,Open Images V7,val,Aleksi Pihkanen,CC BY 2.0,https://www.flickr.com/photos/aleksipihkanen/4907079925
oi_7347ba0169d1abb8.jpg,Open Images V7,val,Derek Keats,CC BY 2.0,https://www.flickr.com/photos/dkeats/9220451871
oi_7348b550ccdf5aa2.jpg,Open Images V7,train,Charles Barilleaux,CC BY 2.0,https://www.flickr.com/photos/bontempscharly/10800960535
oi_734b970d8eb72cb7.jpg,Open Images V7,train,Toshinori Kawate,CC BY 2.0,https://www.flickr.com/photos/kawataso/14518763507/
oi_735e0e6aa05e4719.jpg,Open Images V7,train,Luca Nebuloni,CC BY 2.0,https://www.flickr.com/photos/nebulux/1387011370
oi_7390700c0183a76e.jpg,Open Images V7,train,Esme Vos,CC BY 2.0,https://www.flickr.com/photos/esme/6385521217
oi_7393c5419fd4e3e6.jpg,Open Images V7,train,NOAA Photo Library,CC BY 2.0,https://www.flickr.com/photos/noaaphotolib/5078472188
oi_739779eee77bed79.jpg,Open Images V7,val,George Alexander Ishida Newman,CC BY 2.0,https://www.flickr.com/photos/takoyaki_king/8275365077/
oi_73a1849bad1092e5.jpg,Open Images V7,val,Ricardo&#x27;s Photography (Thanks to all the fans!!!),CC BY 2.0,https://www.flickr.com/photos/ricardo_mangual/7114802763
oi_73b2dcf15c26103a.jpg,Open Images V7,test,Kentaro Ohno,CC BY 2.0,https://www.flickr.com/photos/inucara/4472113017
oi_73bca79f4d565bdb.jpg,Open Images V7,train,Philippe AMIOT,CC BY 2.0,https://www.flickr.com/photos/philippeamiot/18386297281
oi_73c9f1db6022b766.jpg,Open Images V7,train,Tony Fischer,CC BY 2.0,https://www.flickr.com/photos/tonythemisfit/4963200537
oi_73def1a1bd757cbf.jpg,Open Images V7,train,Joi Ito,CC BY 2.0,https://www.flickr.com/photos/joi/5741085360
oi_7414208560b5c4d7.jpg,Open Images V7,train,daita saru,CC BY 2.0,https://www.flickr.com/photos/daita/4413167550
oi_741913303df653dc.jpg,Open Images V7,train,Derek Hatfield,CC BY 2.0,https://www.flickr.com/photos/loimere/115882980
oi_741d1f88e6b5fc6b.jpg,Open Images V7,train,Emma Forsberg,CC BY 2.0,https://www.flickr.com/photos/echoforsberg/2362889014
oi_742460171e1cb949.jpg,Open Images V7,val,r0bz,CC BY 2.0,https://www.flickr.com/photos/acci0n/5313449
oi_74324339eb6da029.jpg,Open Images V7,val,Cristian Bortes,CC BY 2.0,https://www.flickr.com/photos/bortescristian/490286610
oi_7433c77dbdac09f3.jpg,Open Images V7,train,Christopher Michel,CC BY 2.0,https://www.flickr.com/photos/cmichel67/17306329725
oi_7434ca948ec6833e.jpg,Open Images V7,train,Erik Charlton,CC BY 2.0,https://www.flickr.com/photos/erikcharlton/317977788
oi_74370fa13871e4e7.jpg,Open Images V7,val,Jonathan Martin,CC BY 2.0,https://www.flickr.com/photos/dryodora/9882003814
oi_743f68025ec7b5a4.jpg,Open Images V7,train,fortbragg,CC BY 2.0,https://www.flickr.com/photos/fortbragg/4458495855
oi_745d2e5a9f3ff714.jpg,Open Images V7,train,Kathy,CC BY 2.0,https://www.flickr.com/photos/44603071@N00/6860973134
oi_74638b4d2102d1d6.jpg,Open Images V7,train,Brian Fagan,CC BY 2.0,https://www.flickr.com/photos/diamondace/5379416194/
oi_7467caa29c4a6dbe.jpg,Open Images V7,val,NOAA Photo Library,CC BY 2.0,https://www.flickr.com/photos/noaaphotolib/5030077204/
oi_74680162638af5a6.jpg,Open Images V7,val,lin padgham,CC BY 2.0,https://www.flickr.com/photos/linpadgham/2590007594
oi_74732c009e2583aa.jpg,Open Images V7,test,Sean Naber,CC BY 2.0,https://www.flickr.com/photos/seannaber/4297689747
oi_747985392755ba39.jpg,Open Images V7,val,lluis Cabarrocas Ribas,CC BY 2.0,https://www.flickr.com/photos/llcabarrocas/12559764394
oi_748e4ab7c0aa18e7.jpg,Open Images V7,train,Florida Keys--Public Libraries,CC BY 2.0,https://www.flickr.com/photos/keyslibraries/3836608753
oi_74b80019531f8f2c.jpg,Open Images V7,train,Britt Reints,CC BY 2.0,https://www.flickr.com/photos/emmandevin/8088295700
oi_74ba6f54a6e60437.jpg,Open Images V7,train,James St. John,CC BY 2.0,https://www.flickr.com/photos/jsjgeology/15428384603
oi_74bcf00727305f7c.jpg,Open Images V7,val,janelleorsi,CC BY 2.0,https://www.flickr.com/photos/janelleorsi/13204399344
oi_74c7cf21fc243b45.jpg,Open Images V7,train,f59t8y,CC BY 2.0,https://www.flickr.com/photos/24858712@N04/2346610843
oi_74d59bb459974713.jpg,Open Images V7,val,Mathieu Plourde,CC BY 2.0,https://www.flickr.com/photos/mathplourde/3891028359
oi_74e810fa96b61c76.jpg,Open Images V7,test,Paul Asman and Jill Lenoble,CC BY 2.0,https://www.flickr.com/photos/pauljill/7504785816
oi_74f18ccf8fba6f67.jpg,Open Images V7,train,Maarten Heerlien,CC BY 2.0,https://www.flickr.com/photos/65847118@N06/6453193053
oi_74faecf29f58d3a3.jpg,Open Images V7,val,Liam King,CC BY 2.0,https://www.flickr.com/photos/liam-hels-big-trip/4381365372
oi_750169d8a0d07066.jpg,Open Images V7,val,Pablo Sanchez,CC BY 2.0,https://www.flickr.com/photos/pablosanchez/3154589310
oi_750b5bfcb8b3145c.jpg,Open Images V7,val,Fred von Lohmann,CC BY 2.0,https://www.flickr.com/photos/vonlohmann/168998461
oi_75116c563b5072a5.jpg,Open Images V7,test,David Smith,CC BY 2.0,https://www.flickr.com/photos/davidrsmith/3447331452
oi_751acbd77cbabe9f.jpg,Open Images V7,train,Carter McKendry,CC BY 2.0,https://www.flickr.com/photos/seiya235/78265970
oi_75229567f130aa05.jpg,Open Images V7,train,Beau Giles,CC BY 2.0,https://www.flickr.com/photos/beaugiles/5594254495
oi_752b29a0f1da2f08.jpg,Open Images V7,test,Vlad Butsky,CC BY 2.0,https://www.flickr.com/photos/butsky/357872181/
oi_754897674b753f1f.jpg,Open Images V7,train,NOAA Photo Library,CC BY 2.0,https://www.flickr.com/photos/noaaphotolib/5014437879
oi_754ec29763ffd4bc.jpg,Open Images V7,val,James Preston,CC BY 2.0,https://www.flickr.com/photos/jamespreston/5351899168
oi_755fe53483d707f6.jpg,Open Images V7,train,Paul Mannix,CC BY 2.0,https://www.flickr.com/photos/paulmannix/2634046280
oi_756076b50555e4ea.jpg,Open Images V7,train,amanderson2,CC BY 2.0,https://www.flickr.com/photos/amanderson/12671904243
oi_757c83a18cf0c1a1.jpg,Open Images V7,test,NOAA Photo Library,CC BY 2.0,https://www.flickr.com/photos/noaaphotolib/9731191791
oi_757ca4a767f5a1ff.jpg,Open Images V7,train,billy verdin,CC BY 2.0,https://www.flickr.com/photos/hanus/145275155
oi_75810db2fda8f666.jpg,Open Images V7,train,Brad Montgomery,CC BY 2.0,https://www.flickr.com/photos/bradmontgomery/8698855797
oi_758354db8eb3249b.jpg,Open Images V7,train,Guy Evans,CC BY 2.0,https://www.flickr.com/photos/birminghamculture/8383515122
oi_758cbaeb0cce969f.jpg,Open Images V7,val,DJRphoto36,CC BY 2.0,https://www.flickr.com/photos/drphoto36/5496519950
oi_75ab16499d46b3dc.jpg,Open Images V7,train,Greg Hewgill,CC BY 2.0,https://www.flickr.com/photos/ghewgill/8641744146
oi_75abae9022bfd256.jpg,Open Images V7,train,Vince Smith,CC BY 2.0,https://www.flickr.com/photos/vsmithuk/301517682
oi_75afd3195f3b7b6e.jpg,Open Images V7,train,bjoern,CC BY 2.0,https://www.flickr.com/photos/bjoern/3966015760
oi_75c2bdc031f7156e.jpg,Open Images V7,train,Shinji,CC BY 2.0,https://www.flickr.com/photos/cinz/30301409
oi_75c34290014cc0a5.jpg,Open Images V7,train,Justin Ennis,CC BY 2.0,https://www.flickr.com/photos/averain/7860498670
oi_75c87e079649552c.jpg,Open Images V7,train,Ed Bierman,CC BY 2.0,https://www.flickr.com/photos/edbierman/3410269043
oi_75ca10ba0ea9c26a.jpg,Open Images V7,val,Gareth Simpson,CC BY 2.0,https://www.flickr.com/photos/xurble/378943497
oi_75cdb2d2b06a898a.jpg,Open Images V7,train,sheilapic76,CC BY 2.0,https://www.flickr.com/photos/53344659@N05/4978439953
oi_75dba972fda2529b.jpg,Open Images V7,train,paulshaffner,CC BY 2.0,https://www.flickr.com/photos/paulshaffner/2232843452
oi_75e4cb2c9b098527.jpg,Open Images V7,train,Cliff Cooper,CC BY 2.0,https://www.flickr.com/photos/dizfunk/6801811906
oi_75ec5e9e8dff028e.jpg,Open Images V7,train,NOAA Photo Library,CC BY 2.0,https://www.flickr.com/photos/noaaphotolib/14506092635
oi_75ed11646ed51b4a.jpg,Open Images V7,train,ScubaBear68,CC BY 2.0,https://www.flickr.com/photos/22310955@N02/2551165648
oi_75ed8c16be60bb89.jpg,Open Images V7,val,Clinton &amp; Charles Robertson,CC BY 2.0,https://www.flickr.com/photos/dad_and_clint/5807047358
oi_75f27bb30998583b.jpg,Open Images V7,train,New Brunswick Tourism,CC BY 2.0,https://www.flickr.com/photos/tourismnewbrunswick/6053802979
oi_75f34d686cae1904.jpg,Open Images V7,val,robposse,CC BY 2.0,https://www.flickr.com/photos/51274664@N06/6837128775
oi_75f811058354c9e9.jpg,Open Images V7,val,Christopher Michel,CC BY 2.0,https://www.flickr.com/photos/cmichel67/19584506712
oi_75fa6e557ac128b9.jpg,Open Images V7,val,Richard Martin,CC BY 2.0,https://www.flickr.com/photos/bevrichardmartin/7104836199
oi_761d8ae2157b3619.jpg,Open Images V7,train,Carson,CC BY 2.0,https://www.flickr.com/photos/cveldstra/16399713824
oi_761daa134ab93189.jpg,Open Images V7,train,golo,CC BY 2.0,https://www.flickr.com/photos/golo/3666600191
oi_76219fd73bd38dac.jpg,Open Images V7,train,The Integer Club,CC BY 2.0,https://www.flickr.com/photos/integer_club/7222936580
oi_7622ac11793a9bf3.jpg,Open Images V7,train,Tim Creque,CC BY 2.0,https://www.flickr.com/photos/timjc513/5223898520
oi_762316836f35bdcd.jpg,Open Images V7,train,Rubén Hernández,CC BY 2.0,https://www.flickr.com/photos/ruberyuka/5913113767
oi_7629847c5b760b49.jpg,Open Images V7,val,Rick212,CC BY 2.0,https://www.flickr.com/photos/icc-cricket/446004259
oi_76369e9a8e1ac415.jpg,Open Images V7,train,A.Davey,CC BY 2.0,https://www.flickr.com/photos/adavey/4463628658
oi_7657ad1ea780a54f.jpg,Open Images V7,train,Tamyka Bell,CC BY 2.0,https://www.flickr.com/photos/tamyka/17377503762
oi_76775a1b76c6e226.jpg,Open Images V7,train,Ozzy Delaney,CC BY 2.0,https://www.flickr.com/photos/24931020@N02/17224185918
oi_768d0985a41443d2.jpg,Open Images V7,train,Kari,CC BY 2.0,https://www.flickr.com/photos/designsbykari/17115307731
oi_769b35549fa9b886.jpg,Open Images V7,train,terren in Virginia,CC BY 2.0,https://www.flickr.com/photos/8136496@N05/4501268937
oi_769bde739e39487e.jpg,Open Images V7,train,YoTuT,CC BY 2.0,https://www.flickr.com/photos/yotut/8440841420
oi_76b573d84632cff1.jpg,Open Images V7,train,Martin Bravenboer,CC BY 2.0,https://www.flickr.com/photos/bravenboer/8574631069
oi_76c2a09372d56517.jpg,Open Images V7,val,Dick Thomas Johnson,CC BY 2.0,https://www.flickr.com/photos/31029865@N06/16376748133
oi_76c33ab1facfdf4d.jpg,Open Images V7,train,Marcin Wichary,CC BY 2.0,https://www.flickr.com/photos/mwichary/4028785322
oi_76c7029ccef9f54a.jpg,Open Images V7,train,Ratha Grimes,CC BY 2.0,https://www.flickr.com/photos/ratha/14425415045
oi_76d8def22ddaec38.jpg,Open Images V7,train,abdallahh,CC BY 2.0,https://www.flickr.com/photos/husseinabdallah/3905559970
oi_76eaf9685bb45fa0.jpg,Open Images V7,train,Barney Moss,CC BY 2.0,https://www.flickr.com/photos/barneymoss/14891142249
oi_76f8e711ea04ba52.jpg,Open Images V7,train,Anna  Barnett,CC BY 2.0,https://www.flickr.com/photos/anna-barnett/4415779913
oi_7717b6385bd61d14.jpg,Open Images V7,train,Matt Trollen,CC BY 2.0,https://www.flickr.com/photos/matttrollenphotography/9008107057
oi_7717d84e79f71cb1.jpg,Open Images V7,train,in-boulder,CC BY 2.0,https://www.flickr.com/photos/inboulder/4258691302/
oi_77204afae1222d74.jpg,Open Images V7,test,Jim G,CC BY 2.0,https://www.flickr.com/photos/jimg944/7066353035
oi_7723524d4a5e5fe1.jpg,Open Images V7,train,Justin Henry,CC BY 2.0,https://www.flickr.com/photos/zappowbang/161124748
oi_772c4e5ed278a458.jpg,Open Images V7,train,tomatoe_vision,CC BY 2.0,https://www.flickr.com/photos/tomatoe_vision/6025476820
oi_774949de042b07d8.jpg,Open Images V7,train,Ed Bierman,CC BY 2.0,https://www.flickr.com/photos/edbierman/3200112971
oi_774d45131f044040.jpg,Open Images V7,train,blogarazzo,CC BY 2.0,https://www.flickr.com/photos/fihecube/6283902623
oi_774dabb47ad7bb51.jpg,Open Images V7,train,Daniella Vereeken,CC BY 2.0,https://www.flickr.com/photos/betta-online/1561467125
oi_775479b203c8597e.jpg,Open Images V7,train,Rictor Norton  &amp; David Allen,CC BY 2.0,https://www.flickr.com/photos/rictor-and-david/3218265149
oi_7755730d04511ef1.jpg,Open Images V7,train,cbransto,CC BY 2.0,https://www.flickr.com/photos/cbransto/2383470018
oi_77569937b96be7e3.jpg,Open Images V7,train,Simon Fraser University -  University Communications,CC BY 2.0,https://www.flickr.com/photos/sfupamr/11001781926
oi_7758e5dbd8ec5a25.jpg,Open Images V7,train,Brian Gratwicke,CC BY 2.0,https://www.flickr.com/photos/briangratwicke/5991551168
oi_776188998c1f3ca1.jpg,Open Images V7,train,prilfish,CC BY 2.0,https://www.flickr.com/photos/silkebaron/2780555435
oi_7774eb8145f532fe.jpg,Open Images V7,train,Leonid Mamchenkov,CC BY 2.0,https://www.flickr.com/photos/mamchenkov/160885950
oi_7787a1ef66b6ead3.jpg,Open Images V7,train,paulshaffner,CC BY 2.0,https://www.flickr.com/photos/paulshaffner/2232846436
oi_778839a4bab415fa.jpg,Open Images V7,train,Allie_Caulfield,CC BY 2.0,https://www.flickr.com/photos/wm_archiv/6115131698
oi_778e6ab2e2d49444.jpg,Open Images V7,train,Tommy Wong,CC BY 2.0,https://www.flickr.com/photos/gracewong/3146422048
oi_779bae5b6d00b3de.jpg,Open Images V7,train,Kitty Terwolbeck,CC BY 2.0,https://www.flickr.com/photos/kittysfotos/7902210534
oi_77b385356fd37b06.jpg,Open Images V7,train,prilfish,CC BY 2.0,https://www.flickr.com/photos/silkebaron/7589914096
oi_77b5ff19af02e7d7.jpg,Open Images V7,val,USFWSmidwest,CC BY 2.0,https://www.flickr.com/photos/usfwsmidwest/6302508815
oi_77c792456c4fcbc3.jpg,Open Images V7,test,Matthias Liffers,CC BY 2.0,https://www.flickr.com/photos/mpfl/16180860535
oi_77d2cfd762642bef.jpg,Open Images V7,train,Liza,CC BY 2.0,https://www.flickr.com/photos/lizadaly/15141741045
oi_77d979f7156083e6.jpg,Open Images V7,train,Ana_Cotta,CC BY 2.0,https://www.flickr.com/photos/ana_cotta/2647835368
oi_77db272d9e620215.jpg,Open Images V7,train,Tommy Wong,CC BY 2.0,https://www.flickr.com/photos/gracewong/3317365661
oi_77eb2db5ebbb81e6.jpg,Open Images V7,val,Michael Bentley,CC BY 2.0,https://www.flickr.com/photos/donhomer/14987044549
oi_77ec9994624d3fa2.jpg,Open Images V7,train,Jen Knoedl,CC BY 2.0,https://www.flickr.com/photos/40648063@N06/14333721905
oi_77fba31e88962809.jpg,Open Images V7,train,Elias Levy,CC BY 2.0,https://www.flickr.com/photos/elevy/18997434730
oi_78046e03ea70b276.jpg,Open Images V7,test,Glen MacLarty,CC BY 2.0,https://www.flickr.com/photos/glenmaclarty/2513683394/
oi_7807bad4cdba0815.jpg,Open Images V7,val,Parker Knight,CC BY 2.0,https://www.flickr.com/photos/rocketboom/2813640127
oi_780fc38a0bcccc2e.jpg,Open Images V7,train,Thomas Depenbusch,CC BY 2.0,https://www.flickr.com/photos/depenbusch/950822130
oi_7811d5dea5b0a8d8.jpg,Open Images V7,test,merec0,CC BY 2.0,https://www.flickr.com/photos/merec0/4411372278
oi_7813cb3e0afed331.jpg,Open Images V7,test,Andrew Mason,CC BY 2.0,https://www.flickr.com/photos/a_mason/2958886919
oi_782f3d8910e2b6c4.jpg,Open Images V7,train,Will Scullin,CC BY 2.0,https://www.flickr.com/photos/wscullin/2872518877
oi_78347059030bc513.jpg,Open Images V7,train,Jeff,CC BY 2.0,https://www.flickr.com/photos/teknokool/5170136716
oi_78372d2f69a192e0.jpg,Open Images V7,train,Philippe Guillaume,CC BY 2.0,https://www.flickr.com/photos/philippeguillaume/3896657396
oi_7839a6d81e029786.jpg,Open Images V7,train,TANAKA Juuyoh (田中十洋),CC BY 2.0,https://www.flickr.com/photos/tanaka_juuyoh/3366492988
oi_783de20fef6c2a07.jpg,Open Images V7,train,gwaar,CC BY 2.0,https://www.flickr.com/photos/paulsynnott/2642460788
oi_7842a18569f2bb6e.jpg,Open Images V7,val,brownpau,CC BY 2.0,https://www.flickr.com/photos/brownpau/7253448998
oi_785ebdbcefe49594.jpg,Open Images V7,train,Jeremy Bradford,CC BY 2.0,https://www.flickr.com/photos/jtbradford/7934936372
oi_78636609e6e07ce9.jpg,Open Images V7,train,Christopher Michel,CC BY 2.0,https://www.flickr.com/photos/cmichel67/3732929451
oi_7868810356e362d2.jpg,Open Images V7,train,Chris Pearson,CC BY 2.0,https://www.flickr.com/photos/chrispearson72/2376598221
oi_786d11c28489308b.jpg,Open Images V7,train,holga_new_orleans,CC BY 2.0,https://www.flickr.com/photos/xhero/1572607430
oi_7881cc607894622f.jpg,Open Images V7,train,kroszk@,CC BY 2.0,https://www.flickr.com/photos/kroszka/8134393019
oi_788797a87c444260.jpg,Open Images V7,train,Ruth Hartnup,CC BY 2.0,https://www.flickr.com/photos/ruthanddave/1105096850
oi_7899cd9ac3beb526.jpg,Open Images V7,train,Beau Giles,CC BY 2.0,https://www.flickr.com/photos/beaugiles/5594263305
oi_78a5158677443f47.jpg,Open Images V7,train,Tregde Ferie,CC BY 2.0,https://www.flickr.com/photos/tregde/17013787727
oi_78b645866b41841d.jpg,Open Images V7,test,bettyx1138,CC BY 2.0,https://www.flickr.com/photos/bettyx1138/15742069925
oi_78bb29f51a359344.jpg,Open Images V7,train,USFWSmidwest,CC BY 2.0,https://www.flickr.com/photos/usfwsmidwest/15175365047
oi_78d8f671cc1b0951.jpg,Open Images V7,train,Scazon,CC BY 2.0,https://www.flickr.com/photos/scazon/3242877626
oi_78dd4235b36d88b4.jpg,Open Images V7,train,"NTNU, Faculty of Natural Sciences and Technology",CC BY 2.0,https://www.flickr.com/photos/92416586@N05/14004524707
oi_78df2f31df201503.jpg,Open Images V7,train,Jeremy Bradford,CC BY 2.0,https://www.flickr.com/photos/jtbradford/7934964134
oi_78e21d8bc0cf84c6.jpg,Open Images V7,train,LASZLO ILYES,CC BY 2.0,https://www.flickr.com/photos/laszlo-photo/154145161
oi_791040c02e5e65e8.jpg,Open Images V7,train,James St. John,CC BY 2.0,https://www.flickr.com/photos/jsjgeology/15563634653
oi_791c597dbfbc8954.jpg,Open Images V7,train,NOAA Photo Library,CC BY 2.0,https://www.flickr.com/photos/noaaphotolib/11468412115
oi_7930f8a2f3c2834a.jpg,Open Images V7,train,South African Tourism,CC BY 2.0,https://www.flickr.com/photos/south-african-tourism/10466137385
oi_793487998cdefc53.jpg,Open Images V7,train,Steenbergs,CC BY 2.0,https://www.flickr.com/photos/steenbergs/5990579121
oi_79359f005de03952.jpg,Open Images V7,test,Wesley Fryer,CC BY 2.0,https://www.flickr.com/photos/wfryer/6239554614
oi_79549f58c2e66816.jpg,Open Images V7,test,Russell Bernice,CC BY 2.0,https://www.flickr.com/photos/russellbernice/2994474492
oi_796a55a1eeba82e5.jpg,Open Images V7,train,abdallahh,CC BY 2.0,https://www.flickr.com/photos/husseinabdallah/3914019104
oi_796bb893fa9513a3.jpg,Open Images V7,train,itravelNZ® - the best smartphone travel app for New Zealand :-),CC BY 2.0,https://www.flickr.com/photos/itravelnz/7188097865
oi_7977e6ab681fcf8e.jpg,Open Images V7,train,Andreas März,CC BY 2.0,https://www.flickr.com/photos/andreas63/4448076589
oi_7985f1c0ecdeee26.jpg,Open Images V7,train,Jeff Kramer,CC BY 2.0,https://www.flickr.com/photos/jeffk/3763382931
oi_7987c70c77e92be8.jpg,Open Images V7,train,oliver.dodd,CC BY 2.0,https://www.flickr.com/photos/oliverdodd/14666647205
oi_798f0d530dcf7ead.jpg,Open Images V7,train,Steve Childs,CC BY 2.0,https://www.flickr.com/photos/steve_childs/4556642137
oi_79ab7a5151c57ef1.jpg,Open Images V7,train,Mixy Lorenzo,CC BY 2.0,https://www.flickr.com/photos/ladymixy-uk/14290694258
oi_79c0407724b1f691.jpg,Open Images V7,train,Brood_wich,CC BY 2.0,https://www.flickr.com/photos/brood_wich/5826811013
oi_79c687f10f983b33.jpg,Open Images V7,train,Alan Levine,CC BY 2.0,https://www.flickr.com/photos/cogdog/46697104
oi_79ccb2545ca73c0d.jpg,Open Images V7,train,Paul Asman and Jill Lenoble,CC BY 2.0,https://www.flickr.com/photos/pauljill/15749513095
oi_79d43d2515650ea5.jpg,Open Images V7,val,Tobias Toft,CC BY 2.0,https://www.flickr.com/photos/tobiastoft/4958649539
oi_79da1b6bc92344d1.jpg,Open Images V7,train,Felipe Del Valle,CC BY 2.0,https://www.flickr.com/photos/f_elipe/12825578024
oi_79dda60402bb8644.jpg,Open Images V7,train,Josh Hallett,CC BY 2.0,https://www.flickr.com/photos/hyku/357827491
oi_79f087fed1e87597.jpg,Open Images V7,train,U.S. Department of Agriculture,CC BY 2.0,https://www.flickr.com/photos/usdagov/13902755270
oi_79ffb0de6f3ec885.jpg,Open Images V7,train,Jared,CC BY 2.0,https://www.flickr.com/photos/jared422/8206127667
oi_7a12848a54b5c35c.jpg,Open Images V7,val,Elias Levy,CC BY 2.0,https://www.flickr.com/photos/elevy/6997572179
oi_7a143030850f4546.jpg,Open Images V7,train,Charlotte Boulton,CC BY 2.0,https://www.flickr.com/photos/126928670@N05/17739914609
oi_7a1bd179830b1bde.jpg,Open Images V7,val,Charles Barilleaux,CC BY 2.0,https://www.flickr.com/photos/bontempscharly/15578009814
oi_7a2226dbdac84166.jpg,Open Images V7,test,USFWS - Pacific Region,CC BY 2.0,https://www.flickr.com/photos/usfwspacific/8287785229
oi_7a33724d14b276af.jpg,Open Images V7,train,NOAA Photo Library,CC BY 2.0,https://www.flickr.com/photos/noaaphotolib/5030205173
oi_7a378e66185e7140.jpg,Open Images V7,train,London looks,CC BY 2.0,https://www.flickr.com/photos/londonlooks/5672369799
oi_7a3fffbd9ecb58c6.jpg,Open Images V7,train,Conor Lawless,CC BY 2.0,https://www.flickr.com/photos/conchur/9743179382
oi_7a4d034f5242ca02.jpg,Open Images V7,train,claumoho,CC BY 2.0,https://www.flickr.com/photos/claudiah/2719249610/
oi_7a4dd949503446a0.jpg,Open Images V7,train,Dennis Carr,CC BY 2.0,https://www.flickr.com/photos/postal67/4752008374/
oi_7a4ece39bb0ad533.jpg,Open Images V7,train,University of Michigan Library,CC BY 2.0,https://www.flickr.com/photos/mlibrary/6875312096
oi_7a508bd81b3bcc7b.jpg,Open Images V7,train,Steve Jurvetson,CC BY 2.0,https://www.flickr.com/photos/jurvetson/283264
oi_7a57ecbea2738d55.jpg,Open Images V7,test,David Offf,CC BY 2.0,https://www.flickr.com/photos/67162482@N07/6122651282
oi_7a6aa5f034da8e66.jpg,Open Images V7,train,Bit Boy,CC BY 2.0,https://www.flickr.com/photos/bitboy/4338849265
oi_7a6d47ddf65da370.jpg,Open Images V7,val,Robert Nyman,CC BY 2.0,https://www.flickr.com/photos/robertnyman/15610503433
oi_7a78581c381a5e16.jpg,Open Images V7,val,Thank you for visiting my page,CC BY 2.0,https://www.flickr.com/photos/davebloggs007/14585631114
oi_7a79b8053c85ed61.jpg,Open Images V7,train,Ratha Grimes,CC BY 2.0,https://www.flickr.com/photos/ratha/11394541933
oi_7a81d07543735014.jpg,Open Images V7,train,James St. John,CC BY 2.0,https://www.flickr.com/photos/jsjgeology/16146043596
oi_7a835256025fd961.jpg,Open Images V7,train,NOAA Photo Library,CC BY 2.0,https://www.flickr.com/photos/noaaphotolib/11952217994
oi_7a91f45f26ddcb68.jpg,Open Images V7,train,Mike Baird,CC BY 2.0,https://www.flickr.com/photos/mikebaird/4780444675/
oi_7aa10e171b7d0eee.jpg,Open Images V7,train,Anderson Smith2010,CC BY 2.0,https://www.flickr.com/photos/53381861@N06/4972970457
oi_7aa1aa6f4d0a3c8b.jpg,Open Images V7,val,Cliff,CC BY 2.0,https://www.flickr.com/photos/nostri-imago/2892532783
oi_7aa32d4651152030.jpg,Open Images V7,val,Jennifer Feuchter,CC BY 2.0,https://www.flickr.com/photos/jennerosity/2611694091
oi_7ab262ecabeb1097.jpg,Open Images V7,test,Julia Koefender,CC BY 2.0,https://www.flickr.com/photos/juliakoefender/8709133493
oi_7ab6de8559d8f979.jpg,Open Images V7,train,Strange Ones,CC BY 2.0,https://www.flickr.com/photos/strangeones/4760129164
oi_7ab8e574bebfc066.jpg,Open Images V7,train,Katina Rogers,CC BY 2.0,https://www.flickr.com/photos/katinalynn/6160409214/
oi_7ab940cdf27b60a7.jpg,Open Images V7,train,Milan Boers,CC BY 2.0,https://www.flickr.com/photos/milanboers/3507419212
oi_7ac43330a5a180cf.jpg,Open Images V7,val,q phia,CC BY 2.0,https://www.flickr.com/photos/q-phia/13570552733
oi_7ac82a4252fe5eb1.jpg,Open Images V7,train,Graeme Churchard,CC BY 2.0,https://www.flickr.com/photos/graeme/5907242177
oi_7acda78a139eac5f.jpg,Open Images V7,val,Karyn Christner,CC BY 2.0,https://www.flickr.com/photos/toofarnorth/2582624921/
oi_7ae58fa906e678ae.jpg,Open Images V7,val,Rie H,CC BY 2.0,https://www.flickr.com/photos/rieorie/282706067
oi_7b0591f18f6fdf8d.jpg,Open Images V7,train,NASA ICE,CC BY 2.0,https://www.flickr.com/photos/nasa_ice/8141344994
oi_7b0c66a083c0d043.jpg,Open Images V7,train,Michael Pedersen,CC BY 2.0,https://www.flickr.com/photos/46289172@N04/4343265886
oi_7b12bfd3c006a232.jpg,Open Images V7,train,Boris Kasimov,CC BY 2.0,https://www.flickr.com/photos/kasio69/11654763213
oi_7b16600d5a07ea47.jpg,Open Images V7,train,USFWS Mountain-Prairie,CC BY 2.0,https://www.flickr.com/photos/usfwsmtnprairie/5042379202
oi_7b3ea230941f8f19.jpg,Open Images V7,test,Ruth Hartnup,CC BY 2.0,https://www.flickr.com/photos/ruthanddave/392291846
oi_7b5afefc5d3ddf50.jpg,Open Images V7,train,Paul VanDerWerf,CC BY 2.0,https://www.flickr.com/photos/pavdw/14278816210
oi_7b5fdbef76315e77.jpg,Open Images V7,train,Tregde Ferie,CC BY 2.0,https://www.flickr.com/photos/tregde/4724286244
oi_7b818efde4c72fb5.jpg,Open Images V7,train,Miguel Balles Teros,CC BY 2.0,https://www.flickr.com/photos/faustografia/8792898072
oi_7b95e8528b0f8d6c.jpg,Open Images V7,train,sheilapic76,CC BY 2.0,https://www.flickr.com/photos/53344659@N05/4979032462
oi_7b9b14ebf85ecee6.jpg,Open Images V7,val,Pattrick Müller,CC BY 2.0,https://www.flickr.com/photos/pattrick/4235794466
oi_7b9d889e550de2cf.jpg,Open Images V7,train,Jennifer Feuchter,CC BY 2.0,https://www.flickr.com/photos/jennerosity/2612511734
oi_7b9e46f5dad84c5f.jpg,Open Images V7,test,hydropeek,CC BY 2.0,https://www.flickr.com/photos/hydropeek/3527335486/
oi_7ba0ed9a42d01740.jpg,Open Images V7,test,Mike Baird,CC BY 2.0,https://www.flickr.com/photos/mikebaird/514219805
oi_7ba7d5d0c64a0fe8.jpg,Open Images V7,train,amassard,CC BY 2.0,https://www.flickr.com/photos/amassard/5761639132
oi_7bac19e1ed1440a9.jpg,Open Images V7,train,Denis,CC BY 2.0,https://www.flickr.com/photos/boabdil45/6986899928
oi_7bb162373086dd6b.jpg,Open Images V7,test,nubobo,CC BY 2.0,https://www.flickr.com/photos/nubobo/14985944231
oi_7bb56e8b3284fd86.jpg,Open Images V7,train,Steve Jurvetson,CC BY 2.0,https://www.flickr.com/photos/jurvetson/8366972808
oi_7bbb1844d3abd96d.jpg,Open Images V7,val,Graeme Churchard,CC BY 2.0,https://www.flickr.com/photos/graeme/5542782226
oi_7bbf3fd849e5410f.jpg,Open Images V7,train,Cathy Chun,CC BY 2.0,https://www.flickr.com/photos/etjoy/3852417644
oi_7bbf40d7853dfa8a.jpg,Open Images V7,test,MIKI Yoshihito,CC BY 2.0,https://www.flickr.com/photos/mujitra/8947517222
oi_7bc327760cc6e17e.jpg,Open Images V7,val,Colleen Pence,CC BY 2.0,https://www.flickr.com/photos/delaneydiaries/4636347774
oi_7bce48236270332e.jpg,Open Images V7,train,Michio Morimoto,CC BY 2.0,https://www.flickr.com/photos/95387826@N08/8691533136
oi_7bce792abee49e93.jpg,Open Images V7,train,South African Tourism,CC BY 2.0,https://www.flickr.com/photos/south-african-tourism/10466052414
oi_7bda849c05813a3f.jpg,Open Images V7,test,Dean Croshere,CC BY 2.0,https://www.flickr.com/photos/roadtrip-life/7074174575
oi_7be1526b0009b122.jpg,Open Images V7,train,Sandip Bhattacharya,CC BY 2.0,https://www.flickr.com/photos/sandipb/14138056368
oi_7beb6bd7f1f6025b.jpg,Open Images V7,train,Bureau of Land Management Oregon and Washington,CC BY 2.0,https://www.flickr.com/photos/blmoregon/16984562514
oi_7bf4dd1bbb3d577a.jpg,Open Images V7,val,Philippe AMIOT,CC BY 2.0,https://www.flickr.com/photos/philippeamiot/16464663147
oi_7bf536999a11ec10.jpg,Open Images V7,train,Jason Pratt,CC BY 2.0,https://www.flickr.com/photos/jasonpratt/2626624709
oi_7c096a5ecf00c08d.jpg,Open Images V7,train,Andreas März,CC BY 2.0,https://www.flickr.com/photos/andreas63/4460491674
oi_7c11892e9c9f92bf.jpg,Open Images V7,train,NOAA Photo Library,CC BY 2.0,https://www.flickr.com/photos/noaaphotolib/5640458433
oi_7c17211ac14ee941.jpg,Open Images V7,train,Cliff,CC BY 2.0,https://www.flickr.com/photos/nostri-imago/3151991361
oi_7c221cbceaeacaca.jpg,Open Images V7,train,Andy Blackledge,CC BY 2.0,https://www.flickr.com/photos/hockeyholic/11217018135
oi_7c25d8f176740b61.jpg,Open Images V7,train,Derek Keats,CC BY 2.0,https://www.flickr.com/photos/dkeats/6245787152
oi_7c45385039ef2bb9.jpg,Open Images V7,train,sayot,CC BY 2.0,https://www.flickr.com/photos/sayot/15056309128
oi_7c487e2d0aeed0b8.jpg,Open Images V7,train,xEmmybearx,CC BY 2.0,https://www.flickr.com/photos/xemmybearx/4573220867
oi_7c6b58e7b26de520.jpg,Open Images V7,train,Taranjeet Singh,CC BY 2.0,https://www.flickr.com/photos/131926185@N07/16796270306
oi_7c73cf597ead6354.jpg,Open Images V7,train,Justin De La Ornellas,CC BY 2.0,https://www.flickr.com/photos/ornellas/8149912782
oi_7c7761b085cf66b4.jpg,Open Images V7,train,Brian Gratwicke,CC BY 2.0,https://www.flickr.com/photos/briangratwicke/6935464740
oi_7c7af46d308fd36b.jpg,Open Images V7,train,Northwest Power and Conservation Council,CC BY 2.0,https://www.flickr.com/photos/nwcouncil/5097366628/
oi_7c852154c523a6f8.jpg,Open Images V7,test,Paul Asman and Jill Lenoble,CC BY 2.0,https://www.flickr.com/photos/pauljill/5834901444
oi_7c8f73b92d455400.jpg,Open Images V7,train,The Official CTBTO Photostream,CC BY 2.0,https://www.flickr.com/photos/ctbto/13288476303
oi_7c91bcf24aa98d3b.jpg,Open Images V7,test,Charles Barilleaux,CC BY 2.0,https://www.flickr.com/photos/bontempscharly/11848441913
oi_7cda71f62b5df5a3.jpg,Open Images V7,train,John Carkeet,CC BY 2.0,https://www.flickr.com/photos/iv4quad/16859068320
oi_7cde951f282800e0.jpg,Open Images V7,train,Cliff,CC BY 2.0,https://www.flickr.com/photos/nostri-imago/2876248399
oi_7ce45f4e0d6802ac.jpg,Open Images V7,train,Tim Sheerman-Chase,CC BY 2.0,https://www.flickr.com/photos/tim_uk/3975877015
oi_7cf10678a4212271.jpg,Open Images V7,train,William Beutler,CC BY 2.0,https://www.flickr.com/photos/washingtoncanard/14445696506
oi_7cf4abceed271a5f.jpg,Open Images V7,train,David Merrett,CC BY 2.0,https://www.flickr.com/photos/davehamster/15707815523
oi_7d17ca6a06207379.jpg,Open Images V7,val,m111er,CC BY 2.0,https://www.flickr.com/photos/m111er/2081435034
oi_7d2251f76fa5d36a.jpg,Open Images V7,train,brian kelly,CC BY 2.0,https://www.flickr.com/photos/y2bk/618170764
oi_7d2336e4f72e72e9.jpg,Open Images V7,train,TANAKA Juuyoh (田中十洋),CC BY 2.0,https://www.flickr.com/photos/tanaka_juuyoh/2056647980
oi_7d2ae5f168a6e8c0.jpg,Open Images V7,train,"Jim, the Photographer",CC BY 2.0,https://www.flickr.com/photos/jcapaldi/3913467219/
oi_7d403ba58ab32cc4.jpg,Open Images V7,train,Benjamin Carmichael,CC BY 2.0,https://www.flickr.com/photos/bhcarmichael/7967417942
oi_7d4187fa3323651a.jpg,Open Images V7,val,lhilyer_libr,CC BY 2.0,https://www.flickr.com/photos/lhilyer/2396902327
oi_7d4f6a075081e2aa.jpg,Open Images V7,train,Andy Hay,CC BY 2.0,https://www.flickr.com/photos/andyhay/15091562232/
oi_7d5532b4d4a8ebcc.jpg,Open Images V7,val,Braden Kowitz,CC BY 2.0,https://www.flickr.com/photos/kowitz/220824431
oi_7d55bb04b0a86f83.jpg,Open Images V7,train,Vince Smith,CC BY 2.0,https://www.flickr.com/photos/vsmithuk/4805995665
oi_7d582d691282673c.jpg,Open Images V7,train,Jim G,CC BY 2.0,https://www.flickr.com/photos/jimg944/6920274932
oi_7d71d31e8a1bd262.jpg,Open Images V7,val,regienbb,CC BY 2.0,https://www.flickr.com/photos/regienycarlos/5001481795
oi_7d9312cf7bb2f559.jpg,Open Images V7,train,NOAA Photo Library,CC BY 2.0,https://www.flickr.com/photos/noaaphotolib/5187509503/
oi_7d993b2112e140f0.jpg,Open Images V7,train,Paul Downey,CC BY 2.0,https://www.flickr.com/photos/psd/45671669
oi_7db180b58cfeaf54.jpg,Open Images V7,train,Matthew Fauver,CC BY 2.0,https://www.flickr.com/photos/rpgmaster94/4421234339
oi_7db96a44121688f2.jpg,Open Images V7,train,Wakako Mukohata,CC BY 2.0,https://www.flickr.com/photos/mumuzule/6846266022
oi_7dc78e97396c948e.jpg,Open Images V7,train,missvancamp,CC BY 2.0,https://www.flickr.com/photos/23522410@N08/3813913696/
oi_7dcb7d98cff8c6bd.jpg,Open Images V7,train,Sid Mosdell,CC BY 2.0,https://www.flickr.com/photos/sidm/5531105859
oi_7dcba1c95deea03c.jpg,Open Images V7,train,Chris Johnston,CC BY 2.0,https://www.flickr.com/photos/31387329@N07/12058711294
oi_7dd328282d21ae26.jpg,Open Images V7,train,brett jordan,CC BY 2.0,https://www.flickr.com/photos/x1brett/7978893457
oi_7de23afe587bf594.jpg,Open Images V7,train,Lakshmi Sawitri,CC BY 2.0,https://www.flickr.com/photos/elsaw/4590738746
oi_7df2ed54293bffc1.jpg,Open Images V7,train,Mike Baird,CC BY 2.0,https://www.flickr.com/photos/mikebaird/5915199244
oi_7df33322adfb62e7.jpg,Open Images V7,val,Robert Nyman,CC BY 2.0,https://www.flickr.com/photos/robertnyman/14709627257
oi_7df7e6b7c26407e6.jpg,Open Images V7,train,Ezra S F,CC BY 2.0,https://www.flickr.com/photos/sneezypb/72257061
oi_7e0167c96d078633.jpg,Open Images V7,train,Ropes in The Water,CC BY 2.0,https://www.flickr.com/photos/81230512@N02/14826851806
oi_7e10d763f84b8c2b.jpg,Open Images V7,train,David Amsler,CC BY 2.0,https://www.flickr.com/photos/amslerpix/7423049990
oi_7e168aaeda9869ec.jpg,Open Images V7,test,Steve Childs,CC BY 2.0,https://www.flickr.com/photos/steve_childs/2285854044
oi_7e330d99fb1b744a.jpg,Open Images V7,train,Philippe AMIOT,CC BY 2.0,https://www.flickr.com/photos/philippeamiot/17300701869
oi_7e4bcb07240cb098.jpg,Open Images V7,val,Brian Gratwicke,CC BY 2.0,https://www.flickr.com/photos/briangratwicke/6181894773
oi_7e4fa997db40a44b.jpg,Open Images V7,val,Jon Rawlinson,CC BY 2.0,https://www.flickr.com/photos/london/3744569473
oi_7e6ea1f547104656.jpg,Open Images V7,train,John Coley,CC BY 2.0,https://www.flickr.com/photos/lakemartinvoice/4753795874
oi_7e735f8da2424817.jpg,Open Images V7,test,Kevin,CC BY 2.0,https://www.flickr.com/photos/marionenkevin/2989537917
oi_7e74b8eed62243a9.jpg,Open Images V7,train,Jun OHWADA,CC BY 2.0,https://www.flickr.com/photos/june29/9171451002
oi_7e77fe875480b95e.jpg,Open Images V7,train,iwona_kellie,CC BY 2.0,https://www.flickr.com/photos/iwona_kellie/4029800871
oi_7e79ef7e0a3b7775.jpg,Open Images V7,train,Secretaria de Agricultura e Abastecimento,CC BY 2.0,https://www.flickr.com/photos/agriculturasp/6021483347
oi_7e84fc290d40ebbc.jpg,Open Images V7,train,Juozas Šalna,CC BY 2.0,https://www.flickr.com/photos/pukomuko/16177171026
oi_7e8bb1a10e9acb07.jpg,Open Images V7,test,wardyboy400,CC BY 2.0,https://www.flickr.com/photos/47542828@N04/4549895061
oi_7e92c48879b670f6.jpg,Open Images V7,train,prilfish,CC BY 2.0,https://www.flickr.com/photos/silkebaron/297236676/
oi_7e98f0fe8916c756.jpg,Open Images V7,train,Giselleai,CC BY 2.0,https://www.flickr.com/photos/giselleai/682242644
oi_7eb2402bea1a941d.jpg,Open Images V7,test,Kazuhiko Maeda,CC BY 2.0,https://www.flickr.com/photos/monoooki/3047633816
oi_7eb83926c3ce59a8.jpg,Open Images V7,train,EcologyWA,CC BY 2.0,https://www.flickr.com/photos/ecologywa/16951184998
oi_7ee57f880d278633.jpg,Open Images V7,train,Tony Alter,CC BY 2.0,https://www.flickr.com/photos/78428166@N00/7289141430
oi_7ee8f3a9326a5fc0.jpg,Open Images V7,train,Max Wolfe,CC BY 2.0,https://www.flickr.com/photos/leeadlaf/2042248426
oi_7ef54868a3a1363e.jpg,Open Images V7,train,travis schaffan,CC BY 2.0,https://www.flickr.com/photos/tschaffan/6533783949
oi_7ef7b844ece80a2b.jpg,Open Images V7,train,"vasse nicolas,antoine",CC BY 2.0,https://www.flickr.com/photos/vasnic64/9499491443
oi_7f094abd52e65b1b.jpg,Open Images V7,test,William,CC BY 2.0,https://www.flickr.com/photos/evilnickname/14202107208
oi_7f1ac48bf13490c5.jpg,Open Images V7,train,ScubaBear68,CC BY 2.0,https://www.flickr.com/photos/22310955@N02/2555095402
oi_7f1d300d1016fe05.jpg,Open Images V7,val,Sebastian Bassi,CC BY 2.0,https://www.flickr.com/photos/sbassi/14914320434
oi_7f235c5b50e8443e.jpg,Open Images V7,val,John Hedtke,CC BY 2.0,https://www.flickr.com/photos/johnhedtke/10971940053
oi_7f2e500d4f6690e5.jpg,Open Images V7,val,Mike Baird,CC BY 2.0,https://www.flickr.com/photos/mikebaird/9492197440
oi_7f2e8aad1cd86d8e.jpg,Open Images V7,train,Klearchos Kapoutsis,CC BY 2.0,https://www.flickr.com/photos/klearchos/5584382695
oi_7f5912648ad5a905.jpg,Open Images V7,test,Allie_Caulfield,CC BY 2.0,https://www.flickr.com/photos/wm_archiv/2709496994
oi_7f5b25c68c119418.jpg,Open Images V7,train,Rodrigo Paoletti,CC BY 2.0,https://www.flickr.com/photos/paoletti/2328353697
oi_7f5fc54dcecb95df.jpg,Open Images V7,test,oliver.dodd,CC BY 2.0,https://www.flickr.com/photos/oliverdodd/5914245052/
oi_7f6cedca23b60cd8.jpg,Open Images V7,train,Rookuzz,CC BY 2.0,https://www.flickr.com/photos/72283508@N00/6985109200
oi_7f7fd1be60d3e673.jpg,Open Images V7,train,Logan C,CC BY 2.0,https://www.flickr.com/photos/cadwallader/7789136834
oi_7f825e59c759d704.jpg,Open Images V7,train,Chadica,CC BY 2.0,https://www.flickr.com/photos/chadica/2069754637
oi_7f9364d77cee5efd.jpg,Open Images V7,train,neiljs,CC BY 2.0,https://www.flickr.com/photos/neiljs/4392324411
oi_7f949da26f877898.jpg,Open Images V7,train,Brian Gratwicke,CC BY 2.0,https://www.flickr.com/photos/briangratwicke/3783097766
oi_7f98dd9095d40830.jpg,Open Images V7,val,Ella Schmidt,CC BY 2.0,https://www.flickr.com/photos/hellgirl2010/5145501992
oi_7f9b744ecfe83329.jpg,Open Images V7,val,FWC Fish and Wildlife Research Institute,CC BY 2.0,https://www.flickr.com/photos/myfwc/11355112454
oi_7f9c0325c19cbf99.jpg,Open Images V7,train,Andrea Tornabene,CC BY 2.0,https://www.flickr.com/photos/frammenti/2106957814
oi_7fa268e2c4aa6111.jpg,Open Images V7,train,prilfish,CC BY 2.0,https://www.flickr.com/photos/silkebaron/279019558
oi_7fafaf0269e2fd07.jpg,Open Images V7,train,Daniella Vereeken,CC BY 2.0,https://www.flickr.com/photos/betta-online/1554998849
oi_7fb3b70d5110d726.jpg,Open Images V7,train,Guilhem Vellut,CC BY 2.0,https://www.flickr.com/photos/o_0/9353643676
oi_7fc7e33bf8abecc4.jpg,Open Images V7,train,Elias Levy,CC BY 2.0,https://www.flickr.com/photos/elevy/6997542875
oi_7fcaf8f95c80229a.jpg,Open Images V7,train,Naotake Murayama,CC BY 2.0,https://www.flickr.com/photos/naotakem/4268464148
oi_7fcd9905ec0842a6.jpg,Open Images V7,train,USFWS - Pacific Region,CC BY 2.0,https://www.flickr.com/photos/usfwspacific/7129183111
oi_7fd1ef0a8bd972ba.jpg,Open Images V7,train,Stig Nygaard,CC BY 2.0,https://www.flickr.com/photos/stignygaard/450716876
oi_7fde84d5db46f7be.jpg,Open Images V7,train,Stéphane Gallay,CC BY 2.0,https://www.flickr.com/photos/isa_lias/8018831912
oi_7fe50b8288933b1d.jpg,Open Images V7,val,emilykneeter,CC BY 2.0,https://www.flickr.com/photos/emilykneeter/9211669950
oi_7fe7a9a0078e9028.jpg,Open Images V7,train,osseous,CC BY 2.0,https://www.flickr.com/photos/osseous/3579417920
oi_7fee5a9051639d15.jpg,Open Images V7,train,NOAA&#x27;s National Ocean Service,CC BY 2.0,https://www.flickr.com/photos/usoceangov/5817711129
oi_7ff11a112e780bfe.jpg,Open Images V7,test,Eric Hackathorn,CC BY 2.0,https://www.flickr.com/photos/hackshaven/369932811
oi_7ff925144e27ef50.jpg,Open Images V7,train,Gary Bembridge,CC BY 2.0,https://www.flickr.com/photos/tipsfortravellers/590611388
oi_7ffbe7750f5c595b.jpg,Open Images V7,test,prilfish,CC BY 2.0,https://www.flickr.com/photos/silkebaron/930321903
oi_7ffe6cb5c1b4bc04.jpg,Open Images V7,val,dxiri,CC BY 2.0,https://www.flickr.com/photos/66346231@N06/8916089520
oi_800854b332ce4a61.jpg,Open Images V7,train,Walter,CC BY 2.0,https://www.flickr.com/photos/walterpro/15043459420
oi_800b980010ce65ab.jpg,Open Images V7,val,Brian Gratwicke,CC BY 2.0,https://www.flickr.com/photos/briangratwicke/14809430304
oi_8020bce7531c8983.jpg,Open Images V7,val,Marcel &quot;MadJo&quot; de Jong,CC BY 2.0,https://www.flickr.com/photos/madjo/8754580803
oi_8025a33bf4337f47.jpg,Open Images V7,train,&quot;G&quot; jewels g is for grandma,CC BY 2.0,https://www.flickr.com/photos/g_jewels/4569092484
oi_80304c7860a910cd.jpg,Open Images V7,train,Warren Talbot,CC BY 2.0,https://www.flickr.com/photos/marriedwithluggage/5527172291
oi_805241d71de15284.jpg,Open Images V7,test,S Khan,CC BY 2.0,https://www.flickr.com/photos/skhan/4921869534
oi_805cd38b635c9ce6.jpg,Open Images V7,train,alaina buzas,CC BY 2.0,https://www.flickr.com/photos/alaina_marie/5383276276
oi_806aa0b19307dc5b.jpg,Open Images V7,train,Gilad Rom,CC BY 2.0,https://www.flickr.com/photos/gilad_rom/647441053
oi_806dbe624df4cd93.jpg,Open Images V7,train,Jaime de la Fuente,CC BY 2.0,https://www.flickr.com/photos/jfuentejr/380908085
oi_8073d91319ca01f7.jpg,Open Images V7,train,Mike Baird,CC BY 2.0,https://www.flickr.com/photos/mikebaird/3899580912
oi_8088f85638d8a772.jpg,Open Images V7,train,cdorobek,CC BY 2.0,https://www.flickr.com/photos/cdorobek/4454898118
oi_808aa13b7a79cc4e.jpg,Open Images V7,val,shankar s.,CC BY 2.0,https://www.flickr.com/photos/shankaronline/7987458965
oi_809b3be3466802a6.jpg,Open Images V7,train,Wendy Piersall,CC BY 2.0,https://www.flickr.com/photos/wendypiersall/3266537435
oi_809fc539b9dcd368.jpg,Open Images V7,train,Timur Schmidt,CC BY 2.0,https://www.flickr.com/photos/timurschmidt/15534266797
oi_80b39ae2b6c15240.jpg,Open Images V7,test,demi,CC BY 2.0,https://www.flickr.com/photos/vaionnoth/7894920910
oi_80cc0f5a95a3cfbf.jpg,Open Images V7,train,Paul Hudson,CC BY 2.0,https://www.flickr.com/photos/pahudson/5407046543
oi_80ccfb0e7d8c166f.jpg,Open Images V7,train,Gordon Flood,CC BY 2.0,https://www.flickr.com/photos/gordonflood/2868388476
oi_80d9bae6313c8081.jpg,Open Images V7,val,Biodiversity Heritage Library,CC BY 2.0,https://www.flickr.com/photos/biodivlibrary/6005474279
oi_80da41e74f764dd1.jpg,Open Images V7,test,Mrs.KLF,CC BY 2.0,https://www.flickr.com/photos/25027629@N05/3676221175
oi_80e4e2dc24401f73.jpg,Open Images V7,train,Maestro_AU,CC BY 2.0,https://www.flickr.com/photos/maestro_au/3540439920
oi_80e573a1c29b01b6.jpg,Open Images V7,test,Duane Tate,CC BY 2.0,https://www.flickr.com/photos/fdtate/3902613029
oi_80ef8ad26dffb9fa.jpg,Open Images V7,train,Esther Cantero,CC BY 2.0,https://www.flickr.com/photos/esthercantero/15570728720
oi_80fa65586db2e5da.jpg,Open Images V7,train,Brian Jeffery Beggerly,CC BY 2.0,https://www.flickr.com/photos/beggs/8968954781
oi_80fb209e453792b8.jpg,Open Images V7,test,Jim G,CC BY 2.0,https://www.flickr.com/photos/jimg944/133023897
oi_80fdaec3e5536f3b.jpg,Open Images V7,train,Lisa Williams,CC BY 2.0,https://www.flickr.com/photos/pixellou/10737857753
oi_81199fc5997c238c.jpg,Open Images V7,train,Adam Caudill,CC BY 2.0,https://www.flickr.com/photos/adamcaudill/5248501321/
oi_811a785b9ec86f4c.jpg,Open Images V7,train,Lee Coursey,CC BY 2.0,https://www.flickr.com/photos/leeco/8535977728
oi_811b8274d6e1e0d5.jpg,Open Images V7,val,Virginia State Parks,CC BY 2.0,https://www.flickr.com/photos/vastateparksstaff/19639552525
oi_811bc98715a5c83f.jpg,Open Images V7,train,Marcel &quot;MadJo&quot; de Jong,CC BY 2.0,https://www.flickr.com/photos/madjo/7043290269
oi_812625bac35b0d02.jpg,Open Images V7,val,Shubert Ciencia,CC BY 2.0,https://www.flickr.com/photos/bigberto/1821873084
oi_812fc41ccf83e038.jpg,Open Images V7,train,Jimmie,CC BY 2.0,https://www.flickr.com/photos/jimmiehomeschoolmom/552285309
oi_815706b0567697fc.jpg,Open Images V7,train,Kay Kim,CC BY 2.0,https://www.flickr.com/photos/kaykim/3883340152
oi_816227c230291e63.jpg,Open Images V7,test,GanMed64,CC BY 2.0,https://www.flickr.com/photos/ganmed64/15401371046
oi_8164462543568b47.jpg,Open Images V7,train,Lin Mei,CC BY 2.0,https://www.flickr.com/photos/leomei/1722174559
oi_817f42874c62fe44.jpg,Open Images V7,train,NOAA Photo Library,CC BY 2.0,https://www.flickr.com/photos/noaaphotolib/5278080008
oi_818da406bd94e038.jpg,Open Images V7,test,abdallahh,CC BY 2.0,https://www.flickr.com/photos/husseinabdallah/3902531302
oi_8198ee687ed1164f.jpg,Open Images V7,train,Mike Baird,CC BY 2.0,https://www.flickr.com/photos/mikebaird/6688218631
oi_81acd178dc4a1a85.jpg,Open Images V7,val,JB Mellquist,CC BY 2.0,https://www.flickr.com/photos/jbmellquist/11793262855
oi_81b30de800beef76.jpg,Open Images V7,val,Toshihiro Gamo,CC BY 2.0,https://www.flickr.com/photos/dakiny/4651719413
oi_81bd1dd550fe503d.jpg,Open Images V7,test,latteda,CC BY 2.0,https://www.flickr.com/photos/latteda/8051013082
oi_81d98f4a680c02f5.jpg,Open Images V7,train,Ruth Hartnup,CC BY 2.0,https://www.flickr.com/photos/ruthanddave/7055052233
oi_81dcd8ee6c4ae61e.jpg,Open Images V7,train,Derek Keats,CC BY 2.0,https://www.flickr.com/photos/dkeats/9220444877
oi_81e70b5af9a4029c.jpg,Open Images V7,test,Virginia State Parks,CC BY 2.0,https://www.flickr.com/photos/vastateparksstaff/19581526003
oi_81e723b58ab6d638.jpg,Open Images V7,train,&gt;littleyiye&lt;,CC BY 2.0,https://www.flickr.com/photos/little_yiye/6952793192
oi_81f2bb866ce408ce.jpg,Open Images V7,train,cdorobek,CC BY 2.0,https://www.flickr.com/photos/cdorobek/4455745623
oi_81f8cc502546d115.jpg,Open Images V7,train,Joe Giordano,CC BY 2.0,https://www.flickr.com/photos/28744394@N08/18010624348
oi_81f96ad9d5a588b1.jpg,Open Images V7,val,Danny Robinson,CC BY 2.0,https://www.flickr.com/photos/dannyrobinson/8955774674
oi_81fbdc008cba6d00.jpg,Open Images V7,train,Haundreis,CC BY 2.0,https://www.flickr.com/photos/haundreis/2698909570
oi_82023f224aba74b6.jpg,Open Images V7,train,Cristóbal Alvarado Minic,CC BY 2.0,https://www.flickr.com/photos/ctam/4157059186
oi_8204dd96d04cd172.jpg,Open Images V7,train,Daniella Vereeken,CC BY 2.0,https://www.flickr.com/photos/betta-online/1543895873
oi_820a67e3833f93cd.jpg,Open Images V7,train,Barb Crawford,CC BY 2.0,https://www.flickr.com/photos/barbcrawford/2270168664
oi_8228d22022737722.jpg,Open Images V7,train,Drew Avery,CC BY 2.0,https://www.flickr.com/photos/33590535@N06/4101960418
oi_8229b99c52a2f47f.jpg,Open Images V7,train,Michael Hicks,CC BY 2.0,https://www.flickr.com/photos/mulad/12919692703
oi_822af5bad9848998.jpg,Open Images V7,train,Mike Bowler,CC BY 2.0,https://www.flickr.com/photos/mbowler/12579767604
oi_8234555c2565d2b7.jpg,Open Images V7,train,Spirit-Fire,CC BY 2.0,https://www.flickr.com/photos/spirit-fire/4738937729
oi_823ed5f5635c8563.jpg,Open Images V7,train,katiebordner,CC BY 2.0,https://www.flickr.com/photos/katiebordner/2571070977
oi_826d9f0c5676f8f6.jpg,Open Images V7,train,Teppo Kotirinta,CC BY 2.0,https://www.flickr.com/photos/voidobjects/11157143733
oi_82899604be80703f.jpg,Open Images V7,train,otama,CC BY 2.0,https://www.flickr.com/photos/otama/301301882
oi_828c90b2faa8a75b.jpg,Open Images V7,train,Tomáš Zeleninský,CC BY 2.0,https://www.flickr.com/photos/mrxwa/2133566449
oi_82979649875968af.jpg,Open Images V7,train,Eric Chan,CC BY 2.0,https://www.flickr.com/photos/maveric2003/63110612
oi_82a0ddb62b343d2d.jpg,Open Images V7,train,Justin Jensen,CC BY 2.0,https://www.flickr.com/photos/justinjensen/4453883515
oi_82b3fbccc6ef4a94.jpg,Open Images V7,train,Anna  Barnett,CC BY 2.0,https://www.flickr.com/photos/anna-barnett/4415856363
oi_82bd46fd5eab1911.jpg,Open Images V7,train,Philippe Guillaume,CC BY 2.0,https://www.flickr.com/photos/philippeguillaume/3711785987
oi_82dc48423897a1b2.jpg,Open Images V7,train,Thomas Geersing,CC BY 2.0,https://www.flickr.com/photos/happy_peanuts/4119518256
oi_82f811051b220df2.jpg,Open Images V7,val,Derek Keats,CC BY 2.0,https://www.flickr.com/photos/dkeats/6147232689
oi_82f870fe41db7d73.jpg,Open Images V7,train,Steve Lacey,CC BY 2.0,https://www.flickr.com/photos/stevelacey/7321519372
oi_83012008029e793d.jpg,Open Images V7,train,Reinis Traidas,CC BY 2.0,https://www.flickr.com/photos/reinis/383412240
oi_8303d89b58f5e36d.jpg,Open Images V7,train,NatalieMaynor,CC BY 2.0,https://www.flickr.com/photos/nataliemaynor/5024235377
oi_8304fc21c2305b92.jpg,Open Images V7,train,Gautier Poupeau,CC BY 2.0,https://www.flickr.com/photos/lespetitescases/3996405697
oi_83283035df5e29c8.jpg,Open Images V7,train,Cliff Cooper,CC BY 2.0,https://www.flickr.com/photos/dizfunk/6947912683
oi_832ae57462443797.jpg,Open Images V7,train,flowcomm,CC BY 2.0,https://www.flickr.com/photos/flowcomm/10635161126
oi_8356e7088019b69c.jpg,Open Images V7,val,Ken and Nyetta,CC BY 2.0,https://www.flickr.com/photos/kjfnjy/16158611759
oi_8389e5247c80be5d.jpg,Open Images V7,train,Karunakar Rayker,CC BY 2.0,https://www.flickr.com/photos/krayker/2124889070
oi_838c66fe976d95fa.jpg,Open Images V7,train,Nida Haider,CC BY 2.0,https://www.flickr.com/photos/30242004@N02/3382038727
oi_839c821dfd9dce47.jpg,Open Images V7,val,Jerry Kirkhart,CC BY 2.0,https://www.flickr.com/photos/jkirkhart35/2472458635/
oi_839d826b945b3a84.jpg,Open Images V7,train,JeffChristiansen,CC BY 2.0,https://www.flickr.com/photos/jeffchristiansen/6840548678
oi_83b62016a3305694.jpg,Open Images V7,val,Christopher Michel,CC BY 2.0,https://www.flickr.com/photos/cmichel67/8376424464
oi_83d32b01f300f725.jpg,Open Images V7,train,Paul Krawczuk,CC BY 2.0,https://www.flickr.com/photos/krawczuk/9333368247/
oi_83d368d8d4abd360.jpg,Open Images V7,train,yvonne n,CC BY 2.0,https://www.flickr.com/photos/yvonne_n_1968/542342640
oi_83d6eb03eca7af7f.jpg,Open Images V7,train,q phia,CC BY 2.0,https://www.flickr.com/photos/q-phia/13118043714
oi_83ec9bfb98dddc14.jpg,Open Images V7,train,Jaime de la Fuente,CC BY 2.0,https://www.flickr.com/photos/jfuentejr/387320531
oi_83f61324d13e4a19.jpg,Open Images V7,val,James St. John,CC BY 2.0,https://www.flickr.com/photos/jsjgeology/15531095154
oi_84299cbb8568332e.jpg,Open Images V7,train,Brian Gratwicke,CC BY 2.0,https://www.flickr.com/photos/briangratwicke/4892301842
oi_8434cbed50a1a321.jpg,Open Images V7,train,rhapsodyrabbbit,CC BY 2.0,https://www.flickr.com/photos/afewsquarefeet/4214634020
oi_8451f6aae8e806a3.jpg,Open Images V7,train,LASZLO ILYES,CC BY 2.0,https://www.flickr.com/photos/laszlo-photo/181549127
oi_84595629b92b7b88.jpg,Open Images V7,train,Chris Nystrom,CC BY 2.0,https://www.flickr.com/photos/36614889@N00/11357463
oi_8461337813494775.jpg,Open Images V7,train,California Department of Fish and Wildlife,CC BY 2.0,https://www.flickr.com/photos/californiadfg/15742716657
oi_8476d79239f80e70.jpg,Open Images V7,train,tata_aka_T,CC BY 2.0,https://www.flickr.com/photos/12453467@N00/2508711985
oi_848ec562c82e9c3a.jpg,Open Images V7,val,Aaron Logan,CC BY 2.0,https://www.flickr.com/photos/lightmatter/3281628085
oi_848ffed1d0baa619.jpg,Open Images V7,val,Stephen Chin,CC BY 2.0,https://www.flickr.com/photos/steveonjava/12240787875/
oi_84b66b691afd0cc8.jpg,Open Images V7,test,~Pyb,CC BY 2.0,https://www.flickr.com/photos/pyb/4424605261
oi_84beefc0f619f2f8.jpg,Open Images V7,val,U.S. Fish and Wildlife Service Southeast Region,CC BY 2.0,https://www.flickr.com/photos/usfwssoutheast/7609444764
oi_84bfe03a3a4ec469.jpg,Open Images V7,test,Vincent Lou,CC BY 2.0,https://www.flickr.com/photos/itsdesire/12737063615
oi_84c220293dc5d04c.jpg,Open Images V7,train,Phalinn Ooi,CC BY 2.0,https://www.flickr.com/photos/phalinn/20629836101
oi_84db881f4d3d4895.jpg,Open Images V7,val,David~O,CC BY 2.0,https://www.flickr.com/photos/8106459@N07/2614773887
oi_84e5044f380c2526.jpg,Open Images V7,train,Tim Regan,CC BY 2.0,https://www.flickr.com/photos/dumbledad/3440340019
oi_84f5af919189b7e1.jpg,Open Images V7,train,NOAA Photo Library,CC BY 2.0,https://www.flickr.com/photos/noaaphotolib/9734421198
oi_851793116633a8b7.jpg,Open Images V7,train,Amit Patel,CC BY 2.0,https://www.flickr.com/photos/amitp/15197825746
oi_8531498b73a4ba57.jpg,Open Images V7,val,Erika Lombardo,CC BY 2.0,https://www.flickr.com/photos/erika3/3564991010
oi_853cf65b405157f2.jpg,Open Images V7,val,Alan Isherwood,CC BY 2.0,https://www.flickr.com/photos/dwz/36171572
oi_8540198d1149fc97.jpg,Open Images V7,train,Aaron,CC BY 2.0,https://www.flickr.com/photos/araddon/3819504196
oi_854ffd0eb8f79029.jpg,Open Images V7,val,Richard-G,CC BY 2.0,https://www.flickr.com/photos/richard-g/4645958870
oi_856c238a06dd3f78.jpg,Open Images V7,train,FWC Fish and Wildlife Research Institute,CC BY 2.0,https://www.flickr.com/photos/myfwc/11670933263
oi_857156685dc17470.jpg,Open Images V7,train,jimmyweee,CC BY 2.0,https://www.flickr.com/photos/jimmyg/418436574
oi_85784359bda76d52.jpg,Open Images V7,train,Robert Hunt,CC BY 2.0,https://www.flickr.com/photos/rb-rt/4369399122
oi_85926a46f91ef600.jpg,Open Images V7,val,London looks,CC BY 2.0,https://www.flickr.com/photos/londonlooks/4478788550
oi_8592910b1192910d.jpg,Open Images V7,train, Nick,CC BY 2.0,https://www.flickr.com/photos/nick_hang/7179433091
oi_8595d1f757714eac.jpg,Open Images V7,test,Serge Melki,CC BY 2.0,https://www.flickr.com/photos/sergemelki/339332320
oi_859aab4892315131.jpg,Open Images V7,train,Christopher Michel,CC BY 2.0,https://www.flickr.com/photos/cmichel67/11240253586
oi_85a68a9588237e61.jpg,Open Images V7,test,Abi Skipp,CC BY 2.0,https://www.flickr.com/photos/9557815@N05/4105647440
oi_85a744b97fdcb36c.jpg,Open Images V7,train,Edward Carey,CC BY 2.0,https://www.flickr.com/photos/photo-graphar/14527014659
oi_85b1d36903811241.jpg,Open Images V7,train,Rusty Clark - On the Air M-F 8am-noon,CC BY 2.0,https://www.flickr.com/photos/rusty_clark/6662287705
oi_85b29a390f385ae0.jpg,Open Images V7,train,randychiu,CC BY 2.0,https://www.flickr.com/photos/randychiu/3065540306/
oi_85bb32d2c4430e69.jpg,Open Images V7,test,paulshaffner,CC BY 2.0,https://www.flickr.com/photos/paulshaffner/2232846434/
oi_85bb92cbcd9f8470.jpg,Open Images V7,train,Jeremy Thompson,CC BY 2.0,https://www.flickr.com/photos/rollercoasterphilosophy/6975037237
oi_85bdc72624fdb1c1.jpg,Open Images V7,train,Daniel Novta,CC BY 2.0,https://www.flickr.com/photos/vanf/6155887461
oi_85bfc9b334185cf7.jpg,Open Images V7,train,Frontierofficial,CC BY 2.0,https://www.flickr.com/photos/frontierofficial/9837881986
oi_85d696bf16b8b368.jpg,Open Images V7,train,"Jim, the Photographer",CC BY 2.0,https://www.flickr.com/photos/jcapaldi/3916378750
oi_85d9e1d3459c402a.jpg,Open Images V7,test,Derek Keats,CC BY 2.0,https://www.flickr.com/photos/dkeats/6238367346
oi_85db309e2f83adf0.jpg,Open Images V7,train,Robert Gray,CC BY 2.0,https://www.flickr.com/photos/55063261@N06/15234018619
oi_85e98da1e153164a.jpg,Open Images V7,val,Mike Riela,CC BY 2.0,https://www.flickr.com/photos/mikeriela/7993908129
oi_85ec0d82a9ee074e.jpg,Open Images V7,val,Strange Ones,CC BY 2.0,https://www.flickr.com/photos/strangeones/339708643
oi_860dbeacdfd3cd1a.jpg,Open Images V7,train,focusedcapture,CC BY 2.0,https://www.flickr.com/photos/focusedcapture/5430542678
oi_8639ce2e735589fc.jpg,Open Images V7,val,Chuck Abbe,CC BY 2.0,https://www.flickr.com/photos/chuckthephotographer/2188891838
oi_863f0d4799e3bfcf.jpg,Open Images V7,train,jayhem,CC BY 2.0,https://www.flickr.com/photos/jayhem/3298310483
oi_864ab45d02eea08c.jpg,Open Images V7,train,Clinton &amp; Charles Robertson,CC BY 2.0,https://www.flickr.com/photos/dad_and_clint/8165863586
oi_865e30d05cc1e92e.jpg,Open Images V7,val,lin padgham,CC BY 2.0,https://www.flickr.com/photos/linpadgham/2589169743
oi_866d399ba2d92397.jpg,Open Images V7,train,regan76,CC BY 2.0,https://www.flickr.com/photos/j_regan/9359582402
oi_867a966a2298e5b5.jpg,Open Images V7,train,Brian Gratwicke,CC BY 2.0,https://www.flickr.com/photos/briangratwicke/6182435412
oi_867b7530247f7d5c.jpg,Open Images V7,val,holga_new_orleans,CC BY 2.0,https://www.flickr.com/photos/xhero/2108977647
oi_8690d89452674028.jpg,Open Images V7,train,HarshLight,CC BY 2.0,https://www.flickr.com/photos/harshlight/2627459088
oi_869837bf83cabd84.jpg,Open Images V7,train,sneakerdog,CC BY 2.0,https://www.flickr.com/photos/sneakerdog/3686780147
oi_869c562f3f3a0240.jpg,Open Images V7,train,John VanderHaagen,CC BY 2.0,https://www.flickr.com/photos/jvh33/502362150
oi_86c6fb9fecaf5262.jpg,Open Images V7,train,Rebecca Siegel,CC BY 2.0,https://www.flickr.com/photos/grongar/8703213634
oi_86cbf453cc54e8ee.jpg,Open Images V7,train,Paul Asman and Jill Lenoble,CC BY 2.0,https://www.flickr.com/photos/pauljill/15670047467
oi_86dff679af1c0b18.jpg,Open Images V7,test,Ruth Hartnup,CC BY 2.0,https://www.flickr.com/photos/ruthanddave/54239412
oi_86e5333d4bac67c9.jpg,Open Images V7,train,Aaron Logan,CC BY 2.0,https://www.flickr.com/photos/lightmatter/3281636727
oi_86e7ca1673d3794c.jpg,Open Images V7,train,Boris Kasimov,CC BY 2.0,https://www.flickr.com/photos/kasio69/11654760353
oi_86fcec7d3105e48e.jpg,Open Images V7,train,Anna  Barnett,CC BY 2.0,https://www.flickr.com/photos/anna-barnett/3955049456
oi_8708e3056176bae9.jpg,Open Images V7,val,Cesar I. Martins,CC BY 2.0,https://www.flickr.com/photos/cesar_camilla/15677930249
oi_870dc9790465f6d8.jpg,Open Images V7,train,Benoît Daffos,CC BY 2.0,https://www.flickr.com/photos/dabe_fr/3880050269
oi_870fa17bee01c718.jpg,Open Images V7,test,Mike Baird,CC BY 2.0,https://www.flickr.com/photos/mikebaird/14408378222
oi_8724be881dbebe2e.jpg,Open Images V7,train,Brian Gratwicke,CC BY 2.0,https://www.flickr.com/photos/briangratwicke/14625171318
oi_8726313d256733d0.jpg,Open Images V7,val,Predrag Stojadinovic,CC BY 2.0,https://www.flickr.com/photos/stojadinovicp/7333082896
oi_872cebb9b9791d5f.jpg,Open Images V7,test,Satoshi KINOKUNI,CC BY 2.0,https://www.flickr.com/photos/nikunoki/8320103591
oi_8739425b48db5566.jpg,Open Images V7,train,McKay Savage,CC BY 2.0,https://www.flickr.com/photos/mckaysavage/9971808554
oi_873f5af4f560dd09.jpg,Open Images V7,train,Yannick Vernet,CC BY 2.0,https://www.flickr.com/photos/yannick_vernet/17112509349
oi_8746f204ff715062.jpg,Open Images V7,train,Joi Ito,CC BY 2.0,https://www.flickr.com/photos/joi/5209338983
oi_874b3072a77721b0.jpg,Open Images V7,train,Richard Fisher,CC BY 2.0,https://www.flickr.com/photos/richardfisher/2987284955
oi_874b5e57bd9ce894.jpg,Open Images V7,val,Rob DiCaterino,CC BY 2.0,https://www.flickr.com/photos/goodrob13/19343763441
oi_875119c0245fcf3b.jpg,Open Images V7,train,Lwp Kommunikáció,CC BY 2.0,https://www.flickr.com/photos/lwpkommunikacio/20152161890
oi_87691403d3898725.jpg,Open Images V7,train,Lakshmi Sawitri,CC BY 2.0,https://www.flickr.com/photos/elsaw/16049354522
oi_8769643df1850a11.jpg,Open Images V7,train,Audrey,CC BY 2.0,https://www.flickr.com/photos/audreyjm529/242482768
oi_876baceaa8b5ccf4.jpg,Open Images V7,train,Mark Doliner,CC BY 2.0,https://www.flickr.com/photos/markdoliner/15406378469
oi_87b71db0541bc2c3.jpg,Open Images V7,val,Tyler Karaszewski,CC BY 2.0,https://www.flickr.com/photos/tylerkaraszewski/3941395825
oi_87c337a0e7c426ad.jpg,Open Images V7,train,Party Lin,CC BY 2.0,https://www.flickr.com/photos/party0/4372454880
oi_87c40637c016eae0.jpg,Open Images V7,train,Christian Córdova,CC BY 2.0,https://www.flickr.com/photos/ccordova/6508717795
oi_87cdb74a459b8560.jpg,Open Images V7,train,Mike Baird,CC BY 2.0,https://www.flickr.com/photos/mikebaird/5906968230
oi_87dc1392bdc19bdb.jpg,Open Images V7,train,Natalie  Lucier,CC BY 2.0,https://www.flickr.com/photos/natalielucier/3623113671
oi_87e37f358a1e1ab0.jpg,Open Images V7,train,Scazon,CC BY 2.0,https://www.flickr.com/photos/scazon/3037620444
oi_87ebf6cc0238310a.jpg,Open Images V7,val,okano,CC BY 2.0,https://www.flickr.com/photos/okano/2351717910
oi_880b4b00f75260ec.jpg,Open Images V7,train,Christian Jensen,CC BY 2.0,https://www.flickr.com/photos/cs-jay/4072886841
oi_880f5154382db44b.jpg,Open Images V7,train,James St. John,CC BY 2.0,https://www.flickr.com/photos/jsjgeology/15956632538
oi_882d5e9f462ac594.jpg,Open Images V7,val,Johnny Jet,CC BY 2.0,https://www.flickr.com/photos/johnnyjet/3260404352
oi_8834cd37ceba53c6.jpg,Open Images V7,train,Tony Hisgett,CC BY 2.0,https://www.flickr.com/photos/hisgett/5729986935
oi_885059b426de19fe.jpg,Open Images V7,train,Jon Rawlinson,CC BY 2.0,https://www.flickr.com/photos/london/2070214
oi_88712a7832b4d473.jpg,Open Images V7,train,Kristian Mollenborg,CC BY 2.0,https://www.flickr.com/photos/mollenborg/19653761428
oi_887beb71b229adaf.jpg,Open Images V7,val,Krabiman,CC BY 2.0,https://www.flickr.com/photos/krabiman/3733667787
oi_887d2a5d53f65de0.jpg,Open Images V7,train,Anton Sim,CC BY 2.0,https://www.flickr.com/photos/antonsim/6887567188
oi_88823066fd36521d.jpg,Open Images V7,train,rickh710,CC BY 2.0,https://www.flickr.com/photos/rickh710/4386497824
oi_88ad3ccab946fddb.jpg,Open Images V7,test,Biodiversity Heritage Library,CC BY 2.0,https://www.flickr.com/photos/biodivlibrary/7589932572/
oi_88b7b6f62bcd5a0d.jpg,Open Images V7,train,Mary Petersen,CC BY 2.0,https://www.flickr.com/photos/marypetersen/11497042645
oi_88bbb0acf11c76b9.jpg,Open Images V7,train,MIKI Yoshihito,CC BY 2.0,https://www.flickr.com/photos/mujitra/5541208023
oi_88cdf3e94fda84ba.jpg,Open Images V7,train,Alex C,CC BY 2.0,https://www.flickr.com/photos/alexchoi/404756265
oi_88db8eaa3baf0016.jpg,Open Images V7,val,Zengame,CC BY 2.0,https://www.flickr.com/photos/zengame/13222415434/
oi_88e38abca40cd4d2.jpg,Open Images V7,train,skeddy in NYC,CC BY 2.0,https://www.flickr.com/photos/scottkeddy/536659181
oi_88e7528d430e7955.jpg,Open Images V7,train,John Stratford,CC BY 2.0,https://www.flickr.com/photos/john47kent/3252643202
oi_88f27acaedaabfb6.jpg,Open Images V7,train,Mary Petersen,CC BY 2.0,https://www.flickr.com/photos/marypetersen/4992727573
oi_88f2dc4ad5b87dc6.jpg,Open Images V7,test,Christopher Michel,CC BY 2.0,https://www.flickr.com/photos/cmichel67/8369568697
oi_88fd75ca49f88c5e.jpg,Open Images V7,train,Julie Lyn,CC BY 2.0,https://www.flickr.com/photos/14486460@N00/8227360403
oi_890104f0563200fc.jpg,Open Images V7,train,Stig Nygaard,CC BY 2.0,https://www.flickr.com/photos/stignygaard/452205187
oi_890b3c78b0fb29ec.jpg,Open Images V7,test,Tommy Wong,CC BY 2.0,https://www.flickr.com/photos/gracewong/5994215766
oi_890bfa17fe0be295.jpg,Open Images V7,train,Kathleen Tyler Conklin,CC BY 2.0,https://www.flickr.com/photos/ktylerconk/2973645038
oi_8924839edbf37c6f.jpg,Open Images V7,train,Bureau of Land Management Oregon and Washington,CC BY 2.0,https://www.flickr.com/photos/blmoregon/15178577716/
oi_8927752ee07ca805.jpg,Open Images V7,train,Petteri Sulonen,CC BY 2.0,https://www.flickr.com/photos/primejunta/330189416
oi_8934532f762f5a17.jpg,Open Images V7,train,Kristian Mollenborg,CC BY 2.0,https://www.flickr.com/photos/mollenborg/4806011147
oi_89346588e92feef5.jpg,Open Images V7,val,Flavio Ensiki,CC BY 2.0,https://www.flickr.com/photos/flavouz/9104709824
oi_8939bb81dc7ba1cb.jpg,Open Images V7,train,Makuahine Pa&#x27;i Ki&#x27;i,CC BY 2.0,https://www.flickr.com/photos/hawaii-mcgraths/3641265081
oi_893b531d93d94beb.jpg,Open Images V7,train,NOAA Photo Library,CC BY 2.0,https://www.flickr.com/photos/noaaphotolib/5078489142
oi_89419e3a1b8c0b51.jpg,Open Images V7,val,ArminFlickr,CC BY 2.0,https://www.flickr.com/photos/arminflikr/16829031185
oi_895218891d637031.jpg,Open Images V7,val,Dallas Krentzel,CC BY 2.0,https://www.flickr.com/photos/31867959@N04/7429199342
oi_89561597052f9419.jpg,Open Images V7,train,Pia Waugh,CC BY 2.0,https://www.flickr.com/photos/piawaugh/16530309987
oi_895d43afd504b0d7.jpg,Open Images V7,test,flickker photos,CC BY 2.0,https://www.flickr.com/photos/38504374@N02/3607326658
oi_8982401d812b618b.jpg,Open Images V7,train,Loraine Calderoni,CC BY 2.0,https://www.flickr.com/photos/trogloren/3826906603
oi_898cb192a03f4061.jpg,Open Images V7,train,Stephen Colebourne,CC BY 2.0,https://www.flickr.com/photos/jodastephen/5696994185
oi_8991d8549add6f62.jpg,Open Images V7,train,Paul Krawczuk,CC BY 2.0,https://www.flickr.com/photos/krawczuk/9325675742
oi_89b468b7161e57ca.jpg,Open Images V7,train,Ian Griffiths,CC BY 2.0,https://www.flickr.com/photos/bladeflyer/7988993603/in/photostream/
oi_89bfb2f99de31579.jpg,Open Images V7,train,Jay,CC BY 2.0,https://www.flickr.com/photos/jaybock/3490346010
oi_89ceedbd2514b420.jpg,Open Images V7,train,Paul Bourke,CC BY 2.0,https://www.flickr.com/photos/brk3/12862079485
oi_89d5f49ef0a9d606.jpg,Open Images V7,train,Barney Moss,CC BY 2.0,https://www.flickr.com/photos/barneymoss/15074838471
oi_89d623a560571178.jpg,Open Images V7,train,Alan Isherwood,CC BY 2.0,https://www.flickr.com/photos/dwz/36489145
oi_89d6e0eb3a69c109.jpg,Open Images V7,val,nick mote,CC BY 2.0,https://www.flickr.com/photos/mote/156881309
oi_89dbed7c2ddf61ff.jpg,Open Images V7,train,Kathleen Tyler Conklin,CC BY 2.0,https://www.flickr.com/photos/ktylerconk/2973645374
oi_89f7e6067bdd1f06.jpg,Open Images V7,test,internets_dairy,CC BY 2.0,https://www.flickr.com/photos/16339684@N00/4010013852
oi_8a00eb98eeebd9f5.jpg,Open Images V7,val,NOAA Photo Library,CC BY 2.0,https://www.flickr.com/photos/noaaphotolib/9733999978
oi_8a04a338d033ef90.jpg,Open Images V7,train,Danny Sullivan,CC BY 2.0,https://www.flickr.com/photos/dannysullivan/293470264
oi_8a0b1a63dbf4b7cc.jpg,Open Images V7,train,Lwp Kommunikáció,CC BY 2.0,https://www.flickr.com/photos/lwpkommunikacio/14850627505
oi_8a124a2528400df4.jpg,Open Images V7,train,Rusty Clark - On the Air M-F 8am-noon,CC BY 2.0,https://www.flickr.com/photos/rusty_clark/8437005472
oi_8a1e244acecfa143.jpg,Open Images V7,train,pululante,CC BY 2.0,https://www.flickr.com/photos/pululante/2089670046
oi_8a224fda6a6f98d7.jpg,Open Images V7,test,Anita Ritenour,CC BY 2.0,https://www.flickr.com/photos/puliarfanita/9603006209
oi_8a30a6927dbf432d.jpg,Open Images V7,train,Amila Tennakoon,CC BY 2.0,https://www.flickr.com/photos/lakpura/15686434418
oi_8a428756fd296ac6.jpg,Open Images V7,train,francois schnell,CC BY 2.0,https://www.flickr.com/photos/frenchy/372378243
oi_8a4b8cadfafa0e20.jpg,Open Images V7,train,GoToVan,CC BY 2.0,https://www.flickr.com/photos/gotovan/6529406745
oi_8a4d4da207b899af.jpg,Open Images V7,test,jayhem,CC BY 2.0,https://www.flickr.com/photos/jayhem/218727656
oi_8a53ea23b7f31f1e.jpg,Open Images V7,train,Brian Gratwicke,CC BY 2.0,https://www.flickr.com/photos/briangratwicke/5414936552
oi_8a5e80dfd6e23450.jpg,Open Images V7,val,SaraYeomans,CC BY 2.0,https://www.flickr.com/photos/yeomans/81133170
oi_8a72af310bd10ec0.jpg,Open Images V7,train,Gail Frederick,CC BY 2.0,https://www.flickr.com/photos/galfred/518518525
oi_8a7e42320fbcc1ce.jpg,Open Images V7,train,Mike Baird,CC BY 2.0,https://www.flickr.com/photos/mikebaird/4839800350
oi_8aa0955d04f48465.jpg,Open Images V7,train,Ben Stephenson,CC BY 2.0,https://www.flickr.com/photos/benstephenson/4295048476/
oi_8aaf454f80d2fc44.jpg,Open Images V7,train,Steve Jurvetson,CC BY 2.0,https://www.flickr.com/photos/jurvetson/8630884612
oi_8ac4eae3496efb7d.jpg,Open Images V7,train,merec0,CC BY 2.0,https://www.flickr.com/photos/merec0/2225971630
oi_8ac647e527531dce.jpg,Open Images V7,train,Jon Åslund,CC BY 2.0,https://www.flickr.com/photos/jooon/5515672069
oi_8ace8b9171c866fb.jpg,Open Images V7,train,LongitudeLatitude,CC BY 2.0,https://www.flickr.com/photos/longitudelatitude/2646426685
oi_8ad280c371bc2c39.jpg,Open Images V7,train,Andy Rusch,CC BY 2.0,https://www.flickr.com/photos/asrusch/4412331715
oi_8ae37ea208b355f3.jpg,Open Images V7,train,Steve L. Martin,CC BY 2.0,https://www.flickr.com/photos/64476710@N00/3475029403
oi_8ae49a843a0d3456.jpg,Open Images V7,test,Alan Levine,CC BY 2.0,https://www.flickr.com/photos/cogdog/18913113110
oi_8ae605978689d302.jpg,Open Images V7,val,dustinpsmith,CC BY 2.0,https://www.flickr.com/photos/dustinpsmith/3083478877
oi_8aec0c537c2482e6.jpg,Open Images V7,val,Elliott Brown,CC BY 2.0,https://www.flickr.com/photos/ell-r-brown/6952782864
oi_8b01f883fb242748.jpg,Open Images V7,train,Reading Tom,CC BY 2.0,https://www.flickr.com/photos/16801915@N06/7691085104
oi_8b1b35028b3630f4.jpg,Open Images V7,val,Jake Mohan,CC BY 2.0,https://www.flickr.com/photos/jakemohan/4477507898
oi_8b1f26529da1a9d0.jpg,Open Images V7,train,Mark Skipper,CC BY 2.0,https://www.flickr.com/photos/bitterjug/3548357914/
oi_8b205f49a3130388.jpg,Open Images V7,train,demi,CC BY 2.0,https://www.flickr.com/photos/vaionnoth/7789452738
oi_8b296aa442853322.jpg,Open Images V7,train,Daniel Ramirez,CC BY 2.0,https://www.flickr.com/photos/danramarch/4439082691
oi_8b36e2151062a1a6.jpg,Open Images V7,test,Jaden Maru,CC BY 2.0,https://www.flickr.com/photos/jadenmaru/14989183131/
oi_8b40643689103452.jpg,Open Images V7,train,Diego Correa,CC BY 2.0,https://www.flickr.com/photos/pitzyper/2507252714
oi_8b49658b792840af.jpg,Open Images V7,train,Banzai Hiroaki,CC BY 2.0,https://www.flickr.com/photos/imgdive/3395657690
oi_8b52b0484994306a.jpg,Open Images V7,val,Gilad Rom,CC BY 2.0,https://www.flickr.com/photos/gilad_rom/648296122
oi_8b59f0629e3174c7.jpg,Open Images V7,val,Jennifer Peyton,CC BY 2.0,https://www.flickr.com/photos/peytonjenn/2642512341
oi_8b5fd01dfb5a43f2.jpg,Open Images V7,train,mozzercork,CC BY 2.0,https://www.flickr.com/photos/mozzercork/126255674
oi_8b643a122eeffa28.jpg,Open Images V7,test,Hiroshi Nishimoto,CC BY 2.0,https://www.flickr.com/photos/cinaflox/17000159777
oi_8b786dd64a8d0348.jpg,Open Images V7,train,bijapuri ( Ed Sentner ),CC BY 2.0,https://www.flickr.com/photos/bijapuri/4931678272
oi_8b858287c45d37c6.jpg,Open Images V7,val,Allie_Caulfield,CC BY 2.0,https://www.flickr.com/photos/wm_archiv/2676162123
oi_8b96449f873a531f.jpg,Open Images V7,val,Christopher Michel,CC BY 2.0,https://www.flickr.com/photos/cmichel67/20992652313
oi_8ba62fb1b749595e.jpg,Open Images V7,train,amanderson2,CC BY 2.0,https://www.flickr.com/photos/amanderson/12672994784
oi_8bbbd1c7f2dd71a3.jpg,Open Images V7,test,Christopher Michel,CC BY 2.0,https://www.flickr.com/photos/cmichel67/11240188915
oi_8bc06d9bfd94da30.jpg,Open Images V7,val,Alex Healing,CC BY 2.0,https://www.flickr.com/photos/alexhealing/4248647919
oi_8bd39e5670a5c9c3.jpg,Open Images V7,train,fidber,CC BY 2.0,https://www.flickr.com/photos/metay/16601288533
oi_8bd86a3f8aa84da8.jpg,Open Images V7,val,WalkingGeek,CC BY 2.0,https://www.flickr.com/photos/wengs/2960616542
oi_8bd93969857567e8.jpg,Open Images V7,train,Patricia Silva,CC BY 2.0,https://www.flickr.com/photos/patophoto/3914513402
oi_8bd9fea5db574e7c.jpg,Open Images V7,val,yeowatzup,CC BY 2.0,https://www.flickr.com/photos/yeowatzup/2821677266
oi_8bdb234e87fe3220.jpg,Open Images V7,train,Leonid Mamchenkov,CC BY 2.0,https://www.flickr.com/photos/mamchenkov/160814509
oi_8bdbb7e5ed998199.jpg,Open Images V7,val,Elias Levy,CC BY 2.0,https://www.flickr.com/photos/elevy/14730762278
oi_8bf29da483175217.jpg,Open Images V7,train,shankar s.,CC BY 2.0,https://www.flickr.com/photos/shankaronline/16430928346
oi_8bf9e788d22fce9a.jpg,Open Images V7,train,Christian Van Der Henst S.,CC BY 2.0,https://www.flickr.com/photos/cvander/23441227
oi_8c12c2011969c85a.jpg,Open Images V7,train,Marit &amp; Toomas Hinnosaar,CC BY 2.0,https://www.flickr.com/photos/hinnosaar/4473018187
oi_8c13402cd6b74708.jpg,Open Images V7,test,Maia Valenzuela,CC BY 2.0,https://www.flickr.com/photos/maiabee/2760132405
oi_8c18d18d5a3494af.jpg,Open Images V7,train,Ian MacKenzie,CC BY 2.0,https://www.flickr.com/photos/bravenewtraveler/2259181439
oi_8c3812ed5e86233e.jpg,Open Images V7,train,Fraser Mummery,CC BY 2.0,https://www.flickr.com/photos/73014677@N05/16746075857
oi_8c38a1c9cd8276f8.jpg,Open Images V7,val,BARCOS MAANAIM Pesca Esportiva na Amazônia,CC BY 2.0,https://www.flickr.com/photos/barco__maanaim_rio_guapore/7002552541
oi_8c39b1f43568aa6b.jpg,Open Images V7,val,flowcomm,CC BY 2.0,https://www.flickr.com/photos/flowcomm/14021865470
oi_8c4fd01ebed1fd3f.jpg,Open Images V7,train,Nicole Kasper,CC BY 2.0,https://www.flickr.com/photos/62997807@N06/9530376307
oi_8c793cfebd742b45.jpg,Open Images V7,train,Leonid Mamchenkov,CC BY 2.0,https://www.flickr.com/photos/mamchenkov/160875576
oi_8c801e6a5c71bc33.jpg,Open Images V7,train,Ayca Wilson,CC BY 2.0,https://www.flickr.com/photos/ayca13/8608239048
oi_8c9289f59b0ae1ad.jpg,Open Images V7,train,Ste Elmore,CC BY 2.0,https://www.flickr.com/photos/steelmore/2614374015
oi_8cb7cc93abee45a0.jpg,Open Images V7,train,Michael Gil,CC BY 2.0,https://www.flickr.com/photos/msvg/4340863313
oi_8cc1442fc4212ffc.jpg,Open Images V7,val,jeff~,CC BY 2.0,https://www.flickr.com/photos/jphotos/8331312369
oi_8ccdd8b7207bfe33.jpg,Open Images V7,val,Soham Banerjee,CC BY 2.0,https://www.flickr.com/photos/soham_pablo/5484935474
oi_8cf008b1b395f303.jpg,Open Images V7,train,"Jim, the Photographer",CC BY 2.0,https://www.flickr.com/photos/jcapaldi/6019403995
oi_8d083b397243739e.jpg,Open Images V7,train,NOAA Photo Library,CC BY 2.0,https://www.flickr.com/photos/noaaphotolib/5188072748
oi_8d0845e9a24db88d.jpg,Open Images V7,train,Yxes Delacroix,CC BY 2.0,https://www.flickr.com/photos/yxesflickr/15020692491
oi_8d0b5b43c7a3c6de.jpg,Open Images V7,train,Paula Francos Anllo,CC BY 2.0,https://www.flickr.com/photos/paulafrancos/16777046752
oi_8d11f36ac15376b1.jpg,Open Images V7,val,Derek Keats,CC BY 2.0,https://www.flickr.com/photos/dkeats/6522128735
oi_8d39975c3c8f9016.jpg,Open Images V7,train,Rob and Stephanie Levy,CC BY 2.0,https://www.flickr.com/photos/robandstephanielevy/261766980
oi_8d3cc2ee7ee66ca5.jpg,Open Images V7,train,Cirofono,CC BY 2.0,https://www.flickr.com/photos/ciroduran/269677122
oi_8d4802c3e903104f.jpg,Open Images V7,train,prilfish,CC BY 2.0,https://www.flickr.com/photos/silkebaron/3925206993
oi_8d5fa2dbcdfc4c6e.jpg,Open Images V7,val,gordon.milligan,CC BY 2.0,https://www.flickr.com/photos/el-milligano/19646896701
oi_8d6c70d9f77ed387.jpg,Open Images V7,train,Ryosuke Hosoi,CC BY 2.0,https://www.flickr.com/photos/rhosoi/5822329945
oi_8d77384922bab9b3.jpg,Open Images V7,train,Farhan Perdana (Blek),CC BY 2.0,https://www.flickr.com/photos/black_claw/13756949434
oi_8d8eda5a8d2c3156.jpg,Open Images V7,val,chee.hong,CC BY 2.0,https://www.flickr.com/photos/chleong/6874044476
oi_8d95f1c2b4456506.jpg,Open Images V7,val,Hideto KOBAYASHI,CC BY 2.0,https://www.flickr.com/photos/hide10/14883474804
oi_8da51e0eea9b2402.jpg,Open Images V7,train,Derek Wolfgram,CC BY 2.0,https://www.flickr.com/photos/wolfgrams/9646184939
oi_8da53d5d45237ff6.jpg,Open Images V7,train,Will Noakes,CC BY 2.0,https://www.flickr.com/photos/chemist80/3998679623
oi_8da73a11e63d2b65.jpg,Open Images V7,train,Dimitris Siskopoulos,CC BY 2.0,https://www.flickr.com/photos/dimsis/7427482688
oi_8daabeefa17fc30b.jpg,Open Images V7,train,Curt Smith,CC BY 2.0,https://www.flickr.com/photos/curtsm/5535669798
oi_8dadb9fb35b735c7.jpg,Open Images V7,val,Ruth Hartnup,CC BY 2.0,https://www.flickr.com/photos/ruthanddave/178264896
oi_8dae59151608da15.jpg,Open Images V7,train,Christopher Michel,CC BY 2.0,https://www.flickr.com/photos/cmichel67/16228050071
oi_8dbaad81e2635504.jpg,Open Images V7,train,Bonita Suraputra,CC BY 2.0,https://www.flickr.com/photos/21185968@N00/11847288045
oi_8dc79f2c5d4df8f0.jpg,Open Images V7,train,Britt Reints,CC BY 2.0,https://www.flickr.com/photos/emmandevin/8088298685
oi_8dcca8d8eb506eae.jpg,Open Images V7,train,Mike Baird,CC BY 2.0,https://www.flickr.com/photos/mikebaird/521883271
oi_8dd5e605217cb94a.jpg,Open Images V7,train,Mickaël T.,CC BY 2.0,https://www.flickr.com/photos/mickaeltr/3021807374
oi_8dde8db3249256ce.jpg,Open Images V7,train,Don DeBold,CC BY 2.0,https://www.flickr.com/photos/ddebold/2355290324
oi_8df81a537f48b89a.jpg,Open Images V7,val,Phalinn Ooi,CC BY 2.0,https://www.flickr.com/photos/phalinn/14800113795
oi_8dfc70e62d2a0158.jpg,Open Images V7,val,Colby Gutierrez-Kraybill,CC BY 2.0,https://www.flickr.com/photos/cgk/191562098/
oi_8e17b7ecc54e6ea8.jpg,Open Images V7,train,Montserrat Labiaga Ferrer,CC BY 2.0,https://www.flickr.com/photos/montse/3153632696
oi_8e19584f3e24fde0.jpg,Open Images V7,val,A.Davey,CC BY 2.0,https://www.flickr.com/photos/adavey/4465337190
oi_8e20fc667cb16df5.jpg,Open Images V7,train,Bob Peterson,CC BY 2.0,https://www.flickr.com/photos/pondapple/9660348751
oi_8e26d97cb7792c4e.jpg,Open Images V7,test,NOAA Photo Library,CC BY 2.0,https://www.flickr.com/photos/noaaphotolib/11952080683
oi_8e2758fdf0688262.jpg,Open Images V7,test,Jon Connell,CC BY 2.0,https://www.flickr.com/photos/ciamabue/5662154120
oi_8e28752c83b956bd.jpg,Open Images V7,train,Jayvee Fernandez,CC BY 2.0,https://www.flickr.com/photos/jayvee/9295388657
oi_8e38a2cb85dfb112.jpg,Open Images V7,train,Martin Pettitt,CC BY 2.0,https://www.flickr.com/photos/mdpettitt/2681307030/
oi_8e3bacff805d6f09.jpg,Open Images V7,train,Robert,CC BY 2.0,https://www.flickr.com/photos/jemimus/201942469
oi_8e3c3afdb3725faf.jpg,Open Images V7,train,oliver.dodd,CC BY 2.0,https://www.flickr.com/photos/oliverdodd/15908849791
oi_8e410406153d2a6c.jpg,Open Images V7,test,oliver.dodd,CC BY 2.0,https://www.flickr.com/photos/oliverdodd/8349360397
oi_8e47f114854c8592.jpg,Open Images V7,train,Christos Loufopoulos,CC BY 2.0,https://www.flickr.com/photos/ophilos/4677886612
oi_8e4b87b0873829f4.jpg,Open Images V7,train,Holly Occhipinti,CC BY 2.0,https://www.flickr.com/photos/pinti1/9330341210
oi_8e51eaf3d7113e6d.jpg,Open Images V7,train,Ruth Hartnup,CC BY 2.0,https://www.flickr.com/photos/ruthanddave/9242191278
oi_8e589b013aa4400f.jpg,Open Images V7,val,Russell Bernice,CC BY 2.0,https://www.flickr.com/photos/russellbernice/261236729
oi_8e660cc701e0f415.jpg,Open Images V7,train,Chris Pearson,CC BY 2.0,https://www.flickr.com/photos/chrispearson72/2377358443/
oi_8e675bb058a868b5.jpg,Open Images V7,train,istolethetv,CC BY 2.0,https://www.flickr.com/photos/istolethetv/2204856302
oi_8e6e2aba8da5ef0d.jpg,Open Images V7,val,docentjoyce,CC BY 2.0,https://www.flickr.com/photos/docentjoyce/14566141123
oi_8e72fb6337a11ca1.jpg,Open Images V7,train,Yale Peabody Museum of Natural History,CC BY 2.0,https://www.flickr.com/photos/yalepeabodymuseum/14304279661
oi_8e80263288371068.jpg,Open Images V7,train,Brian Gratwicke,CC BY 2.0,https://www.flickr.com/photos/briangratwicke/7078296833
oi_8e87f23745288890.jpg,Open Images V7,train,Dimitris Siskopoulos,CC BY 2.0,https://www.flickr.com/photos/dimsis/20988272182
oi_8e9248b2b6b5809e.jpg,Open Images V7,train,Elias Levy,CC BY 2.0,https://www.flickr.com/photos/elevy/18998979809
oi_8e92fc43545be1ff.jpg,Open Images V7,train,Brian Norwood,CC BY 2.0,https://www.flickr.com/photos/bnorwood/2773044511
oi_8eb98e87817e4eea.jpg,Open Images V7,val,mLu.fotos,CC BY 2.0,https://www.flickr.com/photos/luppes777/20686920548
oi_8ee25f05bb9d55c7.jpg,Open Images V7,train,Simon Lewis,CC BY 2.0,https://www.flickr.com/photos/grovecrest/7361410796
oi_8eec78d2fff2229d.jpg,Open Images V7,val,Antonio Tajuelo,CC BY 2.0,https://www.flickr.com/photos/antoniotajuelo/7122513025
oi_8f03175558c0dc8f.jpg,Open Images V7,train,U.S. Fish and Wildlife Service Northeast Region,CC BY 2.0,https://www.flickr.com/photos/usfwsnortheast/5961874532
oi_8f03c511227a59c2.jpg,Open Images V7,train,Jim G,CC BY 2.0,https://www.flickr.com/photos/jimg944/16751073537
oi_8f06b9bfaa3a5506.jpg,Open Images V7,train,J,CC BY 2.0,https://www.flickr.com/photos/vmos/355696498
oi_8f1fa9efe0fcf068.jpg,Open Images V7,val,Derek Keats,CC BY 2.0,https://www.flickr.com/photos/dkeats/5327328365
oi_8f395064fd661835.jpg,Open Images V7,train,Andy Roberts,CC BY 2.0,https://www.flickr.com/photos/aroberts/4996376315/
oi_8f3a60de138cec10.jpg,Open Images V7,train,manaties,CC BY 2.0,https://www.flickr.com/photos/manaties/8068223893
oi_8f40df5037b75ab8.jpg,Open Images V7,val,ilaria,CC BY 2.0,https://www.flickr.com/photos/1la/8068398121
oi_8f4c336f1e9e25aa.jpg,Open Images V7,train,Nat Tarbox,CC BY 2.0,https://www.flickr.com/photos/nattarbox/2213920068/
oi_8f6679d10b325117.jpg,Open Images V7,test,flowcomm,CC BY 2.0,https://www.flickr.com/photos/flowcomm/4485694599
oi_8f7252ebefc8d490.jpg,Open Images V7,train,Jerry Kirkhart,CC BY 2.0,https://www.flickr.com/photos/jkirkhart35/11862803536
oi_8f81d3b5d26f9047.jpg,Open Images V7,train,SNORKELINGDIVES.COM,CC BY 2.0,https://www.flickr.com/photos/snorkelingdives/6932581970
oi_8f8fb9ca1a5533da.jpg,Open Images V7,train,Walter Lim,CC BY 2.0,https://www.flickr.com/photos/coolinsights/8612233753
oi_8f907e414b4536a6.jpg,Open Images V7,train,Cardin,CC BY 2.0,https://www.flickr.com/photos/cardinlee/7226986554
oi_8f9380562c89f238.jpg,Open Images V7,val,oliver.dodd,CC BY 2.0,https://www.flickr.com/photos/oliverdodd/5889205677
oi_8fbd49ba18d51036.jpg,Open Images V7,val,Amila Tennakoon,CC BY 2.0,https://www.flickr.com/photos/lakpura/16152504311
oi_8fd485ae521119a2.jpg,Open Images V7,val,flickrfavorites,CC BY 2.0,https://www.flickr.com/photos/38485387@N02/3545108671
oi_8fe67133a5be96ee.jpg,Open Images V7,train,Glen MacLarty,CC BY 2.0,https://www.flickr.com/photos/glenmaclarty/2958896941
oi_8fee1a74bd015dd0.jpg,Open Images V7,train,Francisco Gonzalez,CC BY 2.0,https://www.flickr.com/photos/franciscojgonzalez/12931916075
oi_8ff553dca3eb4332.jpg,Open Images V7,test,Yusmar Yahaya,CC BY 2.0,https://www.flickr.com/photos/leafbug/4082110469
oi_8ffddd683d646fa8.jpg,Open Images V7,train,Emilian Robert Vicol,CC BY 2.0,https://www.flickr.com/photos/free-stock/8408916187
oi_8fff2abdf1813694.jpg,Open Images V7,val,Trevor Owens,CC BY 2.0,https://www.flickr.com/photos/trevorandmarjee/572577709
oi_8fffa90ae773b8b6.jpg,Open Images V7,val,mxmstryo,CC BY 2.0,https://www.flickr.com/photos/mxmstryo/6246242885
oi_90004559b701119a.jpg,Open Images V7,test,Mónica  Mora,CC BY 2.0,https://www.flickr.com/photos/10473661@N04/7995973755
oi_90038ece212fc0d8.jpg,Open Images V7,val,Derek Hatfield,CC BY 2.0,https://www.flickr.com/photos/loimere/115883007
oi_900b0e9e4efebc44.jpg,Open Images V7,train,Frontierofficial,CC BY 2.0,https://www.flickr.com/photos/frontierofficial/15663819944
oi_9017aa6e8e873eb2.jpg,Open Images V7,test,torbakhopper,CC BY 2.0,https://www.flickr.com/photos/gazeronly/167152538
oi_902a8e21c485bf03.jpg,Open Images V7,train,LadyDragonflyCC - &gt;;&lt;,CC BY 2.0,https://www.flickr.com/photos/ladydragonflyherworld/4904446834
oi_9071b2c240cc1e28.jpg,Open Images V7,train,Lakshmi Sawitri,CC BY 2.0,https://www.flickr.com/photos/elsaw/16024075756
oi_9074b34e3a748794.jpg,Open Images V7,test,The TerraMar Project,CC BY 2.0,https://www.flickr.com/photos/theterramarproject/16316004074
oi_907de39e7c9f6203.jpg,Open Images V7,val,stef bemba,CC BY 2.0,https://www.flickr.com/photos/110973116@N08/14380736715/
oi_9082e22f19f43d74.jpg,Open Images V7,val,Vladimir E,CC BY 2.0,https://www.flickr.com/photos/djaarf/16766649196
oi_908647fdb31e659b.jpg,Open Images V7,train,color line,CC BY 2.0,https://www.flickr.com/photos/sunrise/7677625
oi_90a2dd5b1281cd53.jpg,Open Images V7,train,Leon G,CC BY 2.0,https://www.flickr.com/photos/lelik/2491647803
oi_90addf53a03d85dd.jpg,Open Images V7,train,Florida Keys--Public Libraries,CC BY 2.0,https://www.flickr.com/photos/keyslibraries/16678406187/
oi_90ae67c14d8f3711.jpg,Open Images V7,train,Ilse Reijs and Jan-Noud Hutten,CC BY 2.0,https://www.flickr.com/photos/39891373@N07/4177921274
oi_90b5aab2722fad0d.jpg,Open Images V7,train,FromSandToGlass,CC BY 2.0,https://www.flickr.com/photos/ericabreetoe/5493012648
oi_90bb86d2c3735736.jpg,Open Images V7,train,Rebecca Wilson,CC BY 2.0,https://www.flickr.com/photos/saucysalad/7748881034/
oi_90d8e09c807a83c6.jpg,Open Images V7,val,Ratha Grimes,CC BY 2.0,https://www.flickr.com/photos/ratha/8421268207
oi_90df428c10047cc9.jpg,Open Images V7,val,Thomas Shahan,CC BY 2.0,https://www.flickr.com/photos/49580580@N02/9119208992
oi_90e0c46797b410b3.jpg,Open Images V7,train,Steve Jurvetson,CC BY 2.0,https://www.flickr.com/photos/jurvetson/2017595
oi_90e599a333923459.jpg,Open Images V7,train,Brian Gratwicke,CC BY 2.0,https://www.flickr.com/photos/briangratwicke/6935479944
oi_90ed0ec087d76ab9.jpg,Open Images V7,val,Brock Roseberry,CC BY 2.0,https://www.flickr.com/photos/syntheticaperture/2083761216
oi_910df2c3f98af837.jpg,Open Images V7,train,lizzie1326,CC BY 2.0,https://www.flickr.com/photos/12482365@N03/5106591970
oi_9110731f3dc8953e.jpg,Open Images V7,train,Satish Somasundaram,CC BY 2.0,https://www.flickr.com/photos/sats_somu/3911430514
oi_91125b5d161cc1c1.jpg,Open Images V7,val,HayleyCartwright,CC BY 2.0,https://www.flickr.com/photos/hayeycart/15389663590
oi_911e649008f5c56d.jpg,Open Images V7,train,kanegen,CC BY 2.0,https://www.flickr.com/photos/kanegen/2911797610
oi_9123297b3734bf4d.jpg,Open Images V7,train,Paul Asman and Jill Lenoble,CC BY 2.0,https://www.flickr.com/photos/pauljill/4675580245
oi_9127c2588b030c15.jpg,Open Images V7,train,Kevin Gessner,CC BY 2.0,https://www.flickr.com/photos/kevingessner/6890172766
oi_912d151d80df9184.jpg,Open Images V7,test,Michael Bentley,CC BY 2.0,https://www.flickr.com/photos/donhomer/6496320503
oi_9132aabc5b0d28fa.jpg,Open Images V7,val,amanderson2,CC BY 2.0,https://www.flickr.com/photos/amanderson/12672436954
oi_915d29de9e97a145.jpg,Open Images V7,train,William Warby,CC BY 2.0,https://www.flickr.com/photos/wwarby/19636443435
oi_916764b2de6ca28f.jpg,Open Images V7,train,Steve Childs,CC BY 2.0,https://www.flickr.com/photos/steve_childs/6139745736
oi_917ba7d331625518.jpg,Open Images V7,train,J. Simmons,CC BY 2.0,https://www.flickr.com/photos/jedibfa/9727784936/
oi_91900ccd7d76bf99.jpg,Open Images V7,train,Joi Ito,CC BY 2.0,https://www.flickr.com/photos/joi/5740531231
oi_919917a9435f5fc9.jpg,Open Images V7,train,calamity_sal,CC BY 2.0,https://www.flickr.com/photos/calamity_sal/8860730476
oi_919e870e67ae3bef.jpg,Open Images V7,train,chellseeyy,CC BY 2.0,https://www.flickr.com/photos/ohnophotos/4924108308
oi_91afb64586931a4d.jpg,Open Images V7,val,Robert Young,CC BY 2.0,https://www.flickr.com/photos/robertpaulyoung/2541109188
oi_91be188a7e3c7917.jpg,Open Images V7,train,Hey Paul,CC BY 2.0,https://www.flickr.com/photos/heypaul/165119338
oi_91c1ce350bff5bd3.jpg,Open Images V7,train,prilfish,CC BY 2.0,https://www.flickr.com/photos/silkebaron/7590416474
oi_91de51d4f4c965b0.jpg,Open Images V7,train,Serge Melki,CC BY 2.0,https://www.flickr.com/photos/sergemelki/339388579/
oi_91e15fd8ba738d8b.jpg,Open Images V7,train,Matt Brisher,CC BY 2.0,https://www.flickr.com/photos/70589161@N00/17218965952
oi_91f99899335ac144.jpg,Open Images V7,train,Phalinn Ooi,CC BY 2.0,https://www.flickr.com/photos/phalinn/4257844043/
oi_91f9c796562a9a4c.jpg,Open Images V7,train,"Jim, the Photographer",CC BY 2.0,https://www.flickr.com/photos/jcapaldi/6019932428
oi_9202f2847e1162f1.jpg,Open Images V7,train,Barb Ignatius,CC BY 2.0,https://www.flickr.com/photos/44235769@N03/4401215231
oi_920322af584385ee.jpg,Open Images V7,train,Ian Rutherford,CC BY 2.0,https://www.flickr.com/photos/28992197@N00/5321266280
oi_9204719a14fcb96f.jpg,Open Images V7,train,prilfish,CC BY 2.0,https://www.flickr.com/photos/silkebaron/16466095622
oi_92191a5b13c50c83.jpg,Open Images V7,train,Tim Creque,CC BY 2.0,https://www.flickr.com/photos/timjc513/2418609957
oi_922001a16d74d667.jpg,Open Images V7,test,Louisiana Sea Grant College Program Louisiana State University,CC BY 2.0,https://www.flickr.com/photos/88158121@N00/15517639768
oi_925b423e4a48461b.jpg,Open Images V7,val,Daniella Vereeken,CC BY 2.0,https://www.flickr.com/photos/betta-online/1560949307
oi_925b82c6037387b8.jpg,Open Images V7,train,Upsilon Andromedae,CC BY 2.0,https://www.flickr.com/photos/upsand/240297681
oi_925d1032dc37ee2c.jpg,Open Images V7,train,Paul Asman and Jill Lenoble,CC BY 2.0,https://www.flickr.com/photos/pauljill/2408522212
oi_926062c5164ed548.jpg,Open Images V7,train,hibino,CC BY 2.0,https://www.flickr.com/photos/19126881@N00/40039754
oi_927060e8f33f888f.jpg,Open Images V7,train,Elias Levy,CC BY 2.0,https://www.flickr.com/photos/elevy/14730793848
oi_9270f0f5a771da0c.jpg,Open Images V7,train,amanderson2,CC BY 2.0,https://www.flickr.com/photos/amanderson/13179952303
oi_9272a91fec3e1c5d.jpg,Open Images V7,test,Derek Keats,CC BY 2.0,https://www.flickr.com/photos/dkeats/6066384492
oi_929b6d6268fb05d7.jpg,Open Images V7,train,buyalex,CC BY 2.0,https://www.flickr.com/photos/buyalex/11077051313
oi_92a072d9c985298c.jpg,Open Images V7,test,Irwandy Mazwir,CC BY 2.0,https://www.flickr.com/photos/irwandy/3762159892
oi_92aa9b7b6fe00245.jpg,Open Images V7,val,Michael Bentley,CC BY 2.0,https://www.flickr.com/photos/donhomer/10700093526
oi_92baf7b93875d119.jpg,Open Images V7,train,bettyx1138,CC BY 2.0,https://www.flickr.com/photos/bettyx1138/336715841
oi_92c8fc4d7e7e14ac.jpg,Open Images V7,train,Jonathan Lidbeck,CC BY 2.0,https://www.flickr.com/photos/jondissed/1574751703
oi_92cc178b99434eca.jpg,Open Images V7,train,Fil.Al,CC BY 2.0,https://www.flickr.com/photos/fbohac/14028628795
oi_92cf231b06358ea7.jpg,Open Images V7,train,Kat Kellner,CC BY 2.0,https://www.flickr.com/photos/93033713@N00/2760426315
oi_92e3f11d37c09ece.jpg,Open Images V7,train,Tammy Lo,CC BY 2.0,https://www.flickr.com/photos/tammylo/8027938570
oi_92f7e9a20d4bec94.jpg,Open Images V7,val,Parker Knight,CC BY 2.0,https://www.flickr.com/photos/rocketboom/2813674819/
oi_92f8febd9fbb4042.jpg,Open Images V7,val,J P,CC BY 2.0,https://www.flickr.com/photos/nuskyn/4983562261
oi_92fe0493248e6c31.jpg,Open Images V7,train,Jennifer C.,CC BY 2.0,https://www.flickr.com/photos/29638108@N06/4159670256
oi_93065355e52e9dd6.jpg,Open Images V7,train,Alonso Javier Torres,CC BY 2.0,https://www.flickr.com/photos/alotor/3395289744
oi_931261ab93f10044.jpg,Open Images V7,train,Carl Lender,CC BY 2.0,https://www.flickr.com/photos/clender/15820339162
oi_93130d27efeeb0a6.jpg,Open Images V7,train,Swaminathan,CC BY 2.0,https://www.flickr.com/photos/araswami/376321041
oi_931c96f86d3eeb70.jpg,Open Images V7,train,chuck b.,CC BY 2.0,https://www.flickr.com/photos/82479320@N00/8732737822/
oi_932af2fdc5809263.jpg,Open Images V7,train,NOAA Photo Library,CC BY 2.0,https://www.flickr.com/photos/noaaphotolib/5020494826
oi_932bd47d831f42e8.jpg,Open Images V7,train,Mike Poresky,CC BY 2.0,https://www.flickr.com/photos/mikeporesky/4524863996
oi_9334e1db2fe51868.jpg,Open Images V7,train,Scott Loarie,CC BY 2.0,https://www.flickr.com/photos/55368994@N06/12203526686
oi_93648de1f3df469e.jpg,Open Images V7,val,A Yee,CC BY 2.0,https://www.flickr.com/photos/57412095@N05/13418012255
oi_937886de468f6033.jpg,Open Images V7,train,Tim Creque,CC BY 2.0,https://www.flickr.com/photos/timjc513/2219456389
oi_9385edccab55d107.jpg,Open Images V7,val,Allie_Caulfield,CC BY 2.0,https://www.flickr.com/photos/wm_archiv/6490955383
oi_938b4347f000c8cd.jpg,Open Images V7,train,Jim G,CC BY 2.0,https://www.flickr.com/photos/jimg944/4327043268
oi_939162e01bd6ac21.jpg,Open Images V7,train,born1945,CC BY 2.0,https://www.flickr.com/photos/12567713@N00/4070328660
oi_93b8c2ad3699b890.jpg,Open Images V7,train,Mike Baird,CC BY 2.0,https://www.flickr.com/photos/mikebaird/5233017889
oi_93c65c1e72e0986e.jpg,Open Images V7,train,Brian Gratwicke,CC BY 2.0,https://www.flickr.com/photos/briangratwicke/4784632041
oi_93c95980f4f84afe.jpg,Open Images V7,train,Josh Hallett,CC BY 2.0,https://www.flickr.com/photos/hyku/357831593
oi_93cc8e24bcc0c39c.jpg,Open Images V7,train,William Warby,CC BY 2.0,https://www.flickr.com/photos/wwarby/9638156755
oi_93d07736011efead.jpg,Open Images V7,train,tanjila ahmed,CC BY 2.0,https://www.flickr.com/photos/tanj/562990290/
oi_93f0ed5938b7b5c8.jpg,Open Images V7,train,Graham Smith,CC BY 2.0,https://www.flickr.com/photos/gravyphig/446540671/
oi_93f22c6cdbc7e1da.jpg,Open Images V7,train,Clinton &amp; Charles Robertson,CC BY 2.0,https://www.flickr.com/photos/dad_and_clint/5591384352
oi_93f6761a28396346.jpg,Open Images V7,test,Iain A Wanless,CC BY 2.0,https://www.flickr.com/photos/reemul/10481769995
oi_93fcbb7e4ec0028d.jpg,Open Images V7,train,Ed Bierman,CC BY 2.0,https://www.flickr.com/photos/edbierman/2806826625
oi_9413357715a7059f.jpg,Open Images V7,train,Jerry Kirkhart,CC BY 2.0,https://www.flickr.com/photos/jkirkhart35/415301729
oi_94247804b4cb9fee.jpg,Open Images V7,train,Ethan Prater,CC BY 2.0,https://www.flickr.com/photos/eprater/3845069383
oi_94305c841939d7d0.jpg,Open Images V7,train,Matthew Simoneau,CC BY 2.0,https://www.flickr.com/photos/matthewsim/52783737
oi_944a3f596105bf04.jpg,Open Images V7,train,Daniel,CC BY 2.0,https://www.flickr.com/photos/dblfineart/8307394244
oi_944a72790aa65fcb.jpg,Open Images V7,val,Evan,CC BY 2.0,https://www.flickr.com/photos/kingdomlight/897683403
oi_9459d92ebb8035c4.jpg,Open Images V7,train,Will Scullin,CC BY 2.0,https://www.flickr.com/photos/wscullin/5408754510/
oi_945be72b57418425.jpg,Open Images V7,train,NOAA Photo Library,CC BY 2.0,https://www.flickr.com/photos/noaaphotolib/5103127022
oi_945e476f25dddf85.jpg,Open Images V7,train,Elias Levy,CC BY 2.0,https://www.flickr.com/photos/elevy/14730723649
oi_9460cde7b42b3412.jpg,Open Images V7,train,Christian Benseler,CC BY 2.0,https://www.flickr.com/photos/chrisbenseler/20604363144
oi_94716b73a006db4a.jpg,Open Images V7,train,Katie Lips,CC BY 2.0,https://www.flickr.com/photos/katielips/265065183
oi_9474b10ef971a009.jpg,Open Images V7,train,Lakshmi Sawitri,CC BY 2.0,https://www.flickr.com/photos/elsaw/5555631185
oi_94b5cf3a864e1308.jpg,Open Images V7,train,A.Davey,CC BY 2.0,https://www.flickr.com/photos/adavey/4121750077
oi_94bb816efcfd4c97.jpg,Open Images V7,train,Elias Levy,CC BY 2.0,https://www.flickr.com/photos/elevy/14730796397
oi_94bdff62fad53eea.jpg,Open Images V7,test,NOAA Photo Library,CC BY 2.0,https://www.flickr.com/photos/noaaphotolib/11468630975
oi_94c14e599482efc0.jpg,Open Images V7,val,Oskari Kettunen,CC BY 2.0,https://www.flickr.com/photos/aok/289740005/
oi_94c7fa49c6e28ccf.jpg,Open Images V7,test,Martí Graells,CC BY 2.0,https://www.flickr.com/photos/martigraells/14242200680
oi_950d658a75affdcb.jpg,Open Images V7,train,A.Davey,CC BY 2.0,https://www.flickr.com/photos/adavey/5045356792
oi_9513e4d8df5fa0cb.jpg,Open Images V7,train,NOAA Photo Library,CC BY 2.0,https://www.flickr.com/photos/noaaphotolib/9730826425
oi_9517d1d73651e333.jpg,Open Images V7,train,evan p. cordes,CC BY 2.0,https://www.flickr.com/photos/pheezy/18054599002
oi_951d677b37f14319.jpg,Open Images V7,val,Elias Levy,CC BY 2.0,https://www.flickr.com/photos/elevy/19189011881
oi_95200509e3e940b0.jpg,Open Images V7,val,Greg Schechter,CC BY 2.0,https://www.flickr.com/photos/gregthebusker/18155457283
oi_9528449e63b6733e.jpg,Open Images V7,train,Nan Palmero,CC BY 2.0,https://www.flickr.com/photos/nanpalmero/5496328452
oi_952f700bfae9420d.jpg,Open Images V7,train,JoshBerglund19,CC BY 2.0,https://www.flickr.com/photos/tyrian123/3419362257
oi_95384cd157394690.jpg,Open Images V7,train,Eike Römer,CC BY 2.0,https://www.flickr.com/photos/eike_r/402472456
oi_95434690a280b9fc.jpg,Open Images V7,val,belgianchocolate,CC BY 2.0,https://www.flickr.com/photos/frank-wouters/3911170971
oi_954ad1002b59b070.jpg,Open Images V7,train,psyberartist,CC BY 2.0,https://www.flickr.com/photos/psyberartist/10949316076
oi_954c855890ef8b2b.jpg,Open Images V7,train,samuelrodgers752,CC BY 2.0,https://www.flickr.com/photos/130732751@N03/16921263080
oi_954dc3ac7fa43a1a.jpg,Open Images V7,train,Nestor Galina,CC BY 2.0,https://www.flickr.com/photos/nestorgalina/1459630025
oi_956280fc398dbc9b.jpg,Open Images V7,val,Anita Ritenour,CC BY 2.0,https://www.flickr.com/photos/puliarfanita/9593061036
oi_957b7a27684f0a87.jpg,Open Images V7,train,Taz,CC BY 2.0,https://www.flickr.com/photos/sporkist/3357908169
oi_95896cf88ef90d22.jpg,Open Images V7,train,Paul Reynolds,CC BY 2.0,https://www.flickr.com/photos/bigtallguy/2303793161
oi_958d807a4d340c36.jpg,Open Images V7,train,Elias Levy,CC BY 2.0,https://www.flickr.com/photos/elevy/14894376546
oi_95913a043fa59e8e.jpg,Open Images V7,train,Thea Dumitrescu,CC BY 2.0,https://www.flickr.com/photos/59264950@N02/20867349566
oi_95a15e3ff8a1500c.jpg,Open Images V7,val,Chris Pearson,CC BY 2.0,https://www.flickr.com/photos/chrispearson72/2376595401
oi_95a6b609c600410c.jpg,Open Images V7,train,Cosimo Padula,CC BY 2.0,https://www.flickr.com/photos/pavel76/8692803413
oi_95be7f98257af71a.jpg,Open Images V7,test,Parker Knight,CC BY 2.0,https://www.flickr.com/photos/rocketboom/16737165362
oi_95cf64b16780409c.jpg,Open Images V7,train,Gabriele Battaglia,CC BY 2.0,https://www.flickr.com/photos/40713859@N00/252352324
oi_95d231a391ba5728.jpg,Open Images V7,train,"Eden, Janine and Jim",CC BY 2.0,https://www.flickr.com/photos/edenpictures/4922866287
oi_96002b35db1fd5b6.jpg,Open Images V7,train,Ian Roberts,CC BY 2.0,https://www.flickr.com/photos/borgendorf/14653934333
oi_9601af2d729a58a8.jpg,Open Images V7,val,rjones0856,CC BY 2.0,https://www.flickr.com/photos/91829349@N00/4471385413/
oi_96082bec41534e44.jpg,Open Images V7,val,Sharron,CC BY 2.0,https://www.flickr.com/photos/lownote/5963292407
oi_9619d0d2c79dd4ec.jpg,Open Images V7,train,Mikko Koponen,CC BY 2.0,https://www.flickr.com/photos/mtkopone/441964531/
oi_962b57396f3f0210.jpg,Open Images V7,val,John Fischer,CC BY 2.0,https://www.flickr.com/photos/stickergiant/16680372949
oi_9643d0555f22705a.jpg,Open Images V7,train,Nestor Galina,CC BY 2.0,https://www.flickr.com/photos/nestorgalina/4898227249
oi_964863e1e9493676.jpg,Open Images V7,train,MiNe,CC BY 2.0,https://www.flickr.com/photos/sfmine79/4302446543
oi_965d0d3bcfef6b70.jpg,Open Images V7,train,Anton Nossik,CC BY 2.0,https://www.flickr.com/photos/dolboeb/16599674115
oi_965fbddb21c20876.jpg,Open Images V7,train,Kat Kellner,CC BY 2.0,https://www.flickr.com/photos/93033713@N00/2267831916
oi_966561c609386020.jpg,Open Images V7,test,prilfish,CC BY 2.0,https://www.flickr.com/photos/silkebaron/931381688
oi_9697e24ecb2a8e29.jpg,Open Images V7,train,saragoldsmith,CC BY 2.0,https://www.flickr.com/photos/saragoldsmith/2896095752
oi_969a79fbb72ca0c1.jpg,Open Images V7,train,Pat Hawks,CC BY 2.0,https://www.flickr.com/photos/pathawks/4422318495
oi_969e09bb905a621b.jpg,Open Images V7,train,David Lofink,CC BY 2.0,https://www.flickr.com/photos/lofink/2369270130
oi_96be4929f29be528.jpg,Open Images V7,train,Barney Moss,CC BY 2.0,https://www.flickr.com/photos/barneymoss/4802944042
oi_96c8ba04e9bbbfe8.jpg,Open Images V7,train,Kai Hendry,CC BY 2.0,https://www.flickr.com/photos/hendry/3107385560
oi_96c97951b234737d.jpg,Open Images V7,train,Neil McCrae,CC BY 2.0,https://www.flickr.com/photos/ndmccrae/5870770270
oi_96d14e99d2c0c45b.jpg,Open Images V7,train,Sid Mosdell,CC BY 2.0,https://www.flickr.com/photos/sidm/2306181361
oi_96d1ac0df39335b4.jpg,Open Images V7,train,F Delventhal,CC BY 2.0,https://www.flickr.com/photos/krossbow/111561229
oi_96d5ab039f23f71c.jpg,Open Images V7,train,Sharron,CC BY 2.0,https://www.flickr.com/photos/lownote/5963290835
oi_96e558d30390b4de.jpg,Open Images V7,train,Randen Pederson,CC BY 2.0,https://www.flickr.com/photos/chefranden/11243980505
oi_96e70b829728b189.jpg,Open Images V7,val,USFWS Mountain-Prairie,CC BY 2.0,https://www.flickr.com/photos/usfwsmtnprairie/4898664793
oi_96ede1919d9edf19.jpg,Open Images V7,train,Ian Griffiths,CC BY 2.0,https://www.flickr.com/photos/bladeflyer/15736410484
oi_96eeb657b4d095c4.jpg,Open Images V7,train,S_e_i,CC BY 2.0,https://www.flickr.com/photos/s_e_i/191725656
oi_96ef71e7ec6cabac.jpg,Open Images V7,test,Rob and Stephanie Levy,CC BY 2.0,https://www.flickr.com/photos/robandstephanielevy/696264612
oi_96f168b36dfcd631.jpg,Open Images V7,train,USFWSmidwest,CC BY 2.0,https://www.flickr.com/photos/usfwsmidwest/6441953827
oi_970e5214933c8208.jpg,Open Images V7,val,Jeremy T. Hetzel,CC BY 2.0,https://www.flickr.com/photos/jthetzel/5989060329
oi_970f579d26c7d186.jpg,Open Images V7,train,Waifer X,CC BY 2.0,https://www.flickr.com/photos/waiferx/551396203
oi_9713bed9af98e3d9.jpg,Open Images V7,train,dfaulder,CC BY 2.0,https://www.flickr.com/photos/dfaulder/4312416651
oi_971f0a0443d72a08.jpg,Open Images V7,train,Stephanie Sicore,CC BY 2.0,https://www.flickr.com/photos/ssicore/4804107106
oi_971fcacc4c315bc3.jpg,Open Images V7,train,neiljs,CC BY 2.0,https://www.flickr.com/photos/neiljs/4393102966
oi_9747e65673fd706b.jpg,Open Images V7,train,Tom Verre,CC BY 2.0,https://www.flickr.com/photos/bluelinden/2803084751
oi_9748b5f0d3f65273.jpg,Open Images V7,train,Andrew E. Russell,CC BY 2.0,https://www.flickr.com/photos/25949441@N02/9616749776
oi_974abf230d79c0a0.jpg,Open Images V7,train,Derek Keats,CC BY 2.0,https://www.flickr.com/photos/dkeats/6536732751
oi_974e38a12066b24f.jpg,Open Images V7,train,Ricardo Tulio Gandelman,CC BY 2.0,https://www.flickr.com/photos/rictulio/5148189717/
oi_9754782c4b17b365.jpg,Open Images V7,val,Tom Thai,CC BY 2.0,https://www.flickr.com/photos/eviltomthai/5129366931
oi_976040d8836d2412.jpg,Open Images V7,train,Paul Hudson,CC BY 2.0,https://www.flickr.com/photos/pahudson/6729584967
oi_97641ee2e40b2c8b.jpg,Open Images V7,train,William Clifford,CC BY 2.0,https://www.flickr.com/photos/williac/520880149
oi_97711f907dafbfd7.jpg,Open Images V7,train,dfaulder,CC BY 2.0,https://www.flickr.com/photos/dfaulder/4312375581
oi_978832e3e2950bc9.jpg,Open Images V7,train,USFWS - Pacific Region,CC BY 2.0,https://www.flickr.com/photos/usfwspacific/6092810109
oi_978bbd67ccba3ea0.jpg,Open Images V7,test,Lyn Gateley,CC BY 2.0,https://www.flickr.com/photos/lyng883/3648847725
oi_9795a3575f1b6ecf.jpg,Open Images V7,val,Rodrigo Dionisio,CC BY 2.0,https://www.flickr.com/photos/umacamera/4263305848
oi_979e14d4dab6208d.jpg,Open Images V7,train,thejaan,CC BY 2.0,https://www.flickr.com/photos/thejaan/14844094142
oi_979f0f535623f94a.jpg,Open Images V7,train,Thomas Shahan,CC BY 2.0,https://www.flickr.com/photos/49580580@N02/19228375606
oi_979f0fc43cf65287.jpg,Open Images V7,train,Quazie,CC BY 2.0,https://www.flickr.com/photos/quazie/69466650
oi_97ae08b3f7bc4901.jpg,Open Images V7,train,Maximilian Paradiz,CC BY 2.0,https://www.flickr.com/photos/maxorz/3736098019
oi_97af70f8f64451f1.jpg,Open Images V7,train,Colleen Pence,CC BY 2.0,https://www.flickr.com/photos/delaneydiaries/4635737567
oi_97b2be531c4909ee.jpg,Open Images V7,val,Nadya Peek,CC BY 2.0,https://www.flickr.com/photos/nadya/4252404466
oi_97cda4399988e72d.jpg,Open Images V7,val,Ikusuki,CC BY 2.0,https://www.flickr.com/photos/13926043@N07/9382826198
oi_97d0be7e37ec4953.jpg,Open Images V7,val,Boss Tweed,CC BY 2.0,https://www.flickr.com/photos/bosstweed/3149170018
oi_97d891761e7d90d4.jpg,Open Images V7,train,LASZLO ILYES,CC BY 2.0,https://www.flickr.com/photos/laszlo-photo/149213416
oi_97d92400310a9197.jpg,Open Images V7,train,Elizabeth Krumbach Joseph,CC BY 2.0,https://www.flickr.com/photos/pleia2/17864265649
oi_97da1c11fbdb8255.jpg,Open Images V7,train,Qfamily,CC BY 2.0,https://www.flickr.com/photos/dasqfamily/13965902537
oi_97dff49a86d7ba77.jpg,Open Images V7,train,*pascal*,CC BY 2.0,https://www.flickr.com/photos/pascal-blachier/201900143
oi_97e0e6f52f346619.jpg,Open Images V7,train,chispita_666,CC BY 2.0,https://www.flickr.com/photos/gusilu/396853988
oi_97e8c2db5399f38a.jpg,Open Images V7,train,Brian Gratwicke,CC BY 2.0,https://www.flickr.com/photos/briangratwicke/5625016444
oi_97ef52cf60876141.jpg,Open Images V7,train,Mike Baird,CC BY 2.0,https://www.flickr.com/photos/mikebaird/14223243027
oi_97ef5d2cec470aac.jpg,Open Images V7,train,Scott Liddell,CC BY 2.0,https://www.flickr.com/photos/scottmliddell/4598641681
oi_97fb8ff2f5917214.jpg,Open Images V7,train,FWC Fish and Wildlife Research Institute,CC BY 2.0,https://www.flickr.com/photos/myfwc/11354825295
oi_97fea99f735542bc.jpg,Open Images V7,train,Lisa Williams,CC BY 2.0,https://www.flickr.com/photos/pixellou/10685552784
oi_980949bd9743bb5a.jpg,Open Images V7,train,Joy,CC BY 2.0,https://www.flickr.com/photos/joyosity/4869507093
oi_9812f3864eaf1a09.jpg,Open Images V7,val,SaraYeomans,CC BY 2.0,https://www.flickr.com/photos/yeomans/81149796
oi_981926aa25d422c3.jpg,Open Images V7,train,Martin Burns,CC BY 2.0,https://www.flickr.com/photos/martinb/5740130
oi_98195cc8d5aa98a9.jpg,Open Images V7,val,HiDrivePhoto,CC BY 2.0,https://www.flickr.com/photos/76325678@N00/14661862700
oi_9838456e65657862.jpg,Open Images V7,val,babbagecabbage,CC BY 2.0,https://www.flickr.com/photos/babbagecabbage/2346901899
oi_98416cdea1ec62fd.jpg,Open Images V7,train,Dirk Vorderstraße,CC BY 2.0,https://www.flickr.com/photos/dirkvorderstrasse/10571898035
oi_984fd1f31a1bf452.jpg,Open Images V7,train,Elias Levy,CC BY 2.0,https://www.flickr.com/photos/elevy/19158917736
oi_9857b292c438bd95.jpg,Open Images V7,train,NOAA Photo Library,CC BY 2.0,https://www.flickr.com/photos/noaaphotolib/5187915940
oi_9857fd92bad4fb35.jpg,Open Images V7,train,Tom Booth,CC BY 2.0,https://www.flickr.com/photos/tombooth/1407301148
oi_98662debef480954.jpg,Open Images V7,train,James St. John,CC BY 2.0,https://www.flickr.com/photos/jsjgeology/15101211644
oi_9869cbbb35aead11.jpg,Open Images V7,test,Christopher Michel,CC BY 2.0,https://www.flickr.com/photos/cmichel67/11942858526
oi_986ac1912449b577.jpg,Open Images V7,train,Aaron Muszalski,CC BY 2.0,https://www.flickr.com/photos/sfslim/2675090044
oi_986cbd9758e3b150.jpg,Open Images V7,train,Jon Roig,CC BY 2.0,https://www.flickr.com/photos/runnr_az/12897940245
oi_9883b6f20cd757f0.jpg,Open Images V7,train,prilfish,CC BY 2.0,https://www.flickr.com/photos/silkebaron/931425880
oi_989e0ed2cc85bccb.jpg,Open Images V7,train,Gildardo Sánchez,CC BY 2.0,https://www.flickr.com/photos/gildardo/7994011324
oi_98a3849ce39f92e8.jpg,Open Images V7,train,Abri le Roux,CC BY 2.0,https://www.flickr.com/photos/beluga/88159841
oi_98aa36bb2d4ba1c5.jpg,Open Images V7,train,Ed Bierman,CC BY 2.0,https://www.flickr.com/photos/edbierman/2586028660
oi_98ba98a403bcf413.jpg,Open Images V7,train,LASZLO ILYES,CC BY 2.0,https://www.flickr.com/photos/laszlo-photo/2090722404
oi_98c3e2a6b28c3b1d.jpg,Open Images V7,train,Michael Gil,CC BY 2.0,https://www.flickr.com/photos/msvg/4341617392
oi_98cefe0e76e9f082.jpg,Open Images V7,train,Derek Keats,CC BY 2.0,https://www.flickr.com/photos/dkeats/5950815195
oi_98e0464a295677a4.jpg,Open Images V7,val,Jason Pratt,CC BY 2.0,https://www.flickr.com/photos/jasonpratt/5446381449
oi_98e8afaf79b31245.jpg,Open Images V7,train,Tim Creque,CC BY 2.0,https://www.flickr.com/photos/timjc513/2220237018
oi_98ead0c4c98b1e03.jpg,Open Images V7,train,Martin Holst Friborg Pedersen,CC BY 2.0,https://www.flickr.com/photos/martinhfp/3491843370
oi_98fc8643fef9782f.jpg,Open Images V7,train,jayhem,CC BY 2.0,https://www.flickr.com/photos/jayhem/321378959
oi_990186f793741b6b.jpg,Open Images V7,val,L Church,CC BY 2.0,https://www.flickr.com/photos/29412527@N04/3393371408
oi_9903509fcdbc5c5f.jpg,Open Images V7,train,ume-y,CC BY 2.0,https://www.flickr.com/photos/ume-y/5768041501
oi_991b7f68dd31e502.jpg,Open Images V7,train,TRF_Mr_Hyde,CC BY 2.0,https://www.flickr.com/photos/scottchene/7702776886
oi_99395c4655d7b5c8.jpg,Open Images V7,train,Clinton &amp; Charles Robertson,CC BY 2.0,https://www.flickr.com/photos/dad_and_clint/5806483821
oi_99419f00cb4c2295.jpg,Open Images V7,val,nature80020,CC BY 2.0,https://www.flickr.com/photos/nature80020/14232287076
oi_994ac9ea09e36802.jpg,Open Images V7,train,Amila Tennakoon,CC BY 2.0,https://www.flickr.com/photos/lakpura/15674493696
oi_99547c9363e3bc05.jpg,Open Images V7,train,Craig Booth,CC BY 2.0,https://www.flickr.com/photos/craig_m_booth/185718633
oi_995d6a5f2bb7f290.jpg,Open Images V7,val,Bill Blevins,CC BY 2.0,https://www.flickr.com/photos/sailorbill/904694648
oi_9976ce8b8e3b1ee5.jpg,Open Images V7,test,Mike Baird,CC BY 2.0,https://www.flickr.com/photos/mikebaird/299746835
oi_997908ede60ce519.jpg,Open Images V7,test,Peter Kaminski,CC BY 2.0,https://www.flickr.com/photos/peterkaminski/47922318
oi_99919f673f9693f7.jpg,Open Images V7,train,aLiEna17,CC BY 2.0,https://www.flickr.com/photos/starryok/7869730510
oi_999f0c1309d46820.jpg,Open Images V7,train,Chris Samuel,CC BY 2.0,https://www.flickr.com/photos/chrissamuel/2230576550
oi_99a04f0289326af6.jpg,Open Images V7,train,Guillaume VINCENT,CC BY 2.0,https://www.flickr.com/photos/98807348@N05/9273282681
oi_99afd433aac1e23b.jpg,Open Images V7,train,Derek Keats,CC BY 2.0,https://www.flickr.com/photos/dkeats/5191776048
oi_99b6a07c5848811c.jpg,Open Images V7,train,Éamonn Ó Muirí,CC BY 2.0,https://www.flickr.com/photos/68518558@N00/449745220
oi_99ba65d552f78c91.jpg,Open Images V7,val,Christopher Michel,CC BY 2.0,https://www.flickr.com/photos/cmichel67/8370644994
oi_99bb7093a11177bc.jpg,Open Images V7,train,Torrey Wiley,CC BY 2.0,https://www.flickr.com/photos/pocketwiley/2339095840
oi_99bd5648a6142f00.jpg,Open Images V7,val,Wojciech Kulicki,CC BY 2.0,https://www.flickr.com/photos/wkulicki/3970970573
oi_99c2e02e2ac58422.jpg,Open Images V7,val,LEONARDO DASILVA,CC BY 2.0,https://www.flickr.com/photos/leonardodasilva/5541090226
oi_99dc4f8f936c836a.jpg,Open Images V7,test,Stebbing,CC BY 2.0,https://www.flickr.com/photos/stebbing/21704996512
oi_99e820c5bc1af8f3.jpg,Open Images V7,train,Indi Samarajiva,CC BY 2.0,https://www.flickr.com/photos/indi/3163089960
oi_99ede7fdad6b9daa.jpg,Open Images V7,train,Hiroshi Ishii,CC BY 2.0,https://www.flickr.com/photos/isinoid/2981046779
oi_99f651bc21bb04cb.jpg,Open Images V7,test,ume-y,CC BY 2.0,https://www.flickr.com/photos/ume-y/15908457963/
oi_9a09d68743ebe4c9.jpg,Open Images V7,train,VSPYCC,CC BY 2.0,https://www.flickr.com/photos/vspycc/7626131222
oi_9a0bc4fac36afb23.jpg,Open Images V7,test,Jon Seidman,CC BY 2.0,https://www.flickr.com/photos/jonseidman1988/5312816497
oi_9a0d307a0bbc7488.jpg,Open Images V7,train,NatureFramingham,CC BY 2.0,https://www.flickr.com/photos/natureframingham/6143050112
oi_9a118fbd8a44a568.jpg,Open Images V7,train,Andy Blackledge,CC BY 2.0,https://www.flickr.com/photos/hockeyholic/8601603296
oi_9a12b0ca2b8b4f83.jpg,Open Images V7,train,Jolene Bertoldi,CC BY 2.0,https://www.flickr.com/photos/za-photos/5407394520
oi_9a189d093554e369.jpg,Open Images V7,train,Ekaterina Khozatskaya,CC BY 2.0,https://www.flickr.com/photos/bogema/21684790206
oi_9a2a3a932c5ad8c1.jpg,Open Images V7,val,Brian Boucheron,CC BY 2.0,https://www.flickr.com/photos/bert_m_b/410976809
oi_9a2ee849f16a513c.jpg,Open Images V7,train,Christopher Michel,CC BY 2.0,https://www.flickr.com/photos/cmichel67/19591447385
oi_9a37e696dcd7f395.jpg,Open Images V7,test,Michio Morimoto,CC BY 2.0,https://www.flickr.com/photos/95387826@N08/8690412723
oi_9a38e98ba51fb2ae.jpg,Open Images V7,train,TANAKA Juuyoh (田中十洋),CC BY 2.0,https://www.flickr.com/photos/tanaka_juuyoh/2079283895
oi_9a3f75682ea467f6.jpg,Open Images V7,train,ldayburns,CC BY 2.0,https://www.flickr.com/photos/purplemonkeydish_washer/15680424074
oi_9a4c13e011a19eca.jpg,Open Images V7,train,USFWS - Pacific Region,CC BY 2.0,https://www.flickr.com/photos/usfwspacific/15346028265
oi_9a52dfc2c64d3516.jpg,Open Images V7,val,Vania Rivalta,CC BY 2.0,https://www.flickr.com/photos/42285220@N05/19199791303
oi_9a59a31c6eff4495.jpg,Open Images V7,train,Lisa Williams,CC BY 2.0,https://www.flickr.com/photos/pixellou/10737637616
oi_9a684e5208c52153.jpg,Open Images V7,train,Tregde Ferie,CC BY 2.0,https://www.flickr.com/photos/36294022@N07/13735876723
oi_9a738f71c122d153.jpg,Open Images V7,val,Elias Levy,CC BY 2.0,https://www.flickr.com/photos/elevy/14730744390
oi_9a84b2ac21bade2e.jpg,Open Images V7,val,Dimitris Siskopoulos,CC BY 2.0,https://www.flickr.com/photos/dimsis/9117592091
oi_9a9699dffedd39dd.jpg,Open Images V7,train,South African Tourism,CC BY 2.0,https://www.flickr.com/photos/south-african-tourism/10465978155
oi_9aa436dc7d2971b9.jpg,Open Images V7,train,Steve Jurvetson,CC BY 2.0,https://www.flickr.com/photos/jurvetson/2085332689
oi_9ab92ebf436857f2.jpg,Open Images V7,train,Beatriz Martín,CC BY 2.0,https://www.flickr.com/photos/zigiella/3612155274
oi_9abda1a5df7412d6.jpg,Open Images V7,train,JeffChristiansen,CC BY 2.0,https://www.flickr.com/photos/jeffchristiansen/6840563248
oi_9ac17cbb3cc3362d.jpg,Open Images V7,test,Sam Churchill,CC BY 2.0,https://www.flickr.com/photos/samchurchill/5935900123
oi_9ace0bab25ed4ed2.jpg,Open Images V7,val,T.Tseng,CC BY 2.0,https://www.flickr.com/photos/68147320@N02/15911310993
oi_9ae4f314b63eed33.jpg,Open Images V7,test,Vlad Butsky,CC BY 2.0,https://www.flickr.com/photos/butsky/333778792/
oi_9ae54f7e845b1164.jpg,Open Images V7,train,tico_24,CC BY 2.0,https://www.flickr.com/photos/tico24/10040278565
oi_9aee6f8d1194ffea.jpg,Open Images V7,test,David Ohmer,CC BY 2.0,https://www.flickr.com/photos/the-o/2088289485
oi_9af1126387985703.jpg,Open Images V7,test,Florida Keys--Public Libraries,CC BY 2.0,https://www.flickr.com/photos/keyslibraries/16699586749
oi_9af434f78c7c280e.jpg,Open Images V7,train,Andrew Kuchling,CC BY 2.0,https://www.flickr.com/photos/akuchling/11410589
oi_9afaee15af711c57.jpg,Open Images V7,train,Tim Creque,CC BY 2.0,https://www.flickr.com/photos/timjc513/3127911331
oi_9afe12e93818bcfa.jpg,Open Images V7,val,Jannes Pockele,CC BY 2.0,https://www.flickr.com/photos/jpockele/5017091006
oi_9afe4ba7de6936a0.jpg,Open Images V7,train,McKay Savage,CC BY 2.0,https://www.flickr.com/photos/mckaysavage/9972213154
oi_9b1907cc470814c2.jpg,Open Images V7,test,wardyboy400,CC BY 2.0,https://www.flickr.com/photos/47542828@N04/4549896017
oi_9b2721e44b86611d.jpg,Open Images V7,train,devra,CC BY 2.0,https://www.flickr.com/photos/minicooper93402/9736988087
oi_9b3ff1ef5791c8b3.jpg,Open Images V7,train,Tomoaki Kato,CC BY 2.0,https://www.flickr.com/photos/tsukunepapa/8660781555
oi_9b48243702960a98.jpg,Open Images V7,train,U.S. Fish and Wildlife Service Northeast Region,CC BY 2.0,https://www.flickr.com/photos/usfwsnortheast/6762048015
oi_9b60461b979b8417.jpg,Open Images V7,train,Kathy,CC BY 2.0,https://www.flickr.com/photos/44603071@N00/4139856746
oi_9b74a8bd0a0e211b.jpg,Open Images V7,train,gordon.milligan,CC BY 2.0,https://www.flickr.com/photos/el-milligano/15063373333
oi_9b750f22d0277d3d.jpg,Open Images V7,test,piotr mamnaimie,CC BY 2.0,https://www.flickr.com/photos/mamnaimie/6922014242/
oi_9b859edc14969d73.jpg,Open Images V7,train,Robin Wendler,CC BY 2.0,https://www.flickr.com/photos/jprvw/8814925250
oi_9b871bd6fc534ec2.jpg,Open Images V7,train,Sarah Stewart,CC BY 2.0,https://www.flickr.com/photos/sarahmstewart/2128561870
oi_9b954c704d173cb7.jpg,Open Images V7,train,Eliane Kobayakawa,CC BY 2.0,https://www.flickr.com/photos/elicrisko/19870372
oi_9b9888ee3d6414d3.jpg,Open Images V7,train,Blake Handley,CC BY 2.0,https://www.flickr.com/photos/56705607@N00/16401046078
oi_9b9c23239b5e04fb.jpg,Open Images V7,train,Alex Garcia,CC BY 2.0,https://www.flickr.com/photos/11872189@N00/4916136657/
oi_9baec15c25199301.jpg,Open Images V7,train,Orin Zebest,CC BY 2.0,https://www.flickr.com/photos/orinrobertjohn/493083998
oi_9bbd68e84dcb2553.jpg,Open Images V7,val,Reedz Malik,CC BY 2.0,https://www.flickr.com/photos/anakbrunei/6948943634
oi_9bc08540af1a4d78.jpg,Open Images V7,train,null0,CC BY 2.0,https://www.flickr.com/photos/null0/504260453
oi_9bc26b5d67c64e28.jpg,Open Images V7,train,michael.stockton,CC BY 2.0,https://www.flickr.com/photos/michaelstockton/430427938
oi_9bcfbd2fc92806e0.jpg,Open Images V7,train,Fraser Cairns,CC BY 2.0,https://www.flickr.com/photos/catsncarp/2056462523
oi_9bd1bf9c442503ee.jpg,Open Images V7,val,Prayitno / Thank you for (9 millions +) views,CC BY 2.0,https://www.flickr.com/photos/prayitnophotography/14130420624
oi_9be9a6b4e3a46b7d.jpg,Open Images V7,train,jay-jerry,CC BY 2.0,https://www.flickr.com/photos/jayjerry/5303969556
oi_9bed529bf7e1bb75.jpg,Open Images V7,train,Karunakar Rayker,CC BY 2.0,https://www.flickr.com/photos/krayker/2119348195
oi_9bed5e650b23c10a.jpg,Open Images V7,val,Fred von Lohmann,CC BY 2.0,https://www.flickr.com/photos/vonlohmann/504629314
oi_9bf0fd47668efe07.jpg,Open Images V7,val,antaresjhw,CC BY 2.0,https://www.flickr.com/photos/57114746@N00/356516138
oi_9bf1c333ca8dfa05.jpg,Open Images V7,train,Polar Cruises,CC BY 2.0,https://www.flickr.com/photos/polarphotos/5962595286
oi_9bfef7c752b309f4.jpg,Open Images V7,train,NOAA&#x27;s National Ocean Service,CC BY 2.0,https://www.flickr.com/photos/usoceangov/8539437625
oi_9c0b04aa4d8f1020.jpg,Open Images V7,val,JWolff-STL,CC BY 2.0,https://www.flickr.com/photos/jwolff-stl/10938750064/
oi_9c0cf690feb2659a.jpg,Open Images V7,train,MindsEye_PJ,CC BY 2.0,https://www.flickr.com/photos/mindseye_pj/7879162458
oi_9c1cc954538ef415.jpg,Open Images V7,val,Ingrid Taylar,CC BY 2.0,https://www.flickr.com/photos/taylar/12584545513
oi_9c2253c39ab56b6f.jpg,Open Images V7,train,Brian Cantoni,CC BY 2.0,https://www.flickr.com/photos/cantoni/4425916005
oi_9c312ee59757f484.jpg,Open Images V7,train,Bill McChesney,CC BY 2.0,https://www.flickr.com/photos/bsabarnowl/3644888890
oi_9c341dec431a2b5b.jpg,Open Images V7,test,bettyx1138,CC BY 2.0,https://www.flickr.com/photos/bettyx1138/15556906707
oi_9c43b17f34195739.jpg,Open Images V7,train,matthew lee,CC BY 2.0,https://www.flickr.com/photos/findiver/4300749420
oi_9c731e3b3d82983c.jpg,Open Images V7,train,Michael R Perry,CC BY 2.0,https://www.flickr.com/photos/michaelrperry/4239199893/
oi_9c7b902f0c9ea67e.jpg,Open Images V7,test,Brian Gratwicke,CC BY 2.0,https://www.flickr.com/photos/briangratwicke/7100305853
oi_9c81a26fe62a2d53.jpg,Open Images V7,val,Pedro Lozano,CC BY 2.0,https://www.flickr.com/photos/peterlozano/4878133481
oi_9c962851c8f64ecf.jpg,Open Images V7,test,Tonya,CC BY 2.0,https://www.flickr.com/photos/7616349@N04/9339375506
oi_9c9ab580e3583492.jpg,Open Images V7,train,NOAA Photo Library,CC BY 2.0,https://www.flickr.com/photos/noaaphotolib/9737323118
oi_9ca9f7dd24c17f85.jpg,Open Images V7,train,Tregde Ferie,CC BY 2.0,https://www.flickr.com/photos/tregde/22049064685
oi_9caee26e9b54e73a.jpg,Open Images V7,val,James Abbott,CC BY 2.0,https://www.flickr.com/photos/jamesabbott1963/17664777821
oi_9cb2fdeae1a6f5d5.jpg,Open Images V7,train,Clinton &amp; Charles Robertson,CC BY 2.0,https://www.flickr.com/photos/dad_and_clint/5591355020
oi_9cc3836e517e7881.jpg,Open Images V7,test,U.S. Fish and Wildlife Service Southeast Region,CC BY 2.0,https://www.flickr.com/photos/usfwssoutheast/7644289418
oi_9ccac3501226fa63.jpg,Open Images V7,train,Rob and Stephanie Levy,CC BY 2.0,https://www.flickr.com/photos/robandstephanielevy/2835054375
oi_9ccb5b81ba3db79d.jpg,Open Images V7,train,Dru Bloomfield,CC BY 2.0,https://www.flickr.com/photos/athomeinscottsdale/2757028186
oi_9cd2cb1846b2ef71.jpg,Open Images V7,train,nomis-simon,CC BY 2.0,https://www.flickr.com/photos/nomissimon/15908948007
oi_9cd5481233e0a838.jpg,Open Images V7,val,Antti T. Nissinen,CC BY 2.0,https://www.flickr.com/photos/veisto/5102329861
oi_9ce1d109796a71c2.jpg,Open Images V7,test,Shayan (USA),CC BY 2.0,https://www.flickr.com/photos/ssanyal/5622674443
oi_9cf3ffce3dcfe385.jpg,Open Images V7,val,J. Simmons,CC BY 2.0,https://www.flickr.com/photos/jedibfa/9724554293
oi_9cf68bd5b6cdd51c.jpg,Open Images V7,train,"Jim Legans, Jr",CC BY 2.0,https://www.flickr.com/photos/9575673@N08/2528641019
oi_9cf6c5fd16c3ade2.jpg,Open Images V7,val,q phia,CC BY 2.0,https://www.flickr.com/photos/q-phia/13570466005
oi_9d04fcb3cd6eec77.jpg,Open Images V7,val,Jane       ג&#x27;יין Fresco             פרסקו,CC BY 2.0,https://www.flickr.com/photos/just_jane/7779003
oi_9d1cb5ca7951d368.jpg,Open Images V7,train,Bryce JW,CC BY 2.0,https://www.flickr.com/photos/brycejw/9868511294
oi_9d1f2245d438c706.jpg,Open Images V7,train,Sarah Stewart,CC BY 2.0,https://www.flickr.com/photos/sarahmstewart/2976301028
oi_9d2a099f181978bb.jpg,Open Images V7,train,prilfish,CC BY 2.0,https://www.flickr.com/photos/silkebaron/7739890482
oi_9d2e255de318ddda.jpg,Open Images V7,val,Mark Guadalupe,CC BY 2.0,https://www.flickr.com/photos/mak1e/14263010330
oi_9d4bb580c8922798.jpg,Open Images V7,train,Stefano Brivio,CC BY 2.0,https://www.flickr.com/photos/buggolo/2856849504
oi_9d5203d964a5df25.jpg,Open Images V7,test,Russ,CC BY 2.0,https://www.flickr.com/photos/russ-w/15582157789
oi_9d5dcf9cfe0aa6bb.jpg,Open Images V7,val,Mike Baird,CC BY 2.0,https://www.flickr.com/photos/mikebaird/6764284277
oi_9d71341ab33fe63e.jpg,Open Images V7,train,Danielle  Pereira,CC BY 2.0,https://www.flickr.com/photos/galeria_miradas/5344110825
oi_9d743fdd3096395a.jpg,Open Images V7,train,L Church,CC BY 2.0,https://www.flickr.com/photos/29412527@N04/8042158520
oi_9d7660af9f27d1dd.jpg,Open Images V7,train,Roderick Eime,CC BY 2.0,https://www.flickr.com/photos/rodeime/16827496226
oi_9d77cf7a3648fd25.jpg,Open Images V7,train,NOAA Photo Library,CC BY 2.0,https://www.flickr.com/photos/noaaphotolib/9731148641
oi_9d7ba0be2192a987.jpg,Open Images V7,train,LASZLO ILYES,CC BY 2.0,https://www.flickr.com/photos/laszlo-photo/5211397636
oi_9d7d3651bf1607d7.jpg,Open Images V7,val,Bill McChesney,CC BY 2.0,https://www.flickr.com/photos/bsabarnowl/3623071539
oi_9d7e8aa158844dd6.jpg,Open Images V7,val,Justin Ennis,CC BY 2.0,https://www.flickr.com/photos/averain/7860616630
oi_9d868ce567fadc15.jpg,Open Images V7,val,Extra Zebra,CC BY 2.0,https://www.flickr.com/photos/23438569@N02/14342886056
oi_9d8c3021525a9be4.jpg,Open Images V7,train,Jim Whitehead,CC BY 2.0,https://www.flickr.com/photos/jimwhiteheaducsc/3889032007
oi_9dc92c3c5bbcec8a.jpg,Open Images V7,train,Donald Hobern,CC BY 2.0,https://www.flickr.com/photos/dhobern/8449251569/
oi_9dd4f2c57ee38694.jpg,Open Images V7,test,allispossible.org.uk,CC BY 2.0,https://www.flickr.com/photos/wheatfields/3707219474
oi_9deaa5192d28c8e0.jpg,Open Images V7,train,Irina,CC BY 2.0,https://www.flickr.com/photos/repolco/15385303779
oi_9df3d7b7049a02c8.jpg,Open Images V7,test,Paul Dunleavy,CC BY 2.0,https://www.flickr.com/photos/dunleavy_family/8629128806
oi_9df8982001f6fbdb.jpg,Open Images V7,val,Moto &quot;Club4AG&quot; Miwa,CC BY 2.0,https://www.flickr.com/photos/moto_club4ag/5183239983
oi_9dfaa86a930b9892.jpg,Open Images V7,train,Mike Baird,CC BY 2.0,https://www.flickr.com/photos/mikebaird/19758053572
oi_9e15f49758a43840.jpg,Open Images V7,test,Jason Lander,CC BY 2.0,https://www.flickr.com/photos/eyeliam/847779716
oi_9e184159f12d4f0f.jpg,Open Images V7,val,al del barrio,CC BY 2.0,https://www.flickr.com/photos/chaos/453913201
oi_9e2682a2de177f69.jpg,Open Images V7,train,ismb,CC BY 2.0,https://www.flickr.com/photos/ismb/7803477176
oi_9e273528e0c24bd4.jpg,Open Images V7,train,NOAA Photo Library,CC BY 2.0,https://www.flickr.com/photos/noaaphotolib/5015046368
oi_9e3796b45393395c.jpg,Open Images V7,test,gailhampshire,CC BY 2.0,https://www.flickr.com/photos/gails_pictures/16605940369
oi_9e508437c7289492.jpg,Open Images V7,val,Serge Melki,CC BY 2.0,https://www.flickr.com/photos/sergemelki/2916429432
oi_9e538ca5378e760e.jpg,Open Images V7,train,LASZLO ILYES,CC BY 2.0,https://www.flickr.com/photos/laszlo-photo/288219366
oi_9e53f74c9567eff8.jpg,Open Images V7,test,Christian Jiménez,CC BY 2.0,https://www.flickr.com/photos/furlin/6178150021
oi_9e5eac30962eb78d.jpg,Open Images V7,train,Leonid Mamchenkov,CC BY 2.0,https://www.flickr.com/photos/mamchenkov/134901396/
oi_9e5f5bba6ca293a7.jpg,Open Images V7,train,gjhamley,CC BY 2.0,https://www.flickr.com/photos/liptoniceg/8634011239
oi_9e627ea79810fe1b.jpg,Open Images V7,train,~Bani~,CC BY 2.0,https://www.flickr.com/photos/bani/15293058952
oi_9e665b595faf382f.jpg,Open Images V7,train,Mike Baird,CC BY 2.0,https://www.flickr.com/photos/mikebaird/5396884555
oi_9e7def33d53b0f7e.jpg,Open Images V7,train,Thomas Quine,CC BY 2.0,https://www.flickr.com/photos/quinet/13864725204
oi_9e991f1fdafe853a.jpg,Open Images V7,val,U.S. Fish and Wildlife Service Northeast Region,CC BY 2.0,https://www.flickr.com/photos/usfwsnortheast/4679168598
oi_9ea001bfa4b7424f.jpg,Open Images V7,test,Björn Falkevik,CC BY 2.0,https://www.flickr.com/photos/bjornfalkevik/18484294830
oi_9ea73d0523f0874a.jpg,Open Images V7,val,Naotake Murayama,CC BY 2.0,https://www.flickr.com/photos/naotakem/115766568/
oi_9ec64f6e79586c3c.jpg,Open Images V7,train,((brian)),CC BY 2.0,https://www.flickr.com/photos/brian-m/233311153
oi_9ee8d7f8aeac9b30.jpg,Open Images V7,train,born1945,CC BY 2.0,https://www.flickr.com/photos/12567713@N00/53144090
oi_9eed4f7216ed53f0.jpg,Open Images V7,val,Argyleist,CC BY 2.0,https://www.flickr.com/photos/bnimble/192326123
oi_9ef51cf0fa71b66f.jpg,Open Images V7,val,Cambodia4kids.org Beth Kanter,CC BY 2.0,https://www.flickr.com/photos/cambodia4kidsorg/4226547083
oi_9f06ca9933e4e02d.jpg,Open Images V7,train,keiyac,CC BY 2.0,https://www.flickr.com/photos/keiya/9605165267
oi_9f114bec6add1c42.jpg,Open Images V7,train,Eric McCarty,CC BY 2.0,https://www.flickr.com/photos/ericmccarty/5961027577
oi_9f14770853999545.jpg,Open Images V7,val,internets_dairy,CC BY 2.0,https://www.flickr.com/photos/16339684@N00/2419077463
oi_9f16babcd661f7bd.jpg,Open Images V7,val,Dallas Krentzel,CC BY 2.0,https://www.flickr.com/photos/31867959@N04/6011802695
oi_9f21640ffd26aed6.jpg,Open Images V7,train,Guillermo Palacios,CC BY 2.0,https://www.flickr.com/photos/memox/2343671703
oi_9f23bca9066af658.jpg,Open Images V7,train,christina rutz,CC BY 2.0,https://www.flickr.com/photos/paparutzi/264549172
oi_9f3cbb99eae86eba.jpg,Open Images V7,train,JULIAN MASON,CC BY 2.0,https://www.flickr.com/photos/meandmyshadow/10578772106
oi_9f3e1adcbf60ff9a.jpg,Open Images V7,train,Makuahine Pa&#x27;i Ki&#x27;i,CC BY 2.0,https://www.flickr.com/photos/hawaii-mcgraths/3728455180
oi_9f427eceafa49600.jpg,Open Images V7,train,Georg Wittberger,CC BY 2.0,https://www.flickr.com/photos/georgwittberger/2872067015
oi_9f51c469e016bb62.jpg,Open Images V7,train,Mark Doliner,CC BY 2.0,https://www.flickr.com/photos/markdoliner/15570376776
oi_9f5c044f5226044f.jpg,Open Images V7,val,Estela Rocanrol,CC BY 2.0,https://www.flickr.com/photos/128187185@N08/15762021356
oi_9f7333cc75006a34.jpg,Open Images V7,val,Justin Ennis,CC BY 2.0,https://www.flickr.com/photos/averain/4451983916
oi_9f7a86e5de305373.jpg,Open Images V7,test,Jerome Bon,CC BY 2.0,https://www.flickr.com/photos/girolame/138397169
oi_9f80a11348a95357.jpg,Open Images V7,test,NOAA Photo Library,CC BY 2.0,https://www.flickr.com/photos/noaaphotolib/11952585116
oi_9f8cc46c18e71701.jpg,Open Images V7,train,Hans Dekker,CC BY 2.0,https://www.flickr.com/photos/hansdekker/976953692
oi_9f988fccae93a358.jpg,Open Images V7,train,Andrew,CC BY 2.0,https://www.flickr.com/photos/polandeze/463285395
oi_9fa28228895871a4.jpg,Open Images V7,train,flightlog,CC BY 2.0,https://www.flickr.com/photos/flightlog/5943592080
oi_9fae3d9bfbf449d4.jpg,Open Images V7,train,Bugeater,CC BY 2.0,https://www.flickr.com/photos/bugeaters/1397179635
oi_9fb3889636939a0f.jpg,Open Images V7,val,Jason Ferrell,CC BY 2.0,https://www.flickr.com/photos/jasonferrell/3781224474
oi_9ff1bb8bd663cc85.jpg,Open Images V7,val,mbtrama,CC BY 2.0,https://www.flickr.com/photos/mbtrama/1352617641
oi_9ffc94eb2b8ecd8c.jpg,Open Images V7,train,THOR,CC BY 2.0,https://www.flickr.com/photos/geishaboy500/4525341611
oi_a00194fcd5c59558.jpg,Open Images V7,train,Digital Magic Photography,CC BY 2.0,https://www.flickr.com/photos/digitalmagicphotos/4246823984/
oi_a00629a1d1e2b6bc.jpg,Open Images V7,train,Svetoslav Denev,CC BY 2.0,https://www.flickr.com/photos/hydril/8600709463
oi_a01563ed26f7f1d1.jpg,Open Images V7,val,Alberto Otero García,CC BY 2.0,https://www.flickr.com/photos/albertoog/8962267761
oi_a026cfbf2ad3f7ae.jpg,Open Images V7,train,Me-Liss-A,CC BY 2.0,https://www.flickr.com/photos/lissjasmin/976727176
oi_a02bd43993172bac.jpg,Open Images V7,train,klm,CC BY 2.0,https://www.flickr.com/photos/_klm_/214740179
oi_a04577ee0708fd37.jpg,Open Images V7,val,NOAA&#x27;s National Ocean Service,CC BY 2.0,https://www.flickr.com/photos/usoceangov/4770952015
oi_a054919160b952ff.jpg,Open Images V7,test,Louisiana Sea Grant College Program Louisiana State University,CC BY 2.0,https://www.flickr.com/photos/88158121@N00/16031132737
oi_a05999e1e7e9e335.jpg,Open Images V7,train,brownpau,CC BY 2.0,https://www.flickr.com/photos/brownpau/6640355671
oi_a05f7f6eb17c11b6.jpg,Open Images V7,train,jmettraux,CC BY 2.0,https://www.flickr.com/photos/jmettraux/13691265915/
oi_a07dc4a8d0c3f3b0.jpg,Open Images V7,train,NOAA Photo Library,CC BY 2.0,https://www.flickr.com/photos/noaaphotolib/5188115200
oi_a092c7921760e12c.jpg,Open Images V7,train,flowcomm,CC BY 2.0,https://www.flickr.com/photos/flowcomm/8754073780
oi_a0a7856761428288.jpg,Open Images V7,train,Doug Wertman,CC BY 2.0,https://www.flickr.com/photos/nanoprobe67/5798015448
oi_a0b1cff45956c33a.jpg,Open Images V7,val,Nan Palmero,CC BY 2.0,https://www.flickr.com/photos/nanpalmero/4637469540
oi_a0b23752a1699e37.jpg,Open Images V7,train,M. G. A.,CC BY 2.0,https://www.flickr.com/photos/odragao/7616353300/
oi_a0bffc6e52c0fae5.jpg,Open Images V7,train,Doug Letterman,CC BY 2.0,https://www.flickr.com/photos/dougletterman/16779997865
oi_a0d46c567810a2ee.jpg,Open Images V7,train,Rojer,CC BY 2.0,https://www.flickr.com/photos/rojer/4891912674
oi_a0ef8ceae13a89e8.jpg,Open Images V7,val,Manuel Martín,CC BY 2.0,https://www.flickr.com/photos/draxus/5702653381
oi_a0f5f64b8787a6fd.jpg,Open Images V7,val,Dave Morris,CC BY 2.0,https://www.flickr.com/photos/davemorris/5165158
oi_a103f25f4849233f.jpg,Open Images V7,train,Satoshi KINOKUNI,CC BY 2.0,https://www.flickr.com/photos/nikunoki/8321132828/
oi_a1191b9cf3885e98.jpg,Open Images V7,val,manaties,CC BY 2.0,https://www.flickr.com/photos/manaties/8068230649
oi_a11d2f54a597cb4e.jpg,Open Images V7,train,Flavio Ensiki,CC BY 2.0,https://www.flickr.com/photos/flavouz/8323338174
oi_a11ec9522e928b03.jpg,Open Images V7,val,Paul Asman and Jill Lenoble,CC BY 2.0,https://www.flickr.com/photos/pauljill/15668475120
oi_a11f5b4e6c054930.jpg,Open Images V7,train,EcologyWA,CC BY 2.0,https://www.flickr.com/photos/ecologywa/16905459889
oi_a1219ddfaa82a144.jpg,Open Images V7,val,Mark,CC BY 2.0,https://www.flickr.com/photos/eggrole/4024120152
oi_a136c4ef1e492139.jpg,Open Images V7,train,sodai gomi,CC BY 2.0,https://www.flickr.com/photos/sodaigomi/9662341748
oi_a13707e5ade414ab.jpg,Open Images V7,train,Ines Hegedus-Garcia,CC BY 2.0,https://www.flickr.com/photos/miamism/3856915580
oi_a13b058b1c56b884.jpg,Open Images V7,train,Moyan Brenn,CC BY 2.0,https://www.flickr.com/photos/aigle_dore/15754638801
oi_a13c05cb34c1276d.jpg,Open Images V7,train,*pascal*,CC BY 2.0,https://www.flickr.com/photos/pascal-blachier/1020800351
oi_a142c1459f2ee68a.jpg,Open Images V7,val,"Jim, the Photographer",CC BY 2.0,https://www.flickr.com/photos/jcapaldi/9657007786
oi_a154348879c06237.jpg,Open Images V7,train,TheBusyBrain,CC BY 2.0,https://www.flickr.com/photos/thebusybrain/2973536570
oi_a182bcf9c4ce372d.jpg,Open Images V7,train,Raffi Asdourian,CC BY 2.0,https://www.flickr.com/photos/zaffi/16562497117
oi_a19b75abf3bb4d0d.jpg,Open Images V7,train,David Goehring,CC BY 2.0,https://www.flickr.com/photos/carbonnyc/14730032401
oi_a1a6663c679e8f1e.jpg,Open Images V7,train,Esther Lee,CC BY 2.0,https://www.flickr.com/photos/47096398@N08/5521439392
oi_a1ab09be4f2886b7.jpg,Open Images V7,val,Yusuke Umezawa,CC BY 2.0,https://www.flickr.com/photos/umezy12/8663691797
oi_a1b98aac5a36a4f9.jpg,Open Images V7,val,Brian Jeffery Beggerly,CC BY 2.0,https://www.flickr.com/photos/beggs/11354169603
oi_a1c060518bf520a2.jpg,Open Images V7,train,Brendan Adkins,CC BY 2.0,https://www.flickr.com/photos/brendanadkins/8533429106
oi_a1df212bdf875159.jpg,Open Images V7,test,JeffChristiansen,CC BY 2.0,https://www.flickr.com/photos/jeffchristiansen/6986679791
oi_a1df4f7533a943b1.jpg,Open Images V7,train,walknboston,CC BY 2.0,https://www.flickr.com/photos/walkn/512849059
oi_a1f573671dd94f6c.jpg,Open Images V7,train,Miguel Vieira,CC BY 2.0,https://www.flickr.com/photos/miguelvieira/6533950087
oi_a214874074dc8fe5.jpg,Open Images V7,train,jbraine,CC BY 2.0,https://www.flickr.com/photos/jbraine/565675144
oi_a218198fc60d023f.jpg,Open Images V7,train,Whitstable Oyster Festival,CC BY 2.0,https://www.flickr.com/photos/whitstableoysterfestival/5837385665
oi_a2231b8f9471cc0b.jpg,Open Images V7,val,Raymund James Bare,CC BY 2.0,https://www.flickr.com/photos/rjbare/2530228734
oi_a223c921c84cce47.jpg,Open Images V7,train,A.Davey,CC BY 2.0,https://www.flickr.com/photos/adavey/5044091771
oi_a2333e8c457386b8.jpg,Open Images V7,val,Eric Chan,CC BY 2.0,https://www.flickr.com/photos/maveric2003/1062834951
oi_a233ac9a9106e59b.jpg,Open Images V7,train,Rojer,CC BY 2.0,https://www.flickr.com/photos/rojer/4864603719
oi_a24477f57f717532.jpg,Open Images V7,train,SD Dirk,CC BY 2.0,https://www.flickr.com/photos/dirkhansen/2890691443
oi_a251561afda9b851.jpg,Open Images V7,train,Richard Stephenson,CC BY 2.0,https://www.flickr.com/photos/63435518@N08/6339566076
oi_a25259ef22b6c8e0.jpg,Open Images V7,test,jphilipg,CC BY 2.0,https://www.flickr.com/photos/15708236@N07/16234257349
oi_a26ca07263701187.jpg,Open Images V7,train,USFWS - Pacific Region,CC BY 2.0,https://www.flickr.com/photos/usfwspacific/9686085347
oi_a273c7632b1a29a2.jpg,Open Images V7,val,Christopher Michel,CC BY 2.0,https://www.flickr.com/photos/cmichel67/11235855914
oi_a274e65840711dc8.jpg,Open Images V7,train,Lwp Kommunikáció,CC BY 2.0,https://www.flickr.com/photos/lwpkommunikacio/15381404184
oi_a298921b7e2a682b.jpg,Open Images V7,train,Elma,CC BY 2.0,https://www.flickr.com/photos/24710622@N05/4030630776
oi_a29d09eee8f6fe1e.jpg,Open Images V7,train,amanderson2,CC BY 2.0,https://www.flickr.com/photos/amanderson/12900871845
oi_a29e9a8c1951bf48.jpg,Open Images V7,train,Sean MacEntee,CC BY 2.0,https://www.flickr.com/photos/smemon/13337188614
oi_a2a274f45c70c4ee.jpg,Open Images V7,val,dancing_triss,CC BY 2.0,https://www.flickr.com/photos/dancing_triss/3848684880
oi_a2a8cc6e224b9a8d.jpg,Open Images V7,val,Antonio Zugaldia,CC BY 2.0,https://www.flickr.com/photos/azugaldia/2704930104
oi_a2b91050a5862f41.jpg,Open Images V7,train,Cliff,CC BY 2.0,https://www.flickr.com/photos/nostri-imago/3148922057
oi_a2d0050279ebfea8.jpg,Open Images V7,train,Elias Levy,CC BY 2.0,https://www.flickr.com/photos/elevy/14730742610
oi_a2d02f5705f6cd7b.jpg,Open Images V7,train,NOAA Photo Library,CC BY 2.0,https://www.flickr.com/photos/noaaphotolib/9678404809/
oi_a2d30c445a5328e2.jpg,Open Images V7,train,Amit Patel,CC BY 2.0,https://www.flickr.com/photos/amitp/9468289369
oi_a2f1b5081a8fccbc.jpg,Open Images V7,train,rekre89,CC BY 2.0,https://www.flickr.com/photos/missturner/4401111801
oi_a2fd723d4eacb00f.jpg,Open Images V7,train,Karen,CC BY 2.0,https://www.flickr.com/photos/misbehave/12357939714
oi_a30bb33d0c25c49e.jpg,Open Images V7,val,Ilse Reijs and Jan-Noud Hutten,CC BY 2.0,https://www.flickr.com/photos/39891373@N07/4399723984
oi_a3271d7e20f65b03.jpg,Open Images V7,train,Brad Spry,CC BY 2.0,https://www.flickr.com/photos/bradspry/171728123
oi_a34eeefc7b9aa3a8.jpg,Open Images V7,train,U.S. Fish and Wildlife Service Headquarters,CC BY 2.0,https://www.flickr.com/photos/usfwshq/12293819415
oi_a36384cb21ab2a70.jpg,Open Images V7,train,Mike Baird,CC BY 2.0,https://www.flickr.com/photos/mikebaird/2237787161
oi_a365883ba530cf4e.jpg,Open Images V7,val,Thomas Shahan,CC BY 2.0,https://www.flickr.com/photos/49580580@N02/14278590662
oi_a3728d8753abd733.jpg,Open Images V7,test,Alex Indigo,CC BY 2.0,https://www.flickr.com/photos/alexindigo/5562814129
oi_a379ab4ae3289404.jpg,Open Images V7,train,Oskari Kettunen,CC BY 2.0,https://www.flickr.com/photos/aok/289739667
oi_a37bc78c1a1b9ee9.jpg,Open Images V7,val,Christophe Gesché,CC BY 2.0,https://www.flickr.com/photos/moosh_claroline/143368175
oi_a3a528b4773ad0a5.jpg,Open Images V7,train,tanyaboza,CC BY 2.0,https://www.flickr.com/photos/42007902@N04/14898320211/
oi_a3a613df8f27e51d.jpg,Open Images V7,train,asobi tsuchiya,CC BY 2.0,https://www.flickr.com/photos/asobitsuchiya/3675095481
oi_a3c2e888ba618a88.jpg,Open Images V7,train,Matthew  Hester,CC BY 2.0,https://www.flickr.com/photos/matthewhester/7799768734
oi_a3c520597a25dee9.jpg,Open Images V7,train,DRAMOS19,CC BY 2.0,https://www.flickr.com/photos/28795465@N03/8646686765
oi_a3ec1641d7fb4b83.jpg,Open Images V7,test,alisdair,CC BY 2.0,https://www.flickr.com/photos/alisdair/451019907/
oi_a419ea03ded1883c.jpg,Open Images V7,val,iwona_kellie,CC BY 2.0,https://www.flickr.com/photos/iwona_kellie/4030542400
oi_a42e3c487b22f7e1.jpg,Open Images V7,train,Jerry Kirkhart,CC BY 2.0,https://www.flickr.com/photos/jkirkhart35/11422023505
oi_a431fbaa1606b391.jpg,Open Images V7,train,Tomas Sobek,CC BY 2.0,https://www.flickr.com/photos/tomas_sobek/16231375313
oi_a436bed8f431e4cf.jpg,Open Images V7,train,mkismkismk,CC BY 2.0,https://www.flickr.com/photos/mkismkismk/6818655326
oi_a43ae69e99099219.jpg,Open Images V7,train,devra,CC BY 2.0,https://www.flickr.com/photos/minicooper93402/9736985085
oi_a441df8ac383d3db.jpg,Open Images V7,train,TonyParkin67,CC BY 2.0,https://www.flickr.com/photos/parkituk/21034776338
oi_a45181cb06514f2c.jpg,Open Images V7,val,Ryan Schmitz,CC BY 2.0,https://www.flickr.com/photos/110220953@N02/11829435004
oi_a46c5fce27508866.jpg,Open Images V7,val,Ben Ramirez,CC BY 2.0,https://www.flickr.com/photos/benramirez/8939312498
oi_a47423f30bf82b26.jpg,Open Images V7,train,USAG- Humphreys,CC BY 2.0,https://www.flickr.com/photos/usaghumphreys/11977033234
oi_a480864ca1948c6a.jpg,Open Images V7,train,Jose A. Perez,CC BY 2.0,https://www.flickr.com/photos/nojofoto/7526277702
oi_a495410ea20c3476.jpg,Open Images V7,train,Vito  Fun,CC BY 2.0,https://www.flickr.com/photos/vitofun/11734287556
oi_a4c1a42769fdc737.jpg,Open Images V7,train,Tim Sheerman-Chase,CC BY 2.0,https://www.flickr.com/photos/tim_uk/15376712470
oi_a4e51ed244770a3f.jpg,Open Images V7,val,blogarazzo,CC BY 2.0,https://www.flickr.com/photos/fihecube/6283901331
oi_a4ea3ab91046ccb0.jpg,Open Images V7,train,USFWS - Pacific Region,CC BY 2.0,https://www.flickr.com/photos/usfwspacific/9468591074
oi_a4eb7fc691704f31.jpg,Open Images V7,val,Xplore Dive,CC BY 2.0,https://www.flickr.com/photos/xploredive/5737935985
oi_a4edef17acd9b527.jpg,Open Images V7,train,KATH,CC BY 2.0,https://www.flickr.com/photos/gialiat/17024881151
oi_a4eee587cc1b4804.jpg,Open Images V7,train,lin padgham,CC BY 2.0,https://www.flickr.com/photos/linpadgham/2589171057
oi_a506bb0333fb7d51.jpg,Open Images V7,train,Justin De La Ornellas,CC BY 2.0,https://www.flickr.com/photos/ornellas/8149884413
oi_a50a2df35a4aaa8d.jpg,Open Images V7,train,designatednaphour,CC BY 2.0,https://www.flickr.com/photos/dragonflyajt/240068823
oi_a52692cc553049ed.jpg,Open Images V7,val,The_Gut,CC BY 2.0,https://www.flickr.com/photos/frogbelly/8297851649
oi_a52c4aa756fe84b0.jpg,Open Images V7,test,Rob and Stephanie Levy,CC BY 2.0,https://www.flickr.com/photos/robandstephanielevy/408497783
oi_a537e7b993506926.jpg,Open Images V7,train,Strange Ones,CC BY 2.0,https://www.flickr.com/photos/strangeones/4760135182
oi_a53a9b668daac3a3.jpg,Open Images V7,train,Beckie,CC BY 2.0,https://www.flickr.com/photos/50066720@N03/7856191406
oi_a53c105b0a32e92a.jpg,Open Images V7,train,Jerry Kirkhart,CC BY 2.0,https://www.flickr.com/photos/jkirkhart35/5380517690
oi_a5407cfd1c7cb6e3.jpg,Open Images V7,train,SePPeR,CC BY 2.0,https://www.flickr.com/photos/sepp/5597945296
oi_a54c4cebe1fac69f.jpg,Open Images V7,train,Newtown grafitti,CC BY 2.0,https://www.flickr.com/photos/newtown_grafitti/9222360038
oi_a5564063d5d1d9d5.jpg,Open Images V7,train,Stephen Masters,CC BY 2.0,https://www.flickr.com/photos/gratiartis/5338386275
oi_a574c210c7260026.jpg,Open Images V7,train,Wendy Piersall,CC BY 2.0,https://www.flickr.com/photos/wendypiersall/3266564781
oi_a5759409bfa3aeb4.jpg,Open Images V7,train,Jessie Hey,CC BY 2.0,https://www.flickr.com/photos/heystax/6943253407
oi_a57edf5c5cce141d.jpg,Open Images V7,train,Peter Harrison,CC BY 2.0,https://www.flickr.com/photos/devcentre/505273726
oi_a5942890199aa54c.jpg,Open Images V7,val,NicosFotos,CC BY 2.0,https://www.flickr.com/photos/nicos_fotos/12863989973/
oi_a5997b5eb24f4b8e.jpg,Open Images V7,test,SD Dirk,CC BY 2.0,https://www.flickr.com/photos/dirkhansen/6105158454
oi_a59b3c9a2e453a1e.jpg,Open Images V7,val,Patrick Quinn-Graham,CC BY 2.0,https://www.flickr.com/photos/pftqg/3839713850
oi_a59d8d44877fca58.jpg,Open Images V7,train,Chris Williamson,CC BY 2.0,https://www.flickr.com/photos/chriswsn/6738334113
oi_a5a6f01d83822dad.jpg,Open Images V7,train,Mike Baird,CC BY 2.0,https://www.flickr.com/photos/mikebaird/2683223203
oi_a5adc9c5c015b1a7.jpg,Open Images V7,train,Jeff Miccolis,CC BY 2.0,https://www.flickr.com/photos/jsmiccolis/8027693025
oi_a5b3cc72f0e36b49.jpg,Open Images V7,train,Rojer,CC BY 2.0,https://www.flickr.com/photos/rojer/4891304647
oi_a5c2afb7b528e699.jpg,Open Images V7,val,Clinton &amp; Charles Robertson,CC BY 2.0,https://www.flickr.com/photos/dad_and_clint/5807044468
oi_a5d51a67c8f06bad.jpg,Open Images V7,train,Purple Slog,CC BY 2.0,https://www.flickr.com/photos/purpleslog/140005069
oi_a5dd191b38435172.jpg,Open Images V7,train,Rob and Stephanie Levy,CC BY 2.0,https://www.flickr.com/photos/robandstephanielevy/2978274096
oi_a5e7cfb8e9b9e840.jpg,Open Images V7,train,Brent Newhall,CC BY 2.0,https://www.flickr.com/photos/brentnewhall/6283798231
oi_a5e9107dfa377868.jpg,Open Images V7,train,Phalinn Ooi,CC BY 2.0,https://www.flickr.com/photos/phalinn/20623106555
oi_a5f66e7742acc14d.jpg,Open Images V7,train,Nat Taylor,CC BY 2.0,https://www.flickr.com/photos/sailornattaylor/15689726874
oi_a5f7b917848f1c60.jpg,Open Images V7,val,prilfish,CC BY 2.0,https://www.flickr.com/photos/silkebaron/3823884772
oi_a6051503574a4335.jpg,Open Images V7,train,Ed Bierman,CC BY 2.0,https://www.flickr.com/photos/edbierman/2806825367
oi_a60885b0e7bd5d4c.jpg,Open Images V7,val,ms.akr,CC BY 2.0,https://www.flickr.com/photos/msakr/5529614515
oi_a60ee31b8743cdb1.jpg,Open Images V7,train,Lisa Williams,CC BY 2.0,https://www.flickr.com/photos/pixellou/10737542895
oi_a611d76154e47387.jpg,Open Images V7,train,Ryosuke Hosoi,CC BY 2.0,https://www.flickr.com/photos/rhosoi/4845932006
oi_a6120c7578ac88b8.jpg,Open Images V7,train,Paul Jones,CC BY 2.0,https://www.flickr.com/photos/paulandbeth/2648664580
oi_a629882b5f95c6f4.jpg,Open Images V7,train,Derek Keats,CC BY 2.0,https://www.flickr.com/photos/dkeats/6198108241
oi_a62ca01c7e752da6.jpg,Open Images V7,train,Christine und Hagen Graf,CC BY 2.0,https://www.flickr.com/photos/hagengraf/2109883173
oi_a63ee11b1a8467f2.jpg,Open Images V7,train,Sean MacEntee,CC BY 2.0,https://www.flickr.com/photos/smemon/4484723726
oi_a642b78c27bc3985.jpg,Open Images V7,test,JeffChristiansen,CC BY 2.0,https://www.flickr.com/photos/jeffchristiansen/6986621195
oi_a6466094cd810711.jpg,Open Images V7,val,Selena N. B. H.,CC BY 2.0,https://www.flickr.com/photos/moonlightbulb/2622872158
oi_a656ec0e9fa552cc.jpg,Open Images V7,train,Walter,CC BY 2.0,https://www.flickr.com/photos/walterpro/15230141035
oi_a6581e1ce8e327de.jpg,Open Images V7,train,Sean MacEntee,CC BY 2.0,https://www.flickr.com/photos/smemon/5993953414
oi_a65b80aeac7ee22d.jpg,Open Images V7,test,George Bannister,CC BY 2.0,https://www.flickr.com/photos/drgbb/2165492849
oi_a668711fe65a3a15.jpg,Open Images V7,train,Ruth Hartnup,CC BY 2.0,https://www.flickr.com/photos/ruthanddave/53079389
oi_a66d044bd7996a48.jpg,Open Images V7,train,hong ming nan,CC BY 2.0,https://www.flickr.com/photos/125235959@N05/15571402280
oi_a67002247a9825d1.jpg,Open Images V7,train,Lisa Williams,CC BY 2.0,https://www.flickr.com/photos/pixellou/10737635806
oi_a6742fe74bdcd3d0.jpg,Open Images V7,test,Brian Gratwicke,CC BY 2.0,https://www.flickr.com/photos/19731486@N07/6932204546
oi_a6784fc0d740a086.jpg,Open Images V7,train,NOAA Photo Library,CC BY 2.0,https://www.flickr.com/photos/noaaphotolib/19357594554
oi_a6809628b40e930d.jpg,Open Images V7,test,Wesley Fryer,CC BY 2.0,https://www.flickr.com/photos/wfryer/6239554644
oi_a680e59dd811c58f.jpg,Open Images V7,train,Gilad Rom,CC BY 2.0,https://www.flickr.com/photos/gilad_rom/648310228
oi_a6843b1f96b59eff.jpg,Open Images V7,val,Florida Keys--Public Libraries,CC BY 2.0,https://www.flickr.com/photos/keyslibraries/5711582904
oi_a685cecfddd9066c.jpg,Open Images V7,val,Jon Connell,CC BY 2.0,https://www.flickr.com/photos/ciamabue/6106200765
oi_a69259f4d75ac70c.jpg,Open Images V7,train,Corrie Barklimore,CC BY 2.0,https://www.flickr.com/photos/corrieb/8005411581
oi_a693d4aec97df2e9.jpg,Open Images V7,train,Serge Melki,CC BY 2.0,https://www.flickr.com/photos/sergemelki/2915583707
oi_a6a53fc84499b275.jpg,Open Images V7,train,prilfish,CC BY 2.0,https://www.flickr.com/photos/silkebaron/7744542974
oi_a6c64ca40d983fe6.jpg,Open Images V7,train,Sarah Sammis,CC BY 2.0,https://www.flickr.com/photos/pussreboots/15239837161
oi_a6e3a2bc1bd4319d.jpg,Open Images V7,train,mrpbps,CC BY 2.0,https://www.flickr.com/photos/mrpbps/15963346115
oi_a6ef38cfbe08a2d6.jpg,Open Images V7,val,Michael Bentley,CC BY 2.0,https://www.flickr.com/photos/donhomer/6974444043
oi_a6ff24da943d6d8e.jpg,Open Images V7,test,NOAA Photo Library,CC BY 2.0,https://www.flickr.com/photos/noaaphotolib/5020536734
oi_a73cbf15fff5dcd8.jpg,Open Images V7,test,NOAA Photo Library,CC BY 2.0,https://www.flickr.com/photos/noaaphotolib/5019891383
oi_a755128e8e484cf6.jpg,Open Images V7,train,tonko43,CC BY 2.0,https://www.flickr.com/photos/tonko43/7483282036
oi_a75545630841a977.jpg,Open Images V7,train,A.Davey,CC BY 2.0,https://www.flickr.com/photos/adavey/4128010112
oi_a75f11d47d6c3cf0.jpg,Open Images V7,train,Jhaymesisviphotography,CC BY 2.0,https://www.flickr.com/photos/jhaymesisvip/6955374032
oi_a76418c0acfa4c4c.jpg,Open Images V7,train,Mike Baird,CC BY 2.0,https://www.flickr.com/photos/mikebaird/4839801640
oi_a76a6d148dfc460b.jpg,Open Images V7,train,Paul Asman and Jill Lenoble,CC BY 2.0,https://www.flickr.com/photos/pauljill/4676218109
oi_a771ccc897aac947.jpg,Open Images V7,val,WalkingGeek,CC BY 2.0,https://www.flickr.com/photos/wengs/5321036203
oi_a776c82af6c69956.jpg,Open Images V7,train,Bruno Zeppelin,CC BY 2.0,https://www.flickr.com/photos/brunozeppelin/3048074344
oi_a7780a655b89e54f.jpg,Open Images V7,train,Mike G,CC BY 2.0,https://www.flickr.com/photos/mishagl/4784545493
oi_a78dbcd059bd156c.jpg,Open Images V7,train,Blondinrikard Fröberg,CC BY 2.0,https://www.flickr.com/photos/blondinrikard/8971559500
oi_a79b67d6525baa8d.jpg,Open Images V7,train,bobistraveling,CC BY 2.0,https://www.flickr.com/photos/bobistraveling/4736859419
oi_a7a0b3b2f715ae09.jpg,Open Images V7,train,Clinton &amp; Charles Robertson,CC BY 2.0,https://www.flickr.com/photos/dad_and_clint/4006623410
oi_a7a19963dbf6a006.jpg,Open Images V7,train,Colleen Pence,CC BY 2.0,https://www.flickr.com/photos/delaneydiaries/4108088832/
oi_a7d64230590ccf23.jpg,Open Images V7,val,Jon Spencer,CC BY 2.0,https://www.flickr.com/photos/12659020@N04/1323928409
oi_a7da9c15431a1621.jpg,Open Images V7,train,Jan Smith,CC BY 2.0,https://www.flickr.com/photos/26085795@N02/6802584886
oi_a7f75a46cdb7b482.jpg,Open Images V7,train,incidencematrix,CC BY 2.0,https://www.flickr.com/photos/incidencematrix/15111111776
oi_a8197570ab8b01c2.jpg,Open Images V7,train,Chris Williamson,CC BY 2.0,https://www.flickr.com/photos/chriswsn/3337481886/
oi_a8395ec7aaaba8b6.jpg,Open Images V7,val,Ryan Bodenstein,CC BY 2.0,https://www.flickr.com/photos/evenkolder/16554966438
oi_a8447000d46dd1a9.jpg,Open Images V7,train,Steve Jurvetson,CC BY 2.0,https://www.flickr.com/photos/jurvetson/209604385
oi_a844cf0da9a6fecf.jpg,Open Images V7,train,stahlmandesign,CC BY 2.0,https://www.flickr.com/photos/stahlmandesign/446147424
oi_a848df5dbed78a0f.jpg,Open Images V7,train,shizhao,CC BY 2.0,https://www.flickr.com/photos/shizhao/471114338
oi_a8518e40748fb005.jpg,Open Images V7,train,Brian Gratwicke,CC BY 2.0,https://www.flickr.com/photos/briangratwicke/6181911473
oi_a851ebab610e4ccd.jpg,Open Images V7,train,-stefano-,CC BY 2.0,https://www.flickr.com/photos/28090599@N08/5099702476
oi_a858710c3dac3565.jpg,Open Images V7,test,ishtar loves ice cream,CC BY 2.0,https://www.flickr.com/photos/ishtar-loves-icecream/7178206461
oi_a89799ab6b3f8630.jpg,Open Images V7,val,Ross Hawkes,CC BY 2.0,https://www.flickr.com/photos/rosshawkes/5527570306
oi_a8a8e778adbdcea7.jpg,Open Images V7,train,Barry Peters,CC BY 2.0,https://www.flickr.com/photos/barrypeters/4576212782
oi_a8b62af66bdcb435.jpg,Open Images V7,train,Angie Yates,CC BY 2.0,https://www.flickr.com/photos/30627038@N05/4576526288
oi_a8b926adcedbb0a2.jpg,Open Images V7,test,Englepip,CC BY 2.0,https://www.flickr.com/photos/16021433@N07/15109628232
oi_a8cef952ae76ad93.jpg,Open Images V7,train,Ines Hegedus-Garcia,CC BY 2.0,https://www.flickr.com/photos/miamism/3893264338
oi_a8d1394a9a284c19.jpg,Open Images V7,train,Milan Boers,CC BY 2.0,https://www.flickr.com/photos/milanboers/3506610941
oi_a8d9dba2e2092133.jpg,Open Images V7,val,banjo d,CC BY 2.0,https://www.flickr.com/photos/dblue/278487141
oi_a8f626b915ccf29f.jpg,Open Images V7,train,Jason Pratt,CC BY 2.0,https://www.flickr.com/photos/jasonpratt/2896170949
oi_a908a210e51d99e1.jpg,Open Images V7,val,Steren Giannini,CC BY 2.0,https://www.flickr.com/photos/steren/4806282718
oi_a91064cb38a0e828.jpg,Open Images V7,train,carolineCCB,CC BY 2.0,https://www.flickr.com/photos/carolineccb/4262340953
oi_a915165879e1daca.jpg,Open Images V7,train,Jer Thorp,CC BY 2.0,https://www.flickr.com/photos/blprnt/3687938263
oi_a9175a4b56d2c1e5.jpg,Open Images V7,train,Dimitris Siskopoulos,CC BY 2.0,https://www.flickr.com/photos/dimsis/18168947844
oi_a91989308f399739.jpg,Open Images V7,train,A.Davey,CC BY 2.0,https://www.flickr.com/photos/adavey/4102756701
oi_a92a760603bf9068.jpg,Open Images V7,val,paul pod,CC BY 2.0,https://www.flickr.com/photos/paulpod/2636348736
oi_a952b007080be0a0.jpg,Open Images V7,train,U.S. Fish and Wildlife Service Headquarters,CC BY 2.0,https://www.flickr.com/photos/usfwshq/5967696041
oi_a9573d1c638af705.jpg,Open Images V7,val,Chuck Falzone,CC BY 2.0,https://www.flickr.com/photos/chuckfalzone/6920693240/
oi_a9687657a5e13584.jpg,Open Images V7,train,City.and.Color,CC BY 2.0,https://www.flickr.com/photos/technicolourcity/10496469543
oi_a97329ea28d47179.jpg,Open Images V7,train,waferboard,CC BY 2.0,https://www.flickr.com/photos/waferboard/4866077126
oi_a97dea8e9ed692e8.jpg,Open Images V7,train,Jessica Spengler,CC BY 2.0,https://www.flickr.com/photos/wordridden/4568331792/
oi_a99e9b374557eeb4.jpg,Open Images V7,val,quinn norton,CC BY 2.0,https://www.flickr.com/photos/quinn/13799816
oi_a9af8fa21e5485ca.jpg,Open Images V7,train,Jorge Gobbi,CC BY 2.0,https://www.flickr.com/photos/morrissey/6114795344
oi_a9b3fa1458e993e1.jpg,Open Images V7,val,Clinton Steeds,CC BY 2.0,https://www.flickr.com/photos/cwsteeds/4906000548
oi_a9b8df2ccb2ee288.jpg,Open Images V7,train,Phillip Capper,CC BY 2.0,https://www.flickr.com/photos/flissphil/10578720
oi_a9c4793b8431144a.jpg,Open Images V7,test,Eldar Vagapov,CC BY 2.0,https://www.flickr.com/photos/eldar/5074348
oi_a9c5cef31bcf3bc4.jpg,Open Images V7,train,Mike Baird,CC BY 2.0,https://www.flickr.com/photos/mikebaird/7848633548
oi_a9d68770c2e4ee6d.jpg,Open Images V7,train,John,CC BY 2.0,https://www.flickr.com/photos/cygnus921/2355419206
oi_a9df4886b642bb73.jpg,Open Images V7,val,John R Whitaker,CC BY 2.0,https://www.flickr.com/photos/jrwhitaker_photos/7103155831
oi_a9e05dbd6f77c218.jpg,Open Images V7,val,belgianchocolate,CC BY 2.0,https://www.flickr.com/photos/frank-wouters/3911174733
oi_a9ecc1b104ce8f16.jpg,Open Images V7,train,designatednaphour,CC BY 2.0,https://www.flickr.com/photos/dragonflyajt/2526766722
oi_a9fb99f53fc4c090.jpg,Open Images V7,train,DGriebeling,CC BY 2.0,https://www.flickr.com/photos/dgriebeling/5565940966
oi_aa1065d023521391.jpg,Open Images V7,train,istolethetv,CC BY 2.0,https://www.flickr.com/photos/istolethetv/1538542626
oi_aa1421846ac73817.jpg,Open Images V7,train,Kamyar Adl,CC BY 2.0,https://www.flickr.com/photos/kamshots/223589606
oi_aa23a3508068a654.jpg,Open Images V7,train,Daniella Vereeken,CC BY 2.0,https://www.flickr.com/photos/betta-online/1549451612
oi_aa342329cd05ae17.jpg,Open Images V7,test,Mark Hillary,CC BY 2.0,https://www.flickr.com/photos/markhillary/15000490646
oi_aa369921621875c8.jpg,Open Images V7,train,Carol Schaffer,CC BY 2.0,https://www.flickr.com/photos/praziquantel/30113030
oi_aa55bfc09c823d5e.jpg,Open Images V7,train,Isaac Wedin,CC BY 2.0,https://www.flickr.com/photos/izik/15533063723
oi_aa7de658e46f188d.jpg,Open Images V7,train,Marcel &quot;MadJo&quot; de Jong,CC BY 2.0,https://www.flickr.com/photos/madjo/8755704672
oi_aa8d2c7f1a635daf.jpg,Open Images V7,train,Jeremy T. Hetzel,CC BY 2.0,https://www.flickr.com/photos/jthetzel/14615859900
oi_aa96befa3707fcbb.jpg,Open Images V7,train,asobi tsuchiya,CC BY 2.0,https://www.flickr.com/photos/asobitsuchiya/4412734941
oi_aa98090da5975832.jpg,Open Images V7,train,Patrick Briggs,CC BY 2.0,http://www.flickr.com/photos/87241965@N00/4280209009/
oi_aa9919eef1aa63c7.jpg,Open Images V7,train,liz west,CC BY 2.0,https://www.flickr.com/photos/calliope/10248888
oi_aaab217c37a97f5e.jpg,Open Images V7,train,gordon.milligan,CC BY 2.0,https://flickr.com/9858077@N03/14944002949
oi_aab13a78473ff095.jpg,Open Images V7,train,Mike Baird,CC BY 2.0,https://www.flickr.com/photos/mikebaird/7799833406
oi_aac74cc795e174f2.jpg,Open Images V7,train,Tatie Andrade,CC BY 2.0,https://www.flickr.com/photos/andradetatie/6789834466
oi_aacef1f03f9ca91d.jpg,Open Images V7,test,Strijdklaar47,CC BY 2.0,https://www.flickr.com/photos/strijdklaar47/8333274292
oi_aae46c65399f652d.jpg,Open Images V7,train,Elizabeth Krumbach Joseph,CC BY 2.0,https://www.flickr.com/photos/pleia2/16964310119
oi_aafc30e60c403d8a.jpg,Open Images V7,train,Mike Baird,CC BY 2.0,https://www.flickr.com/photos/mikebaird/5396883443
oi_aafca6996c236a94.jpg,Open Images V7,train,Luiz Cabrera,CC BY 2.0,https://www.flickr.com/photos/luizcabrera/8612588140
oi_aafcaa11508f71b5.jpg,Open Images V7,train,Madhav Pai,CC BY 2.0,https://www.flickr.com/photos/madpai/2350557950
oi_ab0592c3d8edff94.jpg,Open Images V7,train,Mike Baird,CC BY 2.0,https://www.flickr.com/photos/mikebaird/384306396
oi_ab06a8c95da49151.jpg,Open Images V7,train,jessie essex,CC BY 2.0,https://www.flickr.com/photos/jessieessex/20675933829
oi_ab09974fafafd8f7.jpg,Open Images V7,test,Biodiversity Heritage Library,CC BY 2.0,https://www.flickr.com/photos/biodivlibrary/7589934354
oi_ab199d2dbf34599d.jpg,Open Images V7,train,NOAA Photo Library,CC BY 2.0,https://www.flickr.com/photos/noaaphotolib/14504358222
oi_ab37def772212a20.jpg,Open Images V7,train,Christopher Michel,CC BY 2.0,https://www.flickr.com/photos/cmichel67/11295795436
oi_ab53cc956540593b.jpg,Open Images V7,train,Steve Jurvetson,CC BY 2.0,https://www.flickr.com/photos/jurvetson/6405854831
oi_ab56538ed20ee54a.jpg,Open Images V7,train,Tony Alter,CC BY 2.0,https://www.flickr.com/photos/78428166@N00/4552919482
oi_ab5b15e2ff14b1b6.jpg,Open Images V7,test,Ryosuke Hosoi,CC BY 2.0,https://www.flickr.com/photos/rhosoi/7471567424
oi_ab5dcd77ef453adc.jpg,Open Images V7,test,Anthony Patterson,CC BY 2.0,https://www.flickr.com/photos/88rabbit/2542464272
oi_ab64bcba43cb0181.jpg,Open Images V7,train,Chris Pearson,CC BY 2.0,https://www.flickr.com/photos/chrispearson72/2376568451
oi_ab867712f4bdd249.jpg,Open Images V7,train,Fergal Carr,CC BY 2.0,https://www.flickr.com/photos/fergiec/1163427508
oi_ab86f21ccc9476c9.jpg,Open Images V7,train,Raul Antonio Alvarez,CC BY 2.0,https://www.flickr.com/photos/66729277@N00/7516146466
oi_ab982b21be0569f3.jpg,Open Images V7,train,Russell Bernice,CC BY 2.0,https://www.flickr.com/photos/russellbernice/8847494348
oi_ab9af70d272915fb.jpg,Open Images V7,train,LASZLO ILYES,CC BY 2.0,https://www.flickr.com/photos/laszlo-photo/113561957
oi_abbc87dede8a82a5.jpg,Open Images V7,train,Martin Pettitt,CC BY 2.0,https://www.flickr.com/photos/mdpettitt/9004863573
oi_abcf2f0a6f0b8550.jpg,Open Images V7,train,NOAA Photo Library,CC BY 2.0,https://www.flickr.com/photos/noaaphotolib/5078475122
oi_abd8b160dc649e73.jpg,Open Images V7,train,U.S. Fish and Wildlife Service Headquarters,CC BY 2.0,https://www.flickr.com/photos/usfwshq/5944746475
oi_abe47a14fc7ca250.jpg,Open Images V7,train,Ivan Mlinaric,CC BY 2.0,https://www.flickr.com/photos/eye1/2151555323
oi_abebff8ea73c88d8.jpg,Open Images V7,val,Lana_aka_BADGRL,CC BY 2.0,https://www.flickr.com/photos/lanacar/1368405867
oi_abf330c02960ff8a.jpg,Open Images V7,train,dMap Travel Guide,CC BY 2.0,https://www.flickr.com/photos/dmap/3346265857
oi_ac06ae0e57674001.jpg,Open Images V7,train,U.S. Fish and Wildlife Service Northeast Region,CC BY 2.0,https://www.flickr.com/photos/usfwsnortheast/8575464898
oi_ac0aef8a4212c22b.jpg,Open Images V7,train,Michael Napoleon,CC BY 2.0,https://www.flickr.com/photos/cusegoyle/2046632507
oi_ac0fa603d50fd996.jpg,Open Images V7,train,Derek Keats,CC BY 2.0,https://www.flickr.com/photos/dkeats/6142991559
oi_ac25ed3c8182ba9c.jpg,Open Images V7,train,DaiLuo,CC BY 2.0,https://www.flickr.com/photos/dailuo/8429654334
oi_ac2bd06568f34b0d.jpg,Open Images V7,val,Kim Singdahlsen,CC BY 2.0,https://www.flickr.com/photos/70360263@N03/15562464377
oi_ac4a085ed1dae3cc.jpg,Open Images V7,val,William Warby,CC BY 2.0,https://www.flickr.com/photos/wwarby/21536831465
oi_ac4dceedab0d8bca.jpg,Open Images V7,train,xEmmybearx,CC BY 2.0,https://www.flickr.com/photos/xemmybearx/3048666865
oi_ac4f5d213191aae5.jpg,Open Images V7,train,Paulo Henrique,CC BY 2.0,https://www.flickr.com/photos/paulohenriquenet/5262372039
oi_ac567447d8d6a11c.jpg,Open Images V7,test,Fuzzy Gerdes,CC BY 2.0,https://www.flickr.com/photos/fuzzy/374892872
oi_ac66af870d92927e.jpg,Open Images V7,test,Peter &amp; Michelle S,CC BY 2.0,https://www.flickr.com/photos/pjs42/4686797256
oi_ac83e9bede427bef.jpg,Open Images V7,train,NOAA Marine Debris Program,CC BY 2.0,https://www.flickr.com/photos/noaamarinedebris/8125814318
oi_ac849ce983b449a5.jpg,Open Images V7,train,mauroguanandi,CC BY 2.0,https://www.flickr.com/photos/mauroguanandi/9706512898
oi_ac8938fa7d2a9f6c.jpg,Open Images V7,train,McKay Savage,CC BY 2.0,https://www.flickr.com/photos/mckaysavage/9975240336
oi_aca72a9d98afffa7.jpg,Open Images V7,val,rickpilot_2000,CC BY 2.0,https://www.flickr.com/photos/26531284@N02/8173058314
oi_acb4e65d8ce607e2.jpg,Open Images V7,test,Mike Riela,CC BY 2.0,https://www.flickr.com/photos/mikeriela/18805188565
oi_acb77f9a07b1a108.jpg,Open Images V7,test,Roderick Eime,CC BY 2.0,https://www.flickr.com/photos/rodeime/15908663971
oi_acbc706acf35d27b.jpg,Open Images V7,train,David Jakes,CC BY 2.0,https://www.flickr.com/photos/jodotorg/939534963
oi_acc811a2250ec353.jpg,Open Images V7,train,Robert &amp; Pat Rogers,CC BY 2.0,https://www.flickr.com/photos/kasilof/9926952023
oi_acdd33932ceee6da.jpg,Open Images V7,train,Juozas Šalna,CC BY 2.0,https://www.flickr.com/photos/pukomuko/15320457889
oi_acddcdbceb0662f4.jpg,Open Images V7,test,Elias Levy,CC BY 2.0,https://www.flickr.com/photos/elevy/14730703859
oi_acf1433eafdf318f.jpg,Open Images V7,train,Melissa Hillier,CC BY 2.0,https://www.flickr.com/photos/77423179@N02/18836144816
oi_acf8dc103af35d9c.jpg,Open Images V7,train,Audrey,CC BY 2.0,https://www.flickr.com/photos/audreyjm529/249247142
oi_ad0136e4c141f479.jpg,Open Images V7,train,Ben Ramirez,CC BY 2.0,https://www.flickr.com/photos/benramirez/3021011186/
oi_ad38185843cf0a84.jpg,Open Images V7,train,D@LY3D,CC BY 2.0,https://www.flickr.com/photos/daly3d/17537042879
oi_ad39e417facb3391.jpg,Open Images V7,train,Jeremy T. Hetzel,CC BY 2.0,https://www.flickr.com/photos/jthetzel/14615973788
oi_ad4141109f5da471.jpg,Open Images V7,train,Nigel Brown,CC BY 2.0,https://www.flickr.com/photos/nigel_brown/6937726587
oi_ad4fe6600cbc36d7.jpg,Open Images V7,train,Gilad Rom,CC BY 2.0,https://www.flickr.com/photos/gilad_rom/12247877186
oi_ad5d3ecdc1ef9fff.jpg,Open Images V7,train,stef bemba,CC BY 2.0,https://www.flickr.com/photos/110973116@N08/14357644656
oi_ad76fdaf5cf80013.jpg,Open Images V7,train,Luz Adriana Villa,CC BY 2.0,https://www.flickr.com/photos/luchilu/5339845873
oi_ad88184cd55032b1.jpg,Open Images V7,train,Alias 0591,CC BY 2.0,https://www.flickr.com/photos/renemensen/9775550475
oi_ad95f72f6ed69b12.jpg,Open Images V7,train,Dimitris Siskopoulos,CC BY 2.0,https://www.flickr.com/photos/dimsis/9593669526
oi_ada1c9cdd8595d2b.jpg,Open Images V7,train,regan76,CC BY 2.0,https://www.flickr.com/photos/j_regan/8188311136
oi_ada9d9e17e653ed5.jpg,Open Images V7,train,quentinms,CC BY 2.0,https://www.flickr.com/photos/quentinms/8188279853
oi_adc4b78f615b6603.jpg,Open Images V7,val,Christopher Michel,CC BY 2.0,https://www.flickr.com/photos/cmichel67/11278871285
oi_adc61f856d37dece.jpg,Open Images V7,train,NOAA Photo Library,CC BY 2.0,https://www.flickr.com/photos/noaaphotolib/5188103942
oi_adcb1eb19ee10182.jpg,Open Images V7,train,emily_hammie,CC BY 2.0,https://www.flickr.com/photos/23029802@N00/2709394974
oi_adcb4b52eb616f68.jpg,Open Images V7,train,Matt Brown,CC BY 2.0,https://www.flickr.com/photos/londonmatt/15434449876
oi_ae00cd56f670119b.jpg,Open Images V7,train,Daniella Vereeken,CC BY 2.0,https://www.flickr.com/photos/betta-online/1676413589
oi_ae04be9278ae8df9.jpg,Open Images V7,train,Alan Light,CC BY 2.0,https://www.flickr.com/photos/alan-light/214319549
oi_ae0d7180246a72c1.jpg,Open Images V7,train,nathan williams,CC BY 2.0,https://www.flickr.com/photos/simiant/19680074
oi_ae4b6e2d9ca9749e.jpg,Open Images V7,val,devra,CC BY 2.0,https://www.flickr.com/photos/minicooper93402/4770275083
oi_ae6842b4af590ed5.jpg,Open Images V7,train,DGriebeling,CC BY 2.0,https://www.flickr.com/photos/dgriebeling/15375031707
oi_ae832fcc1ede3979.jpg,Open Images V7,test,Cliff,CC BY 2.0,https://www.flickr.com/photos/nostri-imago/3149756764
oi_ae8c472c6dc66257.jpg,Open Images V7,train,Stig Nygaard,CC BY 2.0,https://www.flickr.com/photos/stignygaard/458903535/
oi_aeace7e6900fe9d8.jpg,Open Images V7,train,ithiefaleaf,CC BY 2.0,https://www.flickr.com/photos/ithiefaleaf/522301994
oi_aef20e1e88f9725d.jpg,Open Images V7,train,Lauren Liston,CC BY 2.0,https://www.flickr.com/photos/mehgrapher/6077187383
oi_af24b304e9eddf5b.jpg,Open Images V7,train,Upendra Kanda,CC BY 2.0,https://www.flickr.com/photos/ukanda/59906949
oi_af25f8f7e01ad930.jpg,Open Images V7,val,Joshua,CC BY 2.0,https://www.flickr.com/photos/strangeoneout/6026192949
oi_af4944671c57f30a.jpg,Open Images V7,train,heartbeaz,CC BY 2.0,https://www.flickr.com/photos/martl/4782386395
oi_af6438b7bb46006f.jpg,Open Images V7,train,Shehal Joseph,CC BY 2.0,https://www.flickr.com/photos/shehal/2450289758
oi_af66c39a5aec1989.jpg,Open Images V7,train,Daniel Pink,CC BY 2.0,https://www.flickr.com/photos/danielpink/16806317496
oi_af690f08bd11a368.jpg,Open Images V7,train,Allie_Caulfield,CC BY 2.0,https://www.flickr.com/photos/wm_archiv/2676285119
oi_af720f4325647842.jpg,Open Images V7,train,David Stanley,CC BY 2.0,https://www.flickr.com/photos/davidstanleytravel/16267958026
oi_af863034d0afeb1f.jpg,Open Images V7,train,Ian Griffiths,CC BY 2.0,https://www.flickr.com/photos/bladeflyer/53254771/
oi_af8abe4e947b131e.jpg,Open Images V7,train,Tony Hisgett,CC BY 2.0,https://www.flickr.com/photos/hisgett/15396809228
oi_af8d36840df98170.jpg,Open Images V7,train,Cristian Bortes,CC BY 2.0,https://www.flickr.com/photos/bortescristian/4654021470
oi_af8ee3091a26a628.jpg,Open Images V7,train,Mike Baird,CC BY 2.0,https://www.flickr.com/photos/mikebaird/11830159673
oi_afb32ce636e9433f.jpg,Open Images V7,train,Kirk Strauser,CC BY 2.0,https://www.flickr.com/photos/kstrauser/4512806456
oi_afc341860d11a066.jpg,Open Images V7,test,Cristina Bejarano,CC BY 2.0,https://www.flickr.com/photos/cristinabe/5200316384
oi_afe09f74d03e5ba4.jpg,Open Images V7,train,Steve Childs,CC BY 2.0,https://www.flickr.com/photos/steve_childs/2655212996/
oi_afe72abc9110f5f1.jpg,Open Images V7,val,U.S. Fish and Wildlife Service Northeast Region,CC BY 2.0,https://www.flickr.com/photos/usfwsnortheast/5961318915
oi_afe76ec3bd7594b2.jpg,Open Images V7,train,Joy,CC BY 2.0,https://www.flickr.com/photos/joyosity/471981304
oi_aff435118770ffce.jpg,Open Images V7,train,Paul Hudson,CC BY 2.0,https://www.flickr.com/photos/pahudson/8575502477/
oi_affcced4f9e0480e.jpg,Open Images V7,test,Nadia Santoyo,CC BY 2.0,https://www.flickr.com/photos/nlizbet/261897144
oi_b005151a0e3e704c.jpg,Open Images V7,train,adam w,CC BY 2.0,https://www.flickr.com/photos/asw909/6932618193
oi_b00a9a48facf802d.jpg,Open Images V7,val,Michael Sheehan,CC BY 2.0,https://www.flickr.com/photos/hightechdad/8287291283
oi_b00c29cc4f88e2fa.jpg,Open Images V7,test,Vesa Linja-aho,CC BY 2.0,https://www.flickr.com/photos/vesa_linja-aho/13146229673
oi_b0165e7273fecef1.jpg,Open Images V7,train,Graeme Churchard,CC BY 2.0,https://www.flickr.com/photos/graeme/5633500253
oi_b020a686f6a59c7c.jpg,Open Images V7,train,Mike Riela,CC BY 2.0,https://www.flickr.com/photos/mikeriela/9620451323
oi_b037c35825b8d96e.jpg,Open Images V7,train,Alexander Baxevanis,CC BY 2.0,https://www.flickr.com/photos/futureshape/5244773141
oi_b0462d94929dc422.jpg,Open Images V7,train,Lyn Gateley,CC BY 2.0,https://www.flickr.com/photos/lyng883/3365723049
oi_b04fc1dfbdf7f744.jpg,Open Images V7,test,Christopher Michel,CC BY 2.0,https://www.flickr.com/photos/cmichel67/16305744696
oi_b050754eb2f27f66.jpg,Open Images V7,train,solyanka,CC BY 2.0,https://www.flickr.com/photos/solyanka/2845372101/
oi_b064f1e465212852.jpg,Open Images V7,train,János Bognár,CC BY 2.0,https://www.flickr.com/photos/digitplantimages/15238566209
oi_b06ffe5e6b57d3c8.jpg,Open Images V7,train,Emma Jane Hogbin Westby,CC BY 2.0,https://www.flickr.com/photos/emmajane/6964497544
oi_b0746e7df7e62356.jpg,Open Images V7,train,Jim G,CC BY 2.0,https://www.flickr.com/photos/jimg944/12858249113
oi_b075932ba8b1f0bc.jpg,Open Images V7,train,NOAA Photo Library,CC BY 2.0,https://www.flickr.com/photos/noaaphotolib/5102287228
oi_b077790f678239c8.jpg,Open Images V7,train,Acorns Resort at Milford Lake,CC BY 2.0,https://www.flickr.com/photos/acornsresortkansas/14964357093
oi_b087c0619495a768.jpg,Open Images V7,train,Jim G,CC BY 2.0,https://www.flickr.com/photos/jimg944/18812894519
oi_b0919dc03ab499be.jpg,Open Images V7,val,Ed Bierman,CC BY 2.0,https://www.flickr.com/photos/edbierman/3412456247
oi_b09728454872ee49.jpg,Open Images V7,test,Pavel Lunkin,CC BY 2.0,https://www.flickr.com/photos/plunkin/8616507993
oi_b09ba20c57b1a073.jpg,Open Images V7,train,Rinaldo Wurglitsch,CC BY 2.0,https://www.flickr.com/photos/wurglitsch/2714620844
oi_b0b2e371b6465c91.jpg,Open Images V7,train,Jeremy T. Hetzel,CC BY 2.0,https://www.flickr.com/photos/jthetzel/2164660700
oi_b0c469f80bd50142.jpg,Open Images V7,train,Kat Kellner,CC BY 2.0,https://www.flickr.com/photos/93033713@N00/2267831738
oi_b0d909537b9a3725.jpg,Open Images V7,train,Dave Maass,CC BY 2.0,https://www.flickr.com/photos/maassively/10937017494
oi_b0dc240b1a7a827c.jpg,Open Images V7,train,prilfish,CC BY 2.0,https://www.flickr.com/photos/silkebaron/8659973218
oi_b0e4bdbc4c71f7bd.jpg,Open Images V7,train,Ed Johnson,CC BY 2.0,https://www.flickr.com/photos/edwardotis/8150245300
oi_b0e75f9af1452d77.jpg,Open Images V7,train,kurisuuu,CC BY 2.0,https://www.flickr.com/photos/kurisuuu/1452351802
oi_b0f7d1c6ff284ca6.jpg,Open Images V7,train,delius98,CC BY 2.0,https://www.flickr.com/photos/80921396@N07/19919583543
oi_b0fc550662b44185.jpg,Open Images V7,train,gordon.milligan,CC BY 2.0,https://flickr.com/9858077@N03/14944144258
oi_b0fd9e6dbe567b4b.jpg,Open Images V7,train,NOAA Photo Library,CC BY 2.0,https://www.flickr.com/photos/noaaphotolib/9714687331
oi_b10370e7a0cbe572.jpg,Open Images V7,train,Mike Baird,CC BY 2.0,https://www.flickr.com/photos/mikebaird/13955958147
oi_b10518ecf5d1f7dc.jpg,Open Images V7,train,Tim Parkinson,CC BY 2.0,https://www.flickr.com/photos/timparkinson/205499193
oi_b112aaaf549af1a8.jpg,Open Images V7,test,Trinitro Tolueno,CC BY 2.0,https://www.flickr.com/photos/toboeh/4073800436
oi_b1170636a5b9edaa.jpg,Open Images V7,train,Lucy Rickards,CC BY 2.0,https://www.flickr.com/photos/lucybraceevans/4319619844
oi_b122cb586642d0c6.jpg,Open Images V7,train,NOAA&#x27;s National Ocean Service,CC BY 2.0,https://www.flickr.com/photos/usoceangov/4690378511
oi_b136862276a60ed5.jpg,Open Images V7,train,blogarazzo,CC BY 2.0,https://www.flickr.com/photos/fihecube/6284427710
oi_b14fd119556c51a9.jpg,Open Images V7,train,NOAA Photo Library,CC BY 2.0,https://www.flickr.com/photos/noaaphotolib/5640453053
oi_b157195d8c6a877b.jpg,Open Images V7,train,Walter,CC BY 2.0,https://www.flickr.com/photos/walterpro/15230116425
oi_b15f0b38ec13497d.jpg,Open Images V7,train,Joanna Lee Osborn,CC BY 2.0,https://www.flickr.com/photos/joannaleeosborn/8494731561
oi_b1677c8f56b4b516.jpg,Open Images V7,train,Jöshua Barnett,CC BY 2.0,https://www.flickr.com/photos/angel_malachite/5635927379
oi_b16bda3d1f516732.jpg,Open Images V7,train,Elias Levy,CC BY 2.0,https://www.flickr.com/photos/elevy/14730707169
oi_b1787186ccd14fcd.jpg,Open Images V7,val,Charles Barilleaux,CC BY 2.0,https://www.flickr.com/photos/bontempscharly/6995154767
oi_b17e88a9c1c42704.jpg,Open Images V7,train,Fernando Gustavo Mayo,CC BY 2.0,https://www.flickr.com/photos/gusty10/8524761862
oi_b183316ac36ff65a.jpg,Open Images V7,train,bm.iphone,CC BY 2.0,https://www.flickr.com/photos/bmiphone/9893919126
oi_b185c976bbfa41d2.jpg,Open Images V7,train,Britt Reints,CC BY 2.0,https://www.flickr.com/photos/emmandevin/6089664069
oi_b190d2f11e1d4557.jpg,Open Images V7,val,William Warby,CC BY 2.0,https://www.flickr.com/photos/wwarby/2311019508
oi_b1af9b6c9373d111.jpg,Open Images V7,train,Andy Mudrak,CC BY 2.0,https://www.flickr.com/photos/andymudrak/8193449137/
oi_b1bce989f59dde13.jpg,Open Images V7,train,David Goehring,CC BY 2.0,https://www.flickr.com/photos/carbonnyc/20169170280
oi_b1d8ef728b0c8cd1.jpg,Open Images V7,train,Stig Nygaard,CC BY 2.0,https://www.flickr.com/photos/stignygaard/486794412
oi_b1ef8004337edcc3.jpg,Open Images V7,train,emerson12,CC BY 2.0,https://www.flickr.com/photos/emerson12/4532742776
oi_b20730a988f64888.jpg,Open Images V7,train,Ingrid Taylar,CC BY 2.0,https://www.flickr.com/photos/taylar/12609917034/
oi_b20822524e7c9566.jpg,Open Images V7,val,Samuel Chow,CC BY 2.0,https://www.flickr.com/photos/cybersam/1004787543
oi_b2097f4640a420a8.jpg,Open Images V7,test,Stig Nygaard,CC BY 2.0,https://www.flickr.com/photos/stignygaard/486799352
oi_b22097d377e7dfea.jpg,Open Images V7,train,Mike Baird,CC BY 2.0,https://www.flickr.com/photos/mikebaird/11830119673
oi_b22866e9ce8e93ed.jpg,Open Images V7,test,w00tdew00t,CC BY 2.0,https://www.flickr.com/photos/marieswartz/3686831167
oi_b2290c66252839de.jpg,Open Images V7,train,Kamillo Kluth,CC BY 2.0,https://www.flickr.com/photos/27330306@N08/3434626445
oi_b23a4946fe0d5d01.jpg,Open Images V7,train,Frontierofficial,CC BY 2.0,https://www.flickr.com/photos/frontierofficial/19713113612
oi_b241231636a97589.jpg,Open Images V7,train,shankar s.,CC BY 2.0,https://www.flickr.com/photos/shankaronline/7987407088
oi_b24c7514bab80a53.jpg,Open Images V7,val,Steve Childs,CC BY 2.0,https://www.flickr.com/photos/steve_childs/3703164207
oi_b25543cdaa25a08a.jpg,Open Images V7,train,Maggie,CC BY 2.0,https://www.flickr.com/photos/38494596@N00/463221795
oi_b266aecc6cce2e08.jpg,Open Images V7,train,eGuide Travel,CC BY 2.0,https://www.flickr.com/photos/eguidetravel/8058833137
oi_b2767be3c3445ea8.jpg,Open Images V7,train,Mårten Janson,CC BY 2.0,https://www.flickr.com/photos/8232799@N07/4178005655
oi_b2b0233d69feaf9e.jpg,Open Images V7,train,Birgit Juel  Martinsen,CC BY 2.0,https://www.flickr.com/photos/martinsen-jordenrundt/5425726069
oi_b2b0cd1006cb78a3.jpg,Open Images V7,test,Tammy Lo,CC BY 2.0,https://www.flickr.com/photos/tammylo/8027929387
oi_b2c016e9648750e9.jpg,Open Images V7,train,Scott Loarie,CC BY 2.0,https://www.flickr.com/photos/55368994@N06/15804302243
oi_b2db0572e916b3f3.jpg,Open Images V7,val,Mark Crawley,CC BY 2.0,https://www.flickr.com/photos/crawlem/3959467415
oi_b2edab98aaa8d049.jpg,Open Images V7,train,MJ Klaver,CC BY 2.0,https://www.flickr.com/photos/mjk23/15996016060
oi_b2edc2a7d7787522.jpg,Open Images V7,train,NORDIC/COLD,CC BY 2.0,https://www.flickr.com/photos/100326077@N04/10474906833
oi_b2f684237a2f069f.jpg,Open Images V7,train,Jerry Kirkhart,CC BY 2.0,https://www.flickr.com/photos/jkirkhart35/1550061446
oi_b2fc28d674f5d2f8.jpg,Open Images V7,train,ScubaBear68,CC BY 2.0,https://www.flickr.com/photos/22310955@N02/2573253697
oi_b30dc039d03a4b68.jpg,Open Images V7,val,George Bannister,CC BY 2.0,https://www.flickr.com/photos/drgbb/14334610431
oi_b32aa6c131e5b407.jpg,Open Images V7,train,Thomassin Mickaël,CC BY 2.0,https://www.flickr.com/photos/mickou/3814711470
oi_b35a8d15e2103f8a.jpg,Open Images V7,val,Michael Bentley,CC BY 2.0,https://www.flickr.com/photos/donhomer/8045447314
oi_b368eae9bdcfddbe.jpg,Open Images V7,train,Jelene Morris,CC BY 2.0,https://www.flickr.com/photos/jelene/2301972233
oi_b36a6c6b4559a154.jpg,Open Images V7,train,Graeme Churchard,CC BY 2.0,https://www.flickr.com/photos/graeme/4183078050
oi_b37d99cb0d6f2222.jpg,Open Images V7,val,Chika Watanabe,CC BY 2.0,https://www.flickr.com/photos/chikawatanabe/61156593
oi_b389d1db4b8bfb45.jpg,Open Images V7,val,barachihuang,CC BY 2.0,https://www.flickr.com/photos/barachi/8074027311
oi_b390829daff22d0a.jpg,Open Images V7,test,Brenton Rogers,CC BY 2.0,https://www.flickr.com/photos/bmac12/8746199666
oi_b396f5a0f87b1e2f.jpg,Open Images V7,train,NTNU Vitenskapsmuseet,CC BY 2.0,https://www.flickr.com/photos/vitenskapsmuseet/9259118859
oi_b3a27c559661dd43.jpg,Open Images V7,train,"David, Bergin, Emmett and Elliott",CC BY 2.0,https://www.flickr.com/photos/beglen/19265787025
oi_b3a2a89a1e551838.jpg,Open Images V7,train,Jim G,CC BY 2.0,https://www.flickr.com/photos/jimg944/3042593914
oi_b3ab456ab2dc265b.jpg,Open Images V7,val,Pablo Sanchez,CC BY 2.0,https://www.flickr.com/photos/pablosanchez/512612626
oi_b3acda315d6e2214.jpg,Open Images V7,train,U.S. Fish and Wildlife Service Northeast Region,CC BY 2.0,https://www.flickr.com/photos/usfwsnortheast/5527632741
oi_b3acdae092e7e742.jpg,Open Images V7,val,Alexandre Breveglieri,CC BY 2.0,https://www.flickr.com/photos/breveglieri/14064239511/
oi_b3ad1d02abd4529e.jpg,Open Images V7,test,Roy Niswanger,CC BY 2.0,https://www.flickr.com/photos/motleypixel/10804006075
oi_b3b5ec24d7c575b6.jpg,Open Images V7,train,Simon Fraser University -  University Communications,CC BY 2.0,https://www.flickr.com/photos/sfupamr/14196848689/
oi_b3ca5f1b18aa6177.jpg,Open Images V7,train,gwaar,CC BY 2.0,https://www.flickr.com/photos/paulsynnott/2641605931
oi_b3cf4e222742883a.jpg,Open Images V7,train,Stig Nygaard,CC BY 2.0,https://www.flickr.com/photos/stignygaard/452205201
oi_b3e6c72521cd698a.jpg,Open Images V7,train,Boris Kasimov,CC BY 2.0,https://www.flickr.com/photos/kasio69/12052516974
oi_b3f2bc125c137a18.jpg,Open Images V7,train,U.S. Naval Forces Central Command/U.S. Fifth Fleet,CC BY 2.0,https://www.flickr.com/photos/navcent/17564768203
oi_b3f7d32233efddd2.jpg,Open Images V7,val,ajari,CC BY 2.0,https://www.flickr.com/photos/ajari/2839820425
oi_b402f1e1240e30f7.jpg,Open Images V7,train,Tregde Ferie,CC BY 2.0,https://www.flickr.com/photos/tregde/14250355034
oi_b42c82da62f2fa39.jpg,Open Images V7,train,Bureau  of Land Management,CC BY 2.0,https://www.flickr.com/photos/mypubliclands/16518752727
oi_b43272bf47796c99.jpg,Open Images V7,train,Rob and Stephanie Levy,CC BY 2.0,https://www.flickr.com/photos/robandstephanielevy/234368663
oi_b4401e3e9bfd3099.jpg,Open Images V7,val,Rob Pongsajapan,CC BY 2.0,https://www.flickr.com/photos/pong/13145879
oi_b44cb5cef3c30426.jpg,Open Images V7,test,Jon Connell,CC BY 2.0,https://www.flickr.com/photos/ciamabue/9536021963
oi_b455700f969cdd65.jpg,Open Images V7,train,André P. Meyer-Vitali,CC BY 2.0,https://www.flickr.com/photos/andrepmeyer/14597328674
oi_b459cbc190dafdc6.jpg,Open Images V7,val,Mike Baird,CC BY 2.0,https://www.flickr.com/photos/mikebaird/14145480091
oi_b45e326c2f2a3170.jpg,Open Images V7,train,Marine Genomics,CC BY 2.0,https://www.flickr.com/photos/marinegenomics2012/7358412766/
oi_b467a9bece60a107.jpg,Open Images V7,train,psyberartist,CC BY 2.0,https://www.flickr.com/photos/psyberartist/10949431306
oi_b471346c865f7f9c.jpg,Open Images V7,train,Sam Beebe,CC BY 2.0,https://www.flickr.com/photos/sbeebe/6998621053
oi_b48a472ceb97ac70.jpg,Open Images V7,val,Michael R Perry,CC BY 2.0,https://www.flickr.com/photos/michaelrperry/4244311269
oi_b48fcb993b63c630.jpg,Open Images V7,val,Davidlohr Bueso,CC BY 2.0,https://www.flickr.com/photos/daverugby83/8761468282
oi_b4b1022040f72d83.jpg,Open Images V7,train,Pat Hawks,CC BY 2.0,https://www.flickr.com/photos/pathawks/3841265573
oi_b4c0b2e094a50d23.jpg,Open Images V7,val,DGriebeling,CC BY 2.0,https://www.flickr.com/photos/dgriebeling/5565316499
oi_b4cb214df6f481e7.jpg,Open Images V7,val,Domenico Salvagnin,CC BY 2.0,https://www.flickr.com/photos/dominiqs/552053407
oi_b4d7621e470a9d59.jpg,Open Images V7,val,ajari,CC BY 2.0,https://www.flickr.com/photos/ajari/2659768596
oi_b4ec8714d091f616.jpg,Open Images V7,train,John5199,CC BY 2.0,https://www.flickr.com/photos/jonnyb558/10703443805/
oi_b4ecf10ccfde41db.jpg,Open Images V7,train,NOAA Photo Library,CC BY 2.0,https://www.flickr.com/photos/noaaphotolib/5277917708/
oi_b4f4aba3ff8a3d4b.jpg,Open Images V7,train,Ben Stephenson,CC BY 2.0,https://www.flickr.com/photos/benstephenson/4294975656
oi_b4fa778c6e74ba19.jpg,Open Images V7,train,Philippe Guillaume,CC BY 2.0,https://www.flickr.com/photos/philippeguillaume/4008843081
oi_b4fb72f992eb6737.jpg,Open Images V7,train,Leszek Leszczynski,CC BY 2.0,https://www.flickr.com/photos/leszekleszczynski/13639614804
oi_b52c4da1562ca58a.jpg,Open Images V7,train,lynch,CC BY 2.0,https://www.flickr.com/photos/imlynch/510356074
oi_b52e729d3365ea29.jpg,Open Images V7,train,Karen Roe,CC BY 2.0,https://www.flickr.com/photos/karen_roe/4945588999
oi_b5368accda5d71fd.jpg,Open Images V7,train,Aidan,CC BY 2.0,https://www.flickr.com/photos/aidanwojtas/411190927
oi_b53947611c5eaf20.jpg,Open Images V7,val,enrico viola,CC BY 2.0,https://www.flickr.com/photos/naus3a01/139619551
oi_b53c9202d1c6e199.jpg,Open Images V7,val,Karyn Christner,CC BY 2.0,https://www.flickr.com/photos/toofarnorth/1499545571
oi_b55be564b1d68a01.jpg,Open Images V7,train,Squirrel Nation,CC BY 2.0,https://www.flickr.com/photos/squirrelnation/16590915476
oi_b5621aab7559cdc8.jpg,Open Images V7,train,Charles D P Miller,CC BY 2.0,https://www.flickr.com/photos/cdpm/6182265961
oi_b57832998b59b757.jpg,Open Images V7,train,William Neuheisel,CC BY 2.0,https://www.flickr.com/photos/wneuheisel/5479976957
oi_b590acde23cc89ae.jpg,Open Images V7,train,Daniel,CC BY 2.0,https://www.flickr.com/photos/57511216@N04/14251513818
oi_b5a2732ed67dc070.jpg,Open Images V7,val,Scott Clark,CC BY 2.0,https://www.flickr.com/photos/lighttable/327804510
oi_b5a3780b10d26486.jpg,Open Images V7,train,Vanessa Pike-Russell,CC BY 2.0,https://www.flickr.com/photos/lilcrabbygal/362403110
oi_b5b7ba95378f9f90.jpg,Open Images V7,val,Andrea Schaffer,CC BY 2.0,https://www.flickr.com/photos/aschaf/15279924369
oi_b5bfb00b86ba91ac.jpg,Open Images V7,train,Chelsea Marie Hicks,CC BY 2.0,https://www.flickr.com/photos/seafaringwoman/5461228125
oi_b5c74f44e2809c52.jpg,Open Images V7,train,Mike On Maui,CC BY 2.0,https://www.flickr.com/photos/mike_on_maui/16269940216
oi_b5d6da1ee28713bd.jpg,Open Images V7,test,BrunoBrunan,CC BY 2.0,https://www.flickr.com/photos/brunodobrasil/18061713185
oi_b5dac37b01ccb0b2.jpg,Open Images V7,train,Edward Townend,CC BY 2.0,https://www.flickr.com/photos/townendphotography/3011521894
oi_b5e48b164444dc2b.jpg,Open Images V7,test,xMizLitx,CC BY 2.0,https://www.flickr.com/photos/mizlit/4299420074
oi_b5e7c30b99114231.jpg,Open Images V7,train,Ken McMillan,CC BY 2.0,https://www.flickr.com/photos/kamcmillan/15008012918
oi_b5f19be780da55b5.jpg,Open Images V7,val,Celso  Abreu,CC BY 2.0,https://www.flickr.com/photos/celsoabreu/4569359402
oi_b5fb943eb35a1ebe.jpg,Open Images V7,test,U.S. Fish and Wildlife Service Southeast Region,CC BY 2.0,https://www.flickr.com/photos/usfwssoutheast/7644476708
oi_b6126c3f3e7ac081.jpg,Open Images V7,train,flowcomm,CC BY 2.0,https://www.flickr.com/photos/flowcomm/14021175060
oi_b62dc8e35f75abc9.jpg,Open Images V7,val,Christopher Michel,CC BY 2.0,https://www.flickr.com/photos/cmichel67/8370611658
oi_b62ffdc9acb7c022.jpg,Open Images V7,train,missvancamp,CC BY 2.0,https://www.flickr.com/photos/23522410@N08/4107243729
oi_b65298dcb84b2084.jpg,Open Images V7,train,dronepicr,CC BY 2.0,https://www.flickr.com/photos/132646954@N02/18474043723
oi_b657ad03c1067e5e.jpg,Open Images V7,train,Andreas Ahrens,CC BY 2.0,https://www.flickr.com/photos/eiolos/11349938414
oi_b65c09f3ecd5a843.jpg,Open Images V7,train,sheilapic76,CC BY 2.0,https://www.flickr.com/photos/53344659@N05/4978443511
oi_b660785b8f6ccac0.jpg,Open Images V7,train,IvanWalsh.com,CC BY 2.0,https://www.flickr.com/photos/ivanwalsh/3906953144
oi_b66e9e2b625c6081.jpg,Open Images V7,train,Andrea Pokrzywinski,CC BY 2.0,https://www.flickr.com/photos/andreagp/15522267683
oi_b67ac268c7a995ea.jpg,Open Images V7,test,Cliff,CC BY 2.0,https://www.flickr.com/photos/nostri-imago/7159106676
oi_b68e3b305ae5be6b.jpg,Open Images V7,train,Paul Stephenson,CC BY 2.0,https://www.flickr.com/photos/paul_stephenson/14190751491
oi_b6a4e73e9505429c.jpg,Open Images V7,train,James St. John,CC BY 2.0,https://www.flickr.com/photos/jsjgeology/16119010286
oi_b6b77e26aceae779.jpg,Open Images V7,train,Jim Linwood,CC BY 2.0,https://www.flickr.com/photos/brighton/8494718932
oi_b6bd951af167c6f4.jpg,Open Images V7,train,Clinton Steeds,CC BY 2.0,https://www.flickr.com/photos/cwsteeds/246334251
oi_b6c8be941970de14.jpg,Open Images V7,train,Derek Keats,CC BY 2.0,https://www.flickr.com/photos/dkeats/6406263885
oi_b6cf3b996097d541.jpg,Open Images V7,val,Antonio Zugaldia,CC BY 2.0,https://www.flickr.com/photos/azugaldia/5415849225
oi_b6dba6bf0ce22a8a.jpg,Open Images V7,train,Xplore Dive,CC BY 2.0,https://www.flickr.com/photos/xploredive/5110203982
oi_b6e3fb48e611ffc3.jpg,Open Images V7,train,Geoff Shuetrim,CC BY 2.0,https://www.flickr.com/photos/gaiaguide/15681870072/
oi_b6e7b6b93e8f0529.jpg,Open Images V7,train,Jerry Kirkhart,CC BY 2.0,https://www.flickr.com/photos/jkirkhart35/3037760190
oi_b6fdeb3a4246c100.jpg,Open Images V7,train,Faris Algosaibi,CC BY 2.0,https://www.flickr.com/photos/siraf72/10644648163
oi_b7140ff87fdbecc2.jpg,Open Images V7,val,Rojer,CC BY 2.0,https://www.flickr.com/photos/rojer/4890088026
oi_b71fd58d09d2cd29.jpg,Open Images V7,train,Tony Hisgett,CC BY 2.0,https://www.flickr.com/photos/hisgett/221991231/
oi_b739f2aa84b02e2b.jpg,Open Images V7,train,NOAA Photo Library,CC BY 2.0,https://www.flickr.com/photos/noaaphotolib/5077886119
oi_b75f63a2c9044db2.jpg,Open Images V7,val,Shinji,CC BY 2.0,https://www.flickr.com/photos/cinz/30301421
oi_b76472cc81cb8f42.jpg,Open Images V7,train,Christian Heilmann,CC BY 2.0,https://www.flickr.com/photos/codepo8/9506528300
oi_b76b7380d6b832b6.jpg,Open Images V7,train,Mike Baird,CC BY 2.0,https://www.flickr.com/photos/mikebaird/5281705237
oi_b7773355ffc9b0c0.jpg,Open Images V7,train,Ryan Somma,CC BY 2.0,https://www.flickr.com/photos/ideonexus/12282358894
oi_b778d04ba4e35d69.jpg,Open Images V7,train,Kris Carillo,CC BY 2.0,https://www.flickr.com/photos/reckless_sniper/3940270781
oi_b7832920b9cf2790.jpg,Open Images V7,train,Brian Gratwicke,CC BY 2.0,https://www.flickr.com/photos/briangratwicke/6181923447
oi_b79297e4276ba49d.jpg,Open Images V7,val,Mark Koester,CC BY 2.0,https://www.flickr.com/photos/markwkoester/15253268331
oi_b79da4fa0a6dcc4f.jpg,Open Images V7,test,Madeleine Deaton,CC BY 2.0,https://www.flickr.com/photos/madeleine_h/7505726296
oi_b7aadb76fce77e65.jpg,Open Images V7,train,Mike Baird,CC BY 2.0,https://www.flickr.com/photos/mikebaird/3186786574
oi_b7af28fe977b2b0a.jpg,Open Images V7,train,Virginia State Parks,CC BY 2.0,https://flickr.com/37922399@N05/13902660411
oi_b7af84691e9bc302.jpg,Open Images V7,train,martinvarsavsky,CC BY 2.0,https://www.flickr.com/photos/martinvars/4502307142
oi_b7b389d1b4c8d955.jpg,Open Images V7,train,Ratha Grimes,CC BY 2.0,https://www.flickr.com/photos/ratha/16573739420
oi_b7be9e88bf486fd5.jpg,Open Images V7,val,Daniella Vereeken,CC BY 2.0,https://www.flickr.com/photos/betta-online/1676601193
oi_b7c1e8d8a7bd96d8.jpg,Open Images V7,train,Sarah Stewart,CC BY 2.0,https://www.flickr.com/photos/sarahmstewart/2975420275
oi_b7ce4d1498640a95.jpg,Open Images V7,train,Steve Childs,CC BY 2.0,https://www.flickr.com/photos/steve_childs/234712260
oi_b7dfe77adc74fdeb.jpg,Open Images V7,train,g1ll,CC BY 2.0,https://www.flickr.com/photos/rmgill/4901256373
oi_b7e77126a9973b9d.jpg,Open Images V7,train,Bill Harrison,CC BY 2.0,https://www.flickr.com/photos/bill_harrison/4409986119
oi_b7ee81ad97d7fa4b.jpg,Open Images V7,val,Allie_Caulfield,CC BY 2.0,https://www.flickr.com/photos/wm_archiv/6115046480
oi_b7f35a04a1e84a84.jpg,Open Images V7,train,Biodiversity Heritage Library,CC BY 2.0,https://www.flickr.com/photos/biodivlibrary/7589933784
oi_b820a5ef9bfd4a2a.jpg,Open Images V7,train,The Good Doctor,CC BY 2.0,https://www.flickr.com/photos/unbowed/9286418
oi_b82a519734c02300.jpg,Open Images V7,train,Mike Baird,CC BY 2.0,https://www.flickr.com/photos/mikebaird/9406750114
oi_b82f3ce0bc2bb42e.jpg,Open Images V7,train,Marcel &quot;MadJo&quot; de Jong,CC BY 2.0,https://www.flickr.com/photos/madjo/6905323994
oi_b832f29e27c6a949.jpg,Open Images V7,val,Jenny Mealing,CC BY 2.0,https://www.flickr.com/photos/jennifrog/49944453
oi_b834853debcc22fb.jpg,Open Images V7,train,alamosbasement,CC BY 2.0,https://www.flickr.com/photos/alamosbasement/10505599104
oi_b83f2813e22ffde7.jpg,Open Images V7,train,Travis Rigel Lukas Hornung,CC BY 2.0,https://www.flickr.com/photos/awfulshot/3210634164
oi_b8477316d82fb8ad.jpg,Open Images V7,train,mauroguanandi,CC BY 2.0,https://www.flickr.com/photos/mauroguanandi/4354866036
oi_b853b9a269c1ebd9.jpg,Open Images V7,test,TheAnimalDay.org,CC BY 2.0,https://www.flickr.com/photos/theanimalday/7142980799
oi_b869a3d382898dd9.jpg,Open Images V7,val,Dave Lonsdale,CC BY 2.0,https://www.flickr.com/photos/davelonsdale/6520255009
oi_b8922963d5ce29b9.jpg,Open Images V7,train,Biodiversity Heritage Library,CC BY 2.0,https://www.flickr.com/photos/biodivlibrary/7555986724
oi_b896182c8726f56f.jpg,Open Images V7,train,Yusuke Umezawa,CC BY 2.0,https://www.flickr.com/photos/umezy12/9767492275
oi_b8ac2092ebb2628e.jpg,Open Images V7,train,Isabelle Acatauassú Alves Almeida,CC BY 2.0,https://www.flickr.com/photos/96386958@N07/8821598340
oi_b8b1be98232695ce.jpg,Open Images V7,train,Thank you for visiting my page,CC BY 2.0,https://www.flickr.com/photos/davebloggs007/8642718555/
oi_b8b4c3187cb9a140.jpg,Open Images V7,train,James St. John,CC BY 2.0,https://www.flickr.com/photos/jsjgeology/15957481050
oi_b8ba5ef7bdc141ef.jpg,Open Images V7,val,Mike Baird,CC BY 2.0,https://www.flickr.com/photos/mikebaird/5282304526
oi_b8cca6f98ca85b34.jpg,Open Images V7,train,Chris Pearson,CC BY 2.0,https://www.flickr.com/photos/chrispearson72/2379451915
oi_b8e34f960a329026.jpg,Open Images V7,test,quiet perspective,CC BY 2.0,https://www.flickr.com/photos/kbreeze/7639458762/
oi_b8e6bf58a3182e2e.jpg,Open Images V7,train,Patrik Tschudin,CC BY 2.0,https://www.flickr.com/photos/patsch/15448169770
oi_b8f25e62a08c5d5c.jpg,Open Images V7,test,Guilhem Vellut,CC BY 2.0,https://www.flickr.com/photos/o_0/9353584890
oi_b90a95351e08cb76.jpg,Open Images V7,train,oliver.dodd,CC BY 2.0,https://www.flickr.com/photos/oliverdodd/14664337444
oi_b918d1cc2bb999b3.jpg,Open Images V7,train,Mike Baird,CC BY 2.0,https://www.flickr.com/photos/mikebaird/4780445569
oi_b91a884f5ba02c09.jpg,Open Images V7,train,Zinnia Jones,CC BY 2.0,https://www.flickr.com/photos/zjemptv/4433557053
oi_b91b1063c285807a.jpg,Open Images V7,val,sodai gomi,CC BY 2.0,https://www.flickr.com/photos/sodaigomi/9662342934
oi_b9210483da2e9158.jpg,Open Images V7,train,"See1,Do1,Teach1",CC BY 2.0,https://www.flickr.com/photos/mpaulmd/2365634322
oi_b9228936faff4625.jpg,Open Images V7,train,Rick McCharles,CC BY 2.0,https://www.flickr.com/photos/rickmccharles/3280624850
oi_b92fcee6699c8631.jpg,Open Images V7,train,Elias Levy,CC BY 2.0,https://www.flickr.com/photos/elevy/6851437230
oi_b943e11e3c0f9c5e.jpg,Open Images V7,train,Makuahine Pa&#x27;i Ki&#x27;i,CC BY 2.0,https://www.flickr.com/photos/hawaii-mcgraths/571340069
oi_b94ffdbd999fe0cb.jpg,Open Images V7,train,Barry Peters,CC BY 2.0,https://www.flickr.com/photos/barrypeters/3302328186
oi_b950370abe68f3d8.jpg,Open Images V7,val,Richie Johns,CC BY 2.0,https://www.flickr.com/photos/bignavijp/3810975708
oi_b95354edeb48ea0f.jpg,Open Images V7,train,Brian Gratwicke,CC BY 2.0,https://www.flickr.com/photos/briangratwicke/7081513729
oi_b966bd5644dbe41e.jpg,Open Images V7,train,Josta Photo,CC BY 2.0,https://www.flickr.com/photos/21016795@N04/4617705754
oi_b99286e934a3ca16.jpg,Open Images V7,val,Daniella Vereeken,CC BY 2.0,https://www.flickr.com/photos/betta-online/1555030551
oi_b9a60142557b649b.jpg,Open Images V7,train,Cliff,CC BY 2.0,https://www.flickr.com/photos/nostri-imago/7159025138
oi_b9ca368d3cda58ca.jpg,Open Images V7,train,Naotake Murayama,CC BY 2.0,https://www.flickr.com/photos/naotakem/4124053782
oi_b9d037cc305009b3.jpg,Open Images V7,val,MIKI Yoshihito,CC BY 2.0,https://www.flickr.com/photos/mujitra/8960015764
oi_b9dd5461d771297f.jpg,Open Images V7,test,Irish American Mom,CC BY 2.0,https://www.flickr.com/photos/66087561@N08/7136330423
oi_b9ec4ab7dcfa4fd1.jpg,Open Images V7,val,Mike Baird,CC BY 2.0,https://www.flickr.com/photos/mikebaird/5282303186
oi_ba030a897075623f.jpg,Open Images V7,train,Rob and Stephanie Levy,CC BY 2.0,https://www.flickr.com/photos/robandstephanielevy/3185251129/
oi_ba07470d216bbf81.jpg,Open Images V7,train,Geoffrey Fairchild,CC BY 2.0,https://www.flickr.com/photos/gcfairch/3676582601
oi_ba0d856dc23d1724.jpg,Open Images V7,test,Ron Bailey,CC BY 2.0,https://www.flickr.com/photos/rjbailey/17704018993
oi_ba21fe7e51e03d57.jpg,Open Images V7,val,adam w,CC BY 2.0,https://www.flickr.com/photos/asw909/15260974637/
oi_ba32d9a08a5504b3.jpg,Open Images V7,train,Abhinaba Basu,CC BY 2.0,https://www.flickr.com/photos/abhinaba/8644922402
oi_ba366acac8ea6bda.jpg,Open Images V7,val,dustinpsmith,CC BY 2.0,https://www.flickr.com/photos/dustinpsmith/3079477136
oi_ba4368e59eddd67b.jpg,Open Images V7,val,Vince Smith,CC BY 2.0,https://www.flickr.com/photos/vsmithuk/301500938/
oi_ba4436e3eba88be2.jpg,Open Images V7,train,-JvL-,CC BY 2.0,https://www.flickr.com/photos/-jvl-/14703264279
oi_ba582b2376f2e056.jpg,Open Images V7,val,Scott Cunningham,CC BY 2.0,https://www.flickr.com/photos/65540393@N03/5986355215
oi_ba595c13db222d6c.jpg,Open Images V7,val,TANAKA Juuyoh (田中十洋),CC BY 2.0,https://www.flickr.com/photos/tanaka_juuyoh/7339472296
oi_ba6406f43930387b.jpg,Open Images V7,train,Daniella Vereeken,CC BY 2.0,https://www.flickr.com/photos/betta-online/1561720526
oi_ba673c578f682e61.jpg,Open Images V7,train,Thomas Duesing,CC BY 2.0,https://www.flickr.com/photos/tfduesing/46210380
oi_ba6fbf516fc39f9c.jpg,Open Images V7,val,@N3T1O,CC BY 2.0,https://www.flickr.com/photos/netogonzalez/8365672016
oi_ba74fa64a6d835f9.jpg,Open Images V7,val,ElPuertoProject,CC BY 2.0,https://www.flickr.com/photos/puertoproject/4478902450
oi_ba7ee3279f6a6fd2.jpg,Open Images V7,test,Thomas Giuretis,CC BY 2.0,https://www.flickr.com/photos/katatoniq/2864533773
oi_ba8be25067ea3790.jpg,Open Images V7,val,Calgary Reviews,CC BY 2.0,https://www.flickr.com/photos/calgaryreviews/8440323891
oi_ba8bf1c8d8e1ac69.jpg,Open Images V7,val,Brisbane City Council,CC BY 2.0,https://www.flickr.com/photos/brisbanecitycouncil/7117565213
oi_ba8f5bf5c0e69d33.jpg,Open Images V7,train,bottled_void,CC BY 2.0,https://www.flickr.com/photos/22964099@N05/2973330220
oi_ba91efe6b622f6a1.jpg,Open Images V7,test,Geoff Shuetrim,CC BY 2.0,https://www.flickr.com/photos/gaiaguide/14059217351
oi_ba942afab4967773.jpg,Open Images V7,train,Stephanie Clifford,CC BY 2.0,https://www.flickr.com/photos/30486689@N08/4405930182
oi_baa53ec1a47ebe56.jpg,Open Images V7,train,guilherme jofili,CC BY 2.0,https://www.flickr.com/photos/gjofili/3844690869/
oi_bab8ff2525bf9490.jpg,Open Images V7,train,Guillaume Baviere,CC BY 2.0,https://www.flickr.com/photos/84554176@N00/8187949265
oi_bad08e32d145e706.jpg,Open Images V7,train,Lakshmi Sawitri,CC BY 2.0,https://www.flickr.com/photos/elsaw/16609112332
oi_bad8b90fc391bebb.jpg,Open Images V7,train,Raúl Hernández González,CC BY 2.0,https://www.flickr.com/photos/rahego/3486479424
oi_bade98533d39d264.jpg,Open Images V7,train,Christopher Michel,CC BY 2.0,https://www.flickr.com/photos/cmichel67/8369563463
oi_baf38b4e54bcbbaf.jpg,Open Images V7,test,Alan Light,CC BY 2.0,https://www.flickr.com/photos/alan-light/2106394266
oi_bafaf387eb0ad1fe.jpg,Open Images V7,val,Michael Arrighi,CC BY 2.0,https://www.flickr.com/photos/arrighi/6869624152
oi_bb01af3fd135d543.jpg,Open Images V7,train,ftzdomino,CC BY 2.0,https://www.flickr.com/photos/ftzdomino/5562466753
oi_bb09dd1ac88e8082.jpg,Open Images V7,val,Chris Johnston,CC BY 2.0,https://www.flickr.com/photos/31387329@N07/12058750793
oi_bb1165b2eb6251c2.jpg,Open Images V7,train,Brett Neilson,CC BY 2.0,https://www.flickr.com/photos/brettneilson/14507801622
oi_bb1f976cfb062869.jpg,Open Images V7,test,king damus,CC BY 2.0,https://www.flickr.com/photos/kingdamus/3735156275
oi_bb211479e4c8e417.jpg,Open Images V7,train,James St. John,CC BY 2.0,https://www.flickr.com/photos/jsjgeology/15897790627
oi_bb239946ef4c7a2b.jpg,Open Images V7,train,Walter,CC BY 2.0,https://www.flickr.com/photos/walterpro/15025701469
oi_bb4a69bebb54a09d.jpg,Open Images V7,train,flowcomm,CC BY 2.0,https://www.flickr.com/photos/flowcomm/14240325123
oi_bb4bcf67e1e26c51.jpg,Open Images V7,val,Philippe Guillaume,CC BY 2.0,https://www.flickr.com/photos/philippeguillaume/3933475901
oi_bb5055bd8d33faff.jpg,Open Images V7,train,Sarah Stierch,CC BY 2.0,https://www.flickr.com/photos/sarahvain/8447751833
oi_bb5af21727b8a956.jpg,Open Images V7,test,Jerry,CC BY 2.0,https://www.flickr.com/photos/gorefiendus/2894066814
oi_bb6b73ae5a605148.jpg,Open Images V7,train,James St. John,CC BY 2.0,https://www.flickr.com/photos/jsjgeology/15561506174
oi_bb6d24e144329f9d.jpg,Open Images V7,train,Mike Baird,CC BY 2.0,https://www.flickr.com/photos/mikebaird/348179029
oi_bb7a67c6633fa64e.jpg,Open Images V7,test,oliver.dodd,CC BY 2.0,https://www.flickr.com/photos/oliverdodd/6033815365
oi_bb7df1586f7d8701.jpg,Open Images V7,val,Neil Mullins,CC BY 2.0,https://www.flickr.com/photos/npmullins/16059653137
oi_bb813cd2896c952a.jpg,Open Images V7,train,yuxi3200,CC BY 2.0,https://www.flickr.com/photos/yuxi3200/13504280055
oi_bb83deb583ccb164.jpg,Open Images V7,train,Mark Hillary,CC BY 2.0,https://www.flickr.com/photos/markhillary/14836944417
oi_bb87d7a251bc2bb1.jpg,Open Images V7,train,Patrick Feller,CC BY 2.0,https://www.flickr.com/photos/nakrnsm/3752506520
oi_bb8b7e5fb997af93.jpg,Open Images V7,train,Ricardo&#x27;s Photography (Thanks to all the fans!!!),CC BY 2.0,https://www.flickr.com/photos/ricardo_mangual/7110807023
oi_bba2e3e283d84a2b.jpg,Open Images V7,train,xenalll,CC BY 2.0,https://www.flickr.com/photos/23512960@N06/3771869849/
oi_bba4b087e08b7dc2.jpg,Open Images V7,train,Matthias Zepper,CC BY 2.0,https://www.flickr.com/photos/curnen/403656617
oi_bbbc74fca9f22bf8.jpg,Open Images V7,val,Kevin Gibbons,CC BY 2.0,https://www.flickr.com/photos/kevgibbo/706377150
oi_bbbdd8b5ea6a0814.jpg,Open Images V7,train,Michael Borland,CC BY 2.0,https://www.flickr.com/photos/128799619@N07/16266911861/
oi_bbcade4114347073.jpg,Open Images V7,train,Geoff Shuetrim,CC BY 2.0,https://www.flickr.com/photos/gaiaguide/15286208557/
oi_bbcbedb318cf8fc8.jpg,Open Images V7,val,kuhnmi,CC BY 2.0,https://www.flickr.com/photos/31176607@N05/17480927001
oi_bbcf0da4867df0b5.jpg,Open Images V7,test,q phia,CC BY 2.0,https://www.flickr.com/photos/q-phia/13570448235
oi_bc04f0b799f4864e.jpg,Open Images V7,val,shankar s.,CC BY 2.0,https://www.flickr.com/photos/shankaronline/7930737470
oi_bc1852500b6108e2.jpg,Open Images V7,train,Luis Pérez,CC BY 2.0,https://www.flickr.com/photos/pe5pe/16189206367
oi_bc471928042e22ec.jpg,Open Images V7,train,Andrey,CC BY 2.0,https://www.flickr.com/photos/akras/2036744191
oi_bc49523e86bfcf46.jpg,Open Images V7,train,David Pursehouse,CC BY 2.0,https://www.flickr.com/photos/mdid/3400917477
oi_bc53b5040900b558.jpg,Open Images V7,train,Michael Napoleon,CC BY 2.0,https://www.flickr.com/photos/cusegoyle/2992486147
oi_bc62b2159729dbc7.jpg,Open Images V7,train,Ryan Boren,CC BY 2.0,https://www.flickr.com/photos/ryanboren/219875460
oi_bc66bf7fcc671d37.jpg,Open Images V7,train,prilfish,CC BY 2.0,https://www.flickr.com/photos/silkebaron/8371209934
oi_bc685bbf4b228960.jpg,Open Images V7,train,Walter,CC BY 2.0,https://www.flickr.com/photos/walterpro/7013039731
oi_bc7c2e2efb733e40.jpg,Open Images V7,train,Dimitris Siskopoulos,CC BY 2.0,https://www.flickr.com/photos/dimsis/9589635172
oi_bc8b27f1e6f8e558.jpg,Open Images V7,train,Derek Keats,CC BY 2.0,https://www.flickr.com/photos/dkeats/21323812766
oi_bc8b5f250c999219.jpg,Open Images V7,train,Otávio Nogueira,CC BY 2.0,https://www.flickr.com/photos/55953988@N00/4338800953
oi_bc9047275d3c35a8.jpg,Open Images V7,train,Blake Handley,CC BY 2.0,https://www.flickr.com/photos/56705607@N00/15963777424
oi_bc9555abd1fe8aa8.jpg,Open Images V7,test,Greenland Travel,CC BY 2.0,https://www.flickr.com/photos/greenlandtravel/14990844808
oi_bc9751dd6c2dda61.jpg,Open Images V7,train,John Clift,CC BY 2.0,https://www.flickr.com/photos/johnnydante/7849340436
oi_bc9ab33c4ebb8eb1.jpg,Open Images V7,train,Joe King,CC BY 2.0,https://www.flickr.com/photos/jking89/5849156532
oi_bcb61030a0f68ed0.jpg,Open Images V7,train,Kathy,CC BY 2.0,https://www.flickr.com/photos/44603071@N00/10106360745
oi_bcc238f7924f5114.jpg,Open Images V7,train,wisley,CC BY 2.0,https://www.flickr.com/photos/wisley/13075288344
oi_bccfaadaff112747.jpg,Open Images V7,train,Derek Keats,CC BY 2.0,https://www.flickr.com/photos/dkeats/6172514481
oi_bcd611b966b23306.jpg,Open Images V7,train,Don Richards,CC BY 2.0,https://www.flickr.com/photos/highlander411/18272877933
oi_bce2c20cdc5d51bf.jpg,Open Images V7,train,francois schnell,CC BY 2.0,https://www.flickr.com/photos/frenchy/372377016
oi_bce2caadd31a0151.jpg,Open Images V7,test,kntrty,CC BY 2.0,https://www.flickr.com/photos/kntrty/7032337799
oi_bcfb7ad6f5671974.jpg,Open Images V7,test,Alexander Plushev,CC BY 2.0,https://www.flickr.com/photos/plushev/2875112756
oi_bcfbaf22615cd35b.jpg,Open Images V7,train,Elias Levy,CC BY 2.0,https://www.flickr.com/photos/elevy/6851439094
oi_bd09097548d87578.jpg,Open Images V7,train,Paul Hudson,CC BY 2.0,https://www.flickr.com/photos/pahudson/6729567029
oi_bd13c866171bef04.jpg,Open Images V7,train,nadia &amp; massimo,CC BY 2.0,https://www.flickr.com/photos/24641143@N03/2343137232
oi_bd2b17ef8d411bb7.jpg,Open Images V7,train,Derek Keats,CC BY 2.0,https://www.flickr.com/photos/dkeats/5759226472
oi_bd2fba8fb450a82d.jpg,Open Images V7,train,Cliff,CC BY 2.0,https://www.flickr.com/photos/nostri-imago/3151991569
oi_bd494968ffb67f4a.jpg,Open Images V7,val,frankjuarez,CC BY 2.0,https://www.flickr.com/photos/frankjuarez/5032758388
oi_bd5a4169003d570b.jpg,Open Images V7,train,Redwood Coast,CC BY 2.0,https://www.flickr.com/photos/redwoodcoaster/14850046280
oi_bd6923ee121d7794.jpg,Open Images V7,train,Lakshmi Sawitri,CC BY 2.0,https://www.flickr.com/photos/elsaw/16583768246
oi_bd6f11f551d24bb6.jpg,Open Images V7,train,Ninian  Reid,CC BY 2.0,https://www.flickr.com/photos/ninian_reid/9138603507
oi_bd717c8333092aeb.jpg,Open Images V7,val,Rob and Stephanie Levy,CC BY 2.0,https://www.flickr.com/photos/robandstephanielevy/3931095211
oi_bd77031c6bdb04b7.jpg,Open Images V7,val,Steenaire,CC BY 2.0,https://www.flickr.com/photos/58189808@N03/14201576486
oi_bd7adfeb6057f6a5.jpg,Open Images V7,train,Michelle,CC BY 2.0,https://www.flickr.com/photos/dragnfly78/527036507
oi_bd7af9019878f63b.jpg,Open Images V7,train,"Jim, the Photographer",CC BY 2.0,https://www.flickr.com/photos/jcapaldi/6120356129
oi_bd88e507a6056411.jpg,Open Images V7,train,David Precious,CC BY 2.0,https://www.flickr.com/photos/bigpresh/7389236946
oi_bd9b98dc86abb62a.jpg,Open Images V7,val,Christina Crowe,CC BY 2.0,https://www.flickr.com/photos/40345129@N08/6930991562
oi_bd9d82368ef54cd4.jpg,Open Images V7,train,randychiu,CC BY 2.0,https://www.flickr.com/photos/randychiu/3099209887
oi_bdb06a12e6dee2d6.jpg,Open Images V7,train,Britt Reints,CC BY 2.0,https://www.flickr.com/photos/emmandevin/5118571066
oi_bdb0a5e9185ce292.jpg,Open Images V7,train,*0* PrincessCCCC,CC BY 2.0,https://www.flickr.com/photos/princesscccc/2680585860
oi_bdb2d3321d55b09a.jpg,Open Images V7,train,Jared,CC BY 2.0,https://www.flickr.com/photos/jared422/20327211141
oi_bdd4bf2042df8e49.jpg,Open Images V7,train,David Ohmer,CC BY 2.0,https://www.flickr.com/photos/the-o/1299921312
oi_bddb0905fd971c36.jpg,Open Images V7,train,José María Mateos,CC BY 2.0,https://www.flickr.com/photos/rinzewind/2718735360
oi_bde252e35d6a81f0.jpg,Open Images V7,val,Emran Kassim,CC BY 2.0,https://www.flickr.com/photos/emrank/3318760482
oi_be01ecf4437db180.jpg,Open Images V7,train,ajmexico,CC BY 2.0,https://www.flickr.com/photos/ajmexico/4519830578
oi_be0d2bb1c21d203b.jpg,Open Images V7,train,Kam Abbott,CC BY 2.0,https://www.flickr.com/photos/kams_world/16912926803
oi_be1adb2bb73d1e8c.jpg,Open Images V7,train,sheilapic76,CC BY 2.0,https://www.flickr.com/photos/53344659@N05/4978439749
oi_be267a16f8930794.jpg,Open Images V7,test,UCL Mathematical and Physical Sciences,CC BY 2.0,https://www.flickr.com/photos/uclmaps/16723557981
oi_be283cf4fec67db5.jpg,Open Images V7,val,Petr,CC BY 2.0,https://www.flickr.com/photos/petrjasek/5959855939
oi_be356f6703622687.jpg,Open Images V7,val,Paul Reynolds,CC BY 2.0,https://www.flickr.com/photos/bigtallguy/2303809819/
oi_be492295548cdc84.jpg,Open Images V7,train,Jeff Gunn,CC BY 2.0,https://www.flickr.com/photos/jeffgunn/5547971247
oi_be57fa47885d2777.jpg,Open Images V7,train,Chris Tolworthy,CC BY 2.0,https://www.flickr.com/photos/66351465@N00/14071551272
oi_be5c1dda51cad0ca.jpg,Open Images V7,train,Gordon Wrigley,CC BY 2.0,https://www.flickr.com/photos/tolomea/7112029433
oi_be6a9a127873081e.jpg,Open Images V7,train,FRANCISCO JOSE GARCIA,CC BY 2.0,https://www.flickr.com/photos/ciclope69/5877118228
oi_be6f7b25e0ba4551.jpg,Open Images V7,val,SMcGarnigle,CC BY 2.0,https://www.flickr.com/photos/mcbarnicle/3226020125
oi_be701e08c90fd8db.jpg,Open Images V7,train,Lwp Kommunikáció,CC BY 2.0,https://www.flickr.com/photos/lwpkommunikacio/14663907800
oi_be7a26b82cefbb86.jpg,Open Images V7,val,Tim Parkinson,CC BY 2.0,https://www.flickr.com/photos/timparkinson/103547339
oi_be7b92201f3b8063.jpg,Open Images V7,val,Julio Enriquez,CC BY 2.0,https://www.flickr.com/photos/julioenriquez/2581327609
oi_be80dc132e973aaa.jpg,Open Images V7,train,Paul J Everett,CC BY 2.0,https://www.flickr.com/photos/paul_everett82/3087498332
oi_be8c3c4fdfb8e769.jpg,Open Images V7,train,Arnie Kim,CC BY 2.0,https://www.flickr.com/photos/banditapple/22394869100
oi_be9b5152ab39998c.jpg,Open Images V7,train,Sheila Thomson,CC BY 2.0,https://www.flickr.com/photos/sheilaellen/1122042951
oi_bea35559896969d9.jpg,Open Images V7,test,Fred von Lohmann,CC BY 2.0,https://www.flickr.com/photos/vonlohmann/2115215197
oi_bea35d6dd6a46851.jpg,Open Images V7,test,Greg Schechter,CC BY 2.0,https://www.flickr.com/photos/gregthebusker/3625105808
oi_beab6381be5dcf68.jpg,Open Images V7,train,Masahiko Satoh,CC BY 2.0,https://www.flickr.com/photos/masahiko/4614368755
oi_beb928ca4bbb7268.jpg,Open Images V7,val,LASZLO ILYES,CC BY 2.0,https://www.flickr.com/photos/laszlo-photo/111788302
oi_becddee91695155d.jpg,Open Images V7,train,Charles Nadeau,CC BY 2.0,https://www.flickr.com/photos/chucknado/5554273977
oi_becff46a9cbf3786.jpg,Open Images V7,train,Steve Jurvetson,CC BY 2.0,https://www.flickr.com/photos/jurvetson/2125738104
oi_bedc850cf9bb5809.jpg,Open Images V7,train,Walter,CC BY 2.0,https://www.flickr.com/photos/walterpro/15025909998
oi_beec49ffc92c2d9e.jpg,Open Images V7,train,Steven Depolo,CC BY 2.0,https://www.flickr.com/photos/stevendepolo/6023147698
oi_bf0107ac6ee30819.jpg,Open Images V7,val,prilfish,CC BY 2.0,https://www.flickr.com/photos/silkebaron/4799232932
oi_bf09af7b0f316b4c.jpg,Open Images V7,val,Josh Hallett,CC BY 2.0,https://www.flickr.com/photos/hyku/357844887
oi_bf2e91bab607dbd2.jpg,Open Images V7,train,Karen Roe,CC BY 2.0,https://www.flickr.com/photos/karen_roe/8727503913
oi_bf375af37a06b39a.jpg,Open Images V7,val,NOAA Photo Library,CC BY 2.0,https://www.flickr.com/photos/noaaphotolib/5078481390
oi_bf3d293da3884811.jpg,Open Images V7,train,Mikey,CC BY 2.0,https://www.flickr.com/photos/raver_mikey/5132153622
oi_bf4381c178314f5a.jpg,Open Images V7,train,Polar Cruises,CC BY 2.0,https://www.flickr.com/photos/polarphotos/4680599194
oi_bf5817dc5efe59a6.jpg,Open Images V7,val,Florida Keys--Public Libraries,CC BY 2.0,https://www.flickr.com/photos/keyslibraries/5711616268
oi_bf5b69e7eb92f4f6.jpg,Open Images V7,val,Mike Baird,CC BY 2.0,https://www.flickr.com/photos/mikebaird/2917865202
oi_bf667095661bee71.jpg,Open Images V7,train,Greg Schechter,CC BY 2.0,https://www.flickr.com/photos/gregthebusker/8038082728
oi_bf6cea3cacf0a9ea.jpg,Open Images V7,train,Justin Henry,CC BY 2.0,https://www.flickr.com/photos/zappowbang/891960450
oi_bf6d4b1b15781bed.jpg,Open Images V7,train,NOAA Photo Library,CC BY 2.0,https://www.flickr.com/photos/noaaphotolib/11952659456
oi_bf73ffdd2c07f8c6.jpg,Open Images V7,train,Sean Naber,CC BY 2.0,https://www.flickr.com/photos/seannaber/4297690161
oi_bf7b2f4202ff0fb4.jpg,Open Images V7,val,Ulf K,CC BY 2.0,https://www.flickr.com/photos/ulfk/7556942340
oi_bf85d9c0c79935e4.jpg,Open Images V7,train,Liz Saldaña,CC BY 2.0,https://www.flickr.com/photos/lizsaldana/4369646245
oi_bfd73d683b25da9a.jpg,Open Images V7,test,Thomas Kriese,CC BY 2.0,https://www.flickr.com/photos/thomaspix/15132393692
oi_bfee2111622fc237.jpg,Open Images V7,val,jonsson,CC BY 2.0,https://www.flickr.com/photos/karljonsson/6070787194
oi_bff2e0cfa6cd5ecd.jpg,Open Images V7,train,Greg Schechter,CC BY 2.0,https://www.flickr.com/photos/gregthebusker/3268551562
oi_c02a5aa8477429de.jpg,Open Images V7,train,Roshan Nikam,CC BY 2.0,https://www.flickr.com/photos/31916678@N07/6476783059
oi_c03d4db0997442d2.jpg,Open Images V7,train,ginel dy,CC BY 2.0,https://www.flickr.com/photos/12485961@N07/3426348973
oi_c042a66a5c344ebe.jpg,Open Images V7,train,Polar Cruises,CC BY 2.0,https://www.flickr.com/photos/polarphotos/5962603714
oi_c05e6c6ec8c32eed.jpg,Open Images V7,train,Michael Himbeault,CC BY 2.0,https://www.flickr.com/photos/riebart/5913361591
oi_c06c7850a185fad2.jpg,Open Images V7,val,nik muhd faris fathi,CC BY 2.0,https://www.flickr.com/photos/eyebags/2090637846
oi_c0931c804e052f53.jpg,Open Images V7,train,Lotzman Katzman,CC BY 2.0,https://www.flickr.com/photos/lotzman/5604432817
oi_c0a3ed5494c47f5f.jpg,Open Images V7,train,Stéphane Gallay,CC BY 2.0,https://www.flickr.com/photos/isa_lias/8018850616
oi_c0aad0583e3729af.jpg,Open Images V7,test,Atsushi Tadokoro,CC BY 2.0,https://www.flickr.com/photos/tadokoro/8590368599/
oi_c0ae745e5d1e5c31.jpg,Open Images V7,train,jobatart,CC BY 2.0,https://www.flickr.com/photos/25205574@N03/2557248464
oi_c0d61482a6aea724.jpg,Open Images V7,train,Alexandra Zakharova,CC BY 2.0,https://www.flickr.com/photos/zalexandra/19849510158
oi_c0d8c1651f3ea296.jpg,Open Images V7,train,popofatticus,CC BY 2.0,https://www.flickr.com/photos/barretthall/397214443
oi_c0eb9837574f138b.jpg,Open Images V7,train,NOAA Photo Library,CC BY 2.0,https://www.flickr.com/photos/noaaphotolib/9734083583
oi_c0f034a832e17b56.jpg,Open Images V7,train,Mikko Koponen,CC BY 2.0,https://www.flickr.com/photos/mtkopone/4190180579
oi_c1014a3d753a16f6.jpg,Open Images V7,train,Jer Thorp,CC BY 2.0,https://www.flickr.com/photos/blprnt/9408021997
oi_c109246ad1f8ec54.jpg,Open Images V7,train,Kari,CC BY 2.0,https://www.flickr.com/photos/designsbykari/17090014676
oi_c1226f998054a40b.jpg,Open Images V7,train,Phalinn Ooi,CC BY 2.0,https://www.flickr.com/photos/phalinn/6866911498
oi_c1232388bfa210dc.jpg,Open Images V7,train,Derek Keats,CC BY 2.0,https://www.flickr.com/photos/dkeats/5732992512
oi_c125a04a6c74ff32.jpg,Open Images V7,train,Brian Gratwicke,CC BY 2.0,https://www.flickr.com/photos/briangratwicke/14811361125
oi_c13f05b70a8931d1.jpg,Open Images V7,train,Yale Peabody Museum of Natural History,CC BY 2.0,https://www.flickr.com/photos/yalepeabodymuseum/14120933349
oi_c148404effe4905a.jpg,Open Images V7,val,Allie_Caulfield,CC BY 2.0,https://www.flickr.com/photos/wm_archiv/6115123106
oi_c149373a24eda1cb.jpg,Open Images V7,train,hds,CC BY 2.0,https://www.flickr.com/photos/hdsjulian/14768873576
oi_c15649813e8d6ef3.jpg,Open Images V7,val,Florida Keys--Public Libraries,CC BY 2.0,https://www.flickr.com/photos/keyslibraries/5711640310
oi_c17c55f8c354cea3.jpg,Open Images V7,train,Ryan Ruppe,CC BY 2.0,https://www.flickr.com/photos/ryanrocketship/15021726422
oi_c19c0861ac8c90f2.jpg,Open Images V7,train,Steven Damron,CC BY 2.0,https://www.flickr.com/photos/sadsnaps/4598334189
oi_c19ea6a2723d7409.jpg,Open Images V7,test,Qaqqaqtunaaq,CC BY 2.0,https://www.flickr.com/photos/macinuk/3269633059/
oi_c1a0963bd4d15984.jpg,Open Images V7,val,Paul Mannix,CC BY 2.0,https://www.flickr.com/photos/paulmannix/552345351
oi_c1af5f21b20a5891.jpg,Open Images V7,test,Jon Roig,CC BY 2.0,https://www.flickr.com/photos/runnr_az/12898644724
oi_c1c25db11d0d40b7.jpg,Open Images V7,val,Chris Williamson,CC BY 2.0,https://www.flickr.com/photos/chriswsn/3758893585
oi_c1c8789db78f914b.jpg,Open Images V7,train,Phalinn Ooi,CC BY 2.0,https://www.flickr.com/photos/phalinn/14613593797
oi_c1d4fcf0563b540f.jpg,Open Images V7,train,mLu.fotos,CC BY 2.0,https://www.flickr.com/photos/luppes777/20686821958
oi_c1d63d541dbc3b30.jpg,Open Images V7,val,Rennett Stowe,CC BY 2.0,https://www.flickr.com/photos/tomsaint/7990445617
oi_c1fbced2ae93f06f.jpg,Open Images V7,train,Indi Samarajiva,CC BY 2.0,https://www.flickr.com/photos/indi/4317805249
oi_c2030767299d5bfb.jpg,Open Images V7,train,Jerry Kirkhart,CC BY 2.0,https://www.flickr.com/photos/jkirkhart35/3901458468
oi_c205fd08a8d2212d.jpg,Open Images V7,val,Michael Bentley,CC BY 2.0,https://www.flickr.com/photos/donhomer/7974669321
oi_c20976faf2775bf9.jpg,Open Images V7,train,Alistair Leadbetter,CC BY 2.0,https://www.flickr.com/photos/42158477@N02/4871825370
oi_c209bf49f39b02e4.jpg,Open Images V7,train,Frontierofficial,CC BY 2.0,https://www.flickr.com/photos/frontierofficial/17133474235
oi_c21711266db150e7.jpg,Open Images V7,train,Philippe AMIOT,CC BY 2.0,https://www.flickr.com/photos/philippeamiot/19108163839
oi_c21ce8dff0b1f73b.jpg,Open Images V7,train,shellac,CC BY 2.0,https://www.flickr.com/photos/pldms/3016988453
oi_c24353a345dc8822.jpg,Open Images V7,train,ume-y,CC BY 2.0,https://www.flickr.com/photos/ume-y/5768565876
oi_c251898a110d4512.jpg,Open Images V7,test,David Stanley,CC BY 2.0,https://www.flickr.com/photos/davidstanleytravel/15853529442
oi_c269305ee356aed8.jpg,Open Images V7,train,prilfish,CC BY 2.0,https://www.flickr.com/photos/silkebaron/5958578501
oi_c281caf5a4355c05.jpg,Open Images V7,train,Ed Bierman,CC BY 2.0,https://www.flickr.com/photos/edbierman/8481041582
oi_c2900cf5f49fcea7.jpg,Open Images V7,train,Elias Levy,CC BY 2.0,https://www.flickr.com/photos/elevy/14894417636
oi_c29cf56cc0aa899e.jpg,Open Images V7,train,Wendy Cope,CC BY 2.0,https://www.flickr.com/photos/litratcher/7390528010
oi_c2a57513fa0cf187.jpg,Open Images V7,train,Daniele Gidsicki,CC BY 2.0,https://www.flickr.com/photos/dgidsicki/2473822211
oi_c2d488742a66362f.jpg,Open Images V7,val,Karyn Christner,CC BY 2.0,https://www.flickr.com/photos/toofarnorth/4701998612
oi_c2dca45e46c818af.jpg,Open Images V7,val,Subhash Chandra,CC BY 2.0,https://www.flickr.com/photos/ysc/480145236
oi_c2ecbbd8a428ebcf.jpg,Open Images V7,train,Tim Parkinson,CC BY 2.0,https://www.flickr.com/photos/timparkinson/1789781025
oi_c302f3ccf9a62091.jpg,Open Images V7,train,bernard_in_va,CC BY 2.0,https://www.flickr.com/photos/bear_in_va/3434557447
oi_c30bbb06f1ab28e8.jpg,Open Images V7,test,Jay Shouldol,CC BY 2.0,https://www.flickr.com/photos/da_ladd/5757351131
oi_c3141c6442d73fe6.jpg,Open Images V7,test,Christopher Michel,CC BY 2.0,https://www.flickr.com/photos/cmichel67/15800145414
oi_c3195d65c27d5066.jpg,Open Images V7,train,mLu.fotos,CC BY 2.0,https://www.flickr.com/photos/luppes777/9368794846
oi_c3339c800300fd64.jpg,Open Images V7,train,brightroyalty,CC BY 2.0,https://www.flickr.com/photos/hughryanmcdonald/272667934
oi_c33ac96845808a6d.jpg,Open Images V7,train,Christopher Michel,CC BY 2.0,https://www.flickr.com/photos/cmichel67/11240258794
oi_c33d487b2e7f75fb.jpg,Open Images V7,val,Kent MacElwee,CC BY 2.0,https://www.flickr.com/photos/kmacelwee/5272342693
oi_c3453ce500e8306f.jpg,Open Images V7,train,Yeti-legs,CC BY 2.0,https://www.flickr.com/photos/andrewngai/16989705452
oi_c366351ef8cac962.jpg,Open Images V7,test,Jeff Hitchcock,CC BY 2.0,https://www.flickr.com/photos/arbron/104520855
oi_c367db6aeb9cf0e0.jpg,Open Images V7,train,Post Memes,CC BY 2.0,https://www.flickr.com/photos/postmemes/15285581552
oi_c370446519cae6d5.jpg,Open Images V7,train,Jed Record,CC BY 2.0,https://www.flickr.com/photos/jedstr/1621457215
oi_c37631511fccd4ad.jpg,Open Images V7,test,&quot;G&quot; jewels g is for grandma,CC BY 2.0,https://www.flickr.com/photos/g_jewels/4569092868
oi_c39d2c7282330af8.jpg,Open Images V7,train,Eric Chan,CC BY 2.0,https://www.flickr.com/photos/maveric2003/300593235
oi_c3af1670d04e338f.jpg,Open Images V7,val,emilykneeter,CC BY 2.0,https://www.flickr.com/photos/emilykneeter/9211670096
oi_c3b46db65efbcb00.jpg,Open Images V7,train,Richard Matthews,CC BY 2.0,https://www.flickr.com/photos/richardofengland/6709572409
oi_c3c1a813da85e570.jpg,Open Images V7,train,Jean,CC BY 2.0,https://www.flickr.com/photos/7326810@N08/4418675042
oi_c3c739fcdca1e61f.jpg,Open Images V7,train,cookbookman17,CC BY 2.0,https://www.flickr.com/photos/cookbookman/6947091767
oi_c3cb68df918904f7.jpg,Open Images V7,val,Jérôme Decq,CC BY 2.0,https://www.flickr.com/photos/lesphotosdejerome/5298099510
oi_c3e75a9a2501378d.jpg,Open Images V7,train,Rob Bixby,CC BY 2.0,https://www.flickr.com/photos/scubabix/15230204716
oi_c3e84fca48f921b9.jpg,Open Images V7,test,Dean Croshere,CC BY 2.0,https://www.flickr.com/photos/roadtrip-life/3956018628
oi_c3f53d2dab77b6c7.jpg,Open Images V7,train,Anita Ritenour,CC BY 2.0,https://www.flickr.com/photos/puliarfanita/4236536990
oi_c3ff05c32ba29526.jpg,Open Images V7,train,Stig Nygaard,CC BY 2.0,https://www.flickr.com/photos/stignygaard/458906493
oi_c403aa8768c57e1c.jpg,Open Images V7,train,NOAA Photo Library,CC BY 2.0,https://www.flickr.com/photos/noaaphotolib/5019894061
oi_c40cb27d2d019297.jpg,Open Images V7,train,Aaron Logan,CC BY 2.0,https://www.flickr.com/photos/lightmatter/3281636509
oi_c4148a6a29fa738a.jpg,Open Images V7,train,Gail Frederick,CC BY 2.0,https://www.flickr.com/photos/galfred/3347951500
oi_c414f921cfd20246.jpg,Open Images V7,train,Vaughn Mudrick,CC BY 2.0,https://www.flickr.com/photos/agent345/268981575
oi_c421b295b1ee9d2e.jpg,Open Images V7,train,François Favé,CC BY 2.0,https://www.flickr.com/photos/78505146@N00/245456769
oi_c423cf6fefc851ef.jpg,Open Images V7,train,Bela Desai,CC BY 2.0,https://www.flickr.com/photos/34432175@N04/3213372744
oi_c42fda0bbcf5984e.jpg,Open Images V7,train,USFWSmidwest,CC BY 2.0,https://www.flickr.com/photos/usfwsmidwest/17939450978
oi_c4325761c6c40201.jpg,Open Images V7,test,Lyn Gateley,CC BY 2.0,https://www.flickr.com/photos/lyng883/3365750485
oi_c43912d64c39ea15.jpg,Open Images V7,train,johanilsemari,CC BY 2.0,https://www.flickr.com/photos/johanilsemari/5536751423/
oi_c43c33aae7daf7bd.jpg,Open Images V7,train,Annette Ugolini,CC BY 2.0,https://www.flickr.com/photos/magicstones/5144263560
oi_c45a767cce131a7a.jpg,Open Images V7,val,Alan Light,CC BY 2.0,https://www.flickr.com/photos/alan-light/1877283851/
oi_c46799bb54a2b52c.jpg,Open Images V7,train,Jade Craven,CC BY 2.0,https://www.flickr.com/photos/cravenjade/12181837766
oi_c46a0be2561d26c3.jpg,Open Images V7,train,Anderson Smith2010,CC BY 2.0,https://www.flickr.com/photos/53381861@N06/4973592880
oi_c46f8998e3b48728.jpg,Open Images V7,val,shankar s.,CC BY 2.0,https://www.flickr.com/photos/shankaronline/7987425748
oi_c471ad8eaa9d5fbf.jpg,Open Images V7,val,CBC Radio 3,CC BY 2.0,https://www.flickr.com/photos/cbcradio3/5840407094
oi_c484e42ab34346a4.jpg,Open Images V7,val,Beau Giles,CC BY 2.0,https://www.flickr.com/photos/beaugiles/5547243639
oi_c48b1329139f2d4d.jpg,Open Images V7,train,Derek Keats,CC BY 2.0,https://www.flickr.com/photos/dkeats/6143541736
oi_c4963d0eb4e09775.jpg,Open Images V7,train,Vince Smith,CC BY 2.0,https://www.flickr.com/photos/vsmithuk/2890551431
oi_c49a9910498a76bc.jpg,Open Images V7,val,Giselleai,CC BY 2.0,https://www.flickr.com/photos/giselleai/681436673
oi_c4ae9973d743935b.jpg,Open Images V7,train,Luciana Reynaud Ferreira,CC BY 2.0,https://www.flickr.com/photos/lucianareynaudf/16309928580
oi_c4b1dfbc44094745.jpg,Open Images V7,train,Tim Regan,CC BY 2.0,https://www.flickr.com/photos/dumbledad/2225755886/
oi_c4bd1d1aa174cdc1.jpg,Open Images V7,val,Sonny Abesamis,CC BY 2.0,https://www.flickr.com/photos/enerva/13888129204
oi_c4c0f9ad1ea1d7d8.jpg,Open Images V7,train,arifm,CC BY 2.0,https://www.flickr.com/photos/arifm/33890953
oi_c4cacd4a3493f1a8.jpg,Open Images V7,val,prilfish,CC BY 2.0,https://www.flickr.com/photos/silkebaron/3757551522
oi_c4dcf1f56e0af6fc.jpg,Open Images V7,test,Daniella Vereeken,CC BY 2.0,https://www.flickr.com/photos/betta-online/1545141576
oi_c4e8e159876e4dbf.jpg,Open Images V7,train,Elias Levy,CC BY 2.0,https://www.flickr.com/photos/elevy/14917023522
oi_c4e991b829923b8b.jpg,Open Images V7,train,NOAA Photo Library,CC BY 2.0,https://www.flickr.com/photos/noaaphotolib/9734087763
oi_c4ef4440cde38700.jpg,Open Images V7,val,John Cinnamond,CC BY 2.0,https://www.flickr.com/photos/jcinnamond/18986017734
oi_c4f38d15ad197ee8.jpg,Open Images V7,train,Kenneth Lu,CC BY 2.0,https://www.flickr.com/photos/toasty/5083441810
oi_c508323e141b2f4a.jpg,Open Images V7,train,Frontierofficial,CC BY 2.0,https://www.flickr.com/photos/frontierofficial/6985221352
oi_c50a84d668be15e6.jpg,Open Images V7,train,"Jim, the Photographer",CC BY 2.0,https://www.flickr.com/photos/jcapaldi/3914244290
oi_c50aad862e15dabc.jpg,Open Images V7,test,Sungdo Cho,CC BY 2.0,https://www.flickr.com/photos/pengdo/4077527536
oi_c5157500e8f1b6c2.jpg,Open Images V7,test,Moto &quot;Club4AG&quot; Miwa,CC BY 2.0,https://www.flickr.com/photos/moto_club4ag/5179642908
oi_c52a86ce635cf0c3.jpg,Open Images V7,train,abdallahh,CC BY 2.0,https://www.flickr.com/photos/husseinabdallah/3908045895
oi_c538b3e46339d3b6.jpg,Open Images V7,train,祐樹,CC BY 2.0,https://www.flickr.com/photos/ynverse/9964627113
oi_c538e7f3b607a6aa.jpg,Open Images V7,train,Ronnie Macdonald,CC BY 2.0,https://www.flickr.com/photos/ronmacphotos/11065698725
oi_c549285b938d3ea3.jpg,Open Images V7,train,Shinji,CC BY 2.0,https://www.flickr.com/photos/cinz/30301405
oi_c54f03633e1ad726.jpg,Open Images V7,test,David,CC BY 2.0,https://www.flickr.com/photos/bootbearwdc/3512462825
oi_c557a0c1b4e6d5fa.jpg,Open Images V7,train,brownpau,CC BY 2.0,https://www.flickr.com/photos/brownpau/14816519456
oi_c559283ac7affbf3.jpg,Open Images V7,train,Maxime Guilbot,CC BY 2.0,https://www.flickr.com/photos/maximeguilbot/18985913235
oi_c55b4ba2b8ba0fa7.jpg,Open Images V7,train,Tom Hart,CC BY 2.0,https://www.flickr.com/photos/thart2009/20050131098
oi_c56ffcd8c2c0d2a2.jpg,Open Images V7,train,Derek Keats,CC BY 2.0,https://www.flickr.com/photos/dkeats/6147231523
oi_c593865d1d01db57.jpg,Open Images V7,train,Manele R.,CC BY 2.0,https://www.flickr.com/photos/96482489@N06/16508554894/
oi_c5987ae1f009cca9.jpg,Open Images V7,train,Patrick Gaudin,CC BY 2.0,https://www.flickr.com/photos/voyages-provence/5412492859
oi_c59fee9e410ee64c.jpg,Open Images V7,train,Don Loarie,CC BY 2.0,https://www.flickr.com/photos/loarie/17321180632
oi_c5b162ab3afbcfdb.jpg,Open Images V7,val,NOAA Photo Library,CC BY 2.0,https://www.flickr.com/photos/noaaphotolib/5188072980
oi_c5b9865589b88c89.jpg,Open Images V7,train,Jon Rawlinson,CC BY 2.0,https://www.flickr.com/photos/london/5556794313
oi_c5c1871d0fe5aea6.jpg,Open Images V7,train,Jon Acuna,CC BY 2.0,https://www.flickr.com/photos/96104980@N04/20193496876
oi_c5d21fff5f7bb230.jpg,Open Images V7,train,Jon Rawlinson,CC BY 2.0,https://www.flickr.com/photos/london/77543877
oi_c5e4c607be62dc4e.jpg,Open Images V7,train,Isaac Wedin,CC BY 2.0,https://www.flickr.com/photos/izik/3837491827
oi_c5ef6eaa18c71373.jpg,Open Images V7,train,Jerry Kirkhart,CC BY 2.0,https://www.flickr.com/photos/jkirkhart35/2281653335
oi_c5f10a20e0d362b2.jpg,Open Images V7,train,Dallas Krentzel,CC BY 2.0,https://www.flickr.com/photos/31867959@N04/6011802825
oi_c5fec781c0921ad2.jpg,Open Images V7,val,SaraYeomans,CC BY 2.0,https://www.flickr.com/photos/yeomans/81268753
oi_c604101624fffbf2.jpg,Open Images V7,val,Matt Ryall,CC BY 2.0,https://www.flickr.com/photos/mjryall/29630039
oi_c609d739b1fce745.jpg,Open Images V7,test,Lindsay Eyink,CC BY 2.0,https://www.flickr.com/photos/leyink/4377971501
oi_c610d36c987fd309.jpg,Open Images V7,train,Henning Braun,CC BY 2.0,https://www.flickr.com/photos/129863752@N08/16052894108
oi_c612ee87f06a1588.jpg,Open Images V7,train,tecabh,CC BY 2.0,https://www.flickr.com/photos/tecabh/8038899621/
oi_c6232cc1040d3ac4.jpg,Open Images V7,train,Guillaume Baviere,CC BY 2.0,https://www.flickr.com/photos/84554176@N00/3545627685
oi_c630369d843b799a.jpg,Open Images V7,train,Greg Mote,CC BY 2.0,https://www.flickr.com/photos/gregmote/269083546
oi_c63266ac38f1b857.jpg,Open Images V7,train,Ano Lobb,CC BY 2.0,https://www.flickr.com/photos/27384147@N02/6920390383
oi_c63faf8f28697c06.jpg,Open Images V7,test,CHULABUSH KHATANCHAROEN,CC BY 2.0,https://www.flickr.com/photos/119460142@N04/13070829084
oi_c64aba14a058e9b6.jpg,Open Images V7,train,Shinji,CC BY 2.0,https://www.flickr.com/photos/cinz/45742995
oi_c64ac0172c1631d9.jpg,Open Images V7,val,Tom Booth,CC BY 2.0,https://www.flickr.com/photos/tombooth/1407298410
oi_c65e923beba468f9.jpg,Open Images V7,test,Mathieu Plourde,CC BY 2.0,https://www.flickr.com/photos/mathplourde/3258457122
oi_c6796416032fb934.jpg,Open Images V7,val,Mark Kosinski,CC BY 2.0,https://www.flickr.com/photos/128602916@N07/15522034326
oi_c67c73c4c6d01f57.jpg,Open Images V7,train,Thomas B.,CC BY 2.0,https://www.flickr.com/photos/11310709@N08/15067739215
oi_c67eb26488dc7f70.jpg,Open Images V7,train,Dirlei Dionísio,CC BY 2.0,https://www.flickr.com/photos/dirleidionisio/4175347958
oi_c68912a8d6578eb0.jpg,Open Images V7,test,Christian Jensen,CC BY 2.0,https://www.flickr.com/photos/cs-jay/6903667120
oi_c68ee8f27cf3c46c.jpg,Open Images V7,val,ElPuertoProject,CC BY 2.0,https://www.flickr.com/photos/puertoproject/4478906114/
oi_c69b8502d2fb0566.jpg,Open Images V7,train,NOAA Photo Library,CC BY 2.0,https://www.flickr.com/photos/noaaphotolib/5277847994
oi_c69c7f633df1779a.jpg,Open Images V7,train,lotherington,CC BY 2.0,https://www.flickr.com/photos/lotheringtons/6126415517
oi_c6b8c7c432e31a12.jpg,Open Images V7,train,Sid Mosdell,CC BY 2.0,https://www.flickr.com/photos/sidm/5653366212
oi_c6b99c89c8b45ba7.jpg,Open Images V7,train,Jon DeJong,CC BY 2.0,https://www.flickr.com/photos/jondejong/6670638225/in/album-72157624106258951/
oi_c6cde92364870210.jpg,Open Images V7,train,George Bannister,CC BY 2.0,https://www.flickr.com/photos/drgbb/2165494101
oi_c6cea54bce2426dc.jpg,Open Images V7,train,Michael Bentley,CC BY 2.0,https://www.flickr.com/photos/donhomer/9137944945
oi_c6e1a6145f1fb6f0.jpg,Open Images V7,train,Masahiko OHKUBO,CC BY 2.0,https://www.flickr.com/photos/mah_japan/3820141272
oi_c6e766e2c4d51c38.jpg,Open Images V7,train,Jeff Walker,CC BY 2.0,https://www.flickr.com/photos/nzer/3092026389
oi_c6ffda5590a64c9f.jpg,Open Images V7,train,Bill  Damon,CC BY 2.0,https://www.flickr.com/photos/billdamon/14123473032
oi_c70335507ad8e2f6.jpg,Open Images V7,val,whatleydude,CC BY 2.0,https://www.flickr.com/photos/whatleydude/4612068654
oi_c7067db541153bec.jpg,Open Images V7,val,Biodiversity Heritage Library,CC BY 2.0,https://www.flickr.com/photos/biodivlibrary/6263250181
oi_c70cd6718653688e.jpg,Open Images V7,test,Jared,CC BY 2.0,https://www.flickr.com/photos/jared422/6669031567
oi_c718f69808093ea0.jpg,Open Images V7,test,Elery S.Oxford,CC BY 2.0,https://www.flickr.com/photos/eleryoxford/2944935104
oi_c72a5b7c6302ab73.jpg,Open Images V7,train,_paVan_,CC BY 2.0,https://www.flickr.com/photos/_pavan_/6857829733
oi_c754a23fe3dd229e.jpg,Open Images V7,train,rickpilot_2000,CC BY 2.0,https://www.flickr.com/photos/26531284@N02/7250891488
oi_c75a67c1f8ebfc5a.jpg,Open Images V7,val,Steve Childs,CC BY 2.0,https://www.flickr.com/photos/steve_childs/233610770
oi_c767d51475b81965.jpg,Open Images V7,train,Cliff,CC BY 2.0,https://www.flickr.com/photos/nostri-imago/3420300292
oi_c774f288fecddc99.jpg,Open Images V7,train,Eric Chan,CC BY 2.0,https://www.flickr.com/photos/maveric2003/6571905501/
oi_c790bb0250cceb1e.jpg,Open Images V7,val,lin padgham,CC BY 2.0,https://www.flickr.com/photos/linpadgham/2590007168
oi_c7abcb154e07c878.jpg,Open Images V7,test,Mike Johnston,CC BY 2.0,https://www.flickr.com/photos/mikejsolutions/65889645
oi_c7ad06f69d19f41d.jpg,Open Images V7,test,The Pug Father,CC BY 2.0,https://www.flickr.com/photos/fleur-design/2751750877
oi_c7b85f7b1f4f3565.jpg,Open Images V7,val,Bruce,CC BY 2.0,https://www.flickr.com/photos/67114894@N00/13714072
oi_c7be22201c65795e.jpg,Open Images V7,val,Bugeater,CC BY 2.0,https://www.flickr.com/photos/45778851@N00/179783889
oi_c7c08b28960904b8.jpg,Open Images V7,train,NOAA Photo Library,CC BY 2.0,https://www.flickr.com/photos/noaaphotolib/9717730100
oi_c7c5d93abefc3ef3.jpg,Open Images V7,train,Gideon,CC BY 2.0,https://www.flickr.com/photos/malias/367320579
oi_c7ca12aad5d97713.jpg,Open Images V7,train,SaraYeomans,CC BY 2.0,https://www.flickr.com/photos/yeomans/81224956
oi_c7cebf71bb56b0f4.jpg,Open Images V7,train,Ines Hegedus-Garcia,CC BY 2.0,https://www.flickr.com/photos/miamism/4700923795
oi_c7df4ec66ee2f5a7.jpg,Open Images V7,train,NOAA Photo Library,CC BY 2.0,https://www.flickr.com/photos/noaaphotolib/5187314285
oi_c7e3257e889afa72.jpg,Open Images V7,val,Brian Norwood,CC BY 2.0,https://www.flickr.com/photos/bnorwood/2611187377
oi_c7e59dd1d4157b54.jpg,Open Images V7,test,merec0,CC BY 2.0,https://www.flickr.com/photos/merec0/2368968082
oi_c7eb7abf2921fe36.jpg,Open Images V7,test,nnice,CC BY 2.0,https://www.flickr.com/photos/shao/163953149
oi_c7f23fa0542588e3.jpg,Open Images V7,val,fairuz othman,CC BY 2.0,https://www.flickr.com/photos/mdpai/5686121959
oi_c7ffdc5f69f67596.jpg,Open Images V7,train,SNORKELINGDIVES.COM,CC BY 2.0,https://www.flickr.com/photos/snorkelingdives/6931547356
oi_c8000a98d74dfcf7.jpg,Open Images V7,train,Christopher Michel,CC BY 2.0,https://www.flickr.com/photos/cmichel67/8375350151
oi_c8099bf0315974d8.jpg,Open Images V7,train,Rick McCharles,CC BY 2.0,https://www.flickr.com/photos/rickmccharles/6314272579
oi_c8195971ae7bb885.jpg,Open Images V7,train,shankar s.,CC BY 2.0,https://www.flickr.com/photos/shankaronline/7987426005
oi_c81a481823ad4853.jpg,Open Images V7,train,Travis Juntara,CC BY 2.0,https://www.flickr.com/photos/travisjuntara/7037281145
oi_c83be54d085c9d14.jpg,Open Images V7,train,terren in Virginia,CC BY 2.0,https://www.flickr.com/photos/8136496@N05/4502639676
oi_c84ac086e4334664.jpg,Open Images V7,train,gwaar,CC BY 2.0,https://www.flickr.com/photos/paulsynnott/2641588513
oi_c8655c8bee43a869.jpg,Open Images V7,train,Mark Koester,CC BY 2.0,https://www.flickr.com/photos/markwkoester/14704505687
oi_c8676f16e08b286c.jpg,Open Images V7,val,Ed Bierman,CC BY 2.0,https://www.flickr.com/photos/edbierman/7173632307/
oi_c87a41e3ee40cc34.jpg,Open Images V7,train,SNORKELINGDIVES.COM,CC BY 2.0,https://www.flickr.com/photos/snorkelingdives/6932589716
oi_c87cece4192d1503.jpg,Open Images V7,val,prilfish,CC BY 2.0,https://www.flickr.com/photos/silkebaron/3183957507
oi_c8887c5a003d96e6.jpg,Open Images V7,train,Ethan Ableman,CC BY 2.0,https://www.flickr.com/photos/ethansphotosarecool/449373740
oi_c8c19969f903faf5.jpg,Open Images V7,train,Clinton &amp; Charles Robertson,CC BY 2.0,https://www.flickr.com/photos/dad_and_clint/5590793549
oi_c8c4f8b2437033bc.jpg,Open Images V7,train,Channone Arif,CC BY 2.0,https://www.flickr.com/photos/channone/15099387431
oi_c8c643b629ba0b92.jpg,Open Images V7,train,A.Davey,CC BY 2.0,https://www.flickr.com/photos/adavey/4121979475
oi_c8daaa42cb161af2.jpg,Open Images V7,train,lander2006,CC BY 2.0,https://www.flickr.com/photos/wander2006/567845382
oi_c9022a4007c94c77.jpg,Open Images V7,train,Drew Avery,CC BY 2.0,https://www.flickr.com/photos/33590535@N06/3302245381
oi_c917de5448ebdb75.jpg,Open Images V7,train,NOAA Photo Library,CC BY 2.0,https://www.flickr.com/photos/noaaphotolib/9786980731
oi_c921f8c21b5f9d03.jpg,Open Images V7,train,amanderson2,CC BY 2.0,https://www.flickr.com/photos/amanderson/18826910360
oi_c92734df1138d64e.jpg,Open Images V7,train,rjones0856,CC BY 2.0,https://www.flickr.com/photos/91829349@N00/3164316724
oi_c937f89a09f4b4d9.jpg,Open Images V7,train,NOAA Photo Library,CC BY 2.0,https://www.flickr.com/photos/noaaphotolib/5188105336
oi_c96a4bfdaf08868a.jpg,Open Images V7,test,NOAA Photo Library,CC BY 2.0,https://www.flickr.com/photos/noaaphotolib/14318998877
oi_c96f0bc10ff184dc.jpg,Open Images V7,train,q phia,CC BY 2.0,https://www.flickr.com/photos/q-phia/13570966224
oi_c97fd928760ffc88.jpg,Open Images V7,train,246-You,CC BY 2.0,https://www.flickr.com/photos/fotois/4577750969
oi_c99c33031b8c00ff.jpg,Open Images V7,val,Jamie Hamilton,CC BY 2.0,https://www.flickr.com/photos/eljambere/6284049053
oi_c9a35da199fd8170.jpg,Open Images V7,train,Márcio Cabral de Moura,CC BY 2.0,https://www.flickr.com/photos/mcdemoura/2375990040
oi_c9b47ce4e0f09e05.jpg,Open Images V7,train,Jim G,CC BY 2.0,https://www.flickr.com/photos/jimg944/5085398602
oi_c9c5710cd1f5b75d.jpg,Open Images V7,train,U.S. Fish and Wildlife Service Headquarters,CC BY 2.0,https://www.flickr.com/photos/usfwshq/6316352109
oi_c9c7a09e68f342d6.jpg,Open Images V7,val,Elias Levy,CC BY 2.0,https://www.flickr.com/photos/elevy/14730764168
oi_c9d4345bee04c017.jpg,Open Images V7,train,Jean-Jacques Abalain,CC BY 2.0,https://www.flickr.com/photos/domainededrogant/10026896843
oi_c9d7a64daf7b1714.jpg,Open Images V7,train,Paulo Henrique,CC BY 2.0,https://www.flickr.com/photos/paulohenriquenet/3536138797
oi_c9e39216c839b647.jpg,Open Images V7,train,EvinDC,CC BY 2.0,https://www.flickr.com/photos/evmaroon/6040305521
oi_c9f479d925f99011.jpg,Open Images V7,test,daita saru,CC BY 2.0,https://www.flickr.com/photos/daita/2954048351
oi_c9fa90bb93ff0f54.jpg,Open Images V7,test,Rusty Clark - On the Air M-F 8am-noon,CC BY 2.0,https://www.flickr.com/photos/rusty_clark/6967199722
oi_ca020fafdd584306.jpg,Open Images V7,train,Tammy Lo,CC BY 2.0,https://www.flickr.com/photos/tammylo/8027862704
oi_ca15fa203f9367a4.jpg,Open Images V7,train,Ines Hegedus-Garcia,CC BY 2.0,https://www.flickr.com/photos/miamism/4921042623
oi_ca2156f73b8c8d18.jpg,Open Images V7,train,Kevin Dooley,CC BY 2.0,https://www.flickr.com/photos/pagedooley/6159272860
oi_ca35a0e5329a26be.jpg,Open Images V7,train,FromSandToGlass,CC BY 2.0,https://www.flickr.com/photos/ericabreetoe/5743921962
oi_ca4cde3c449c583c.jpg,Open Images V7,train,barachihuang,CC BY 2.0,https://www.flickr.com/photos/barachi/8841166235
oi_ca4d80f612446bde.jpg,Open Images V7,train,Cambodia4kids.org Beth Kanter,CC BY 2.0,https://www.flickr.com/photos/cambodia4kidsorg/451633400
oi_ca517dcc45c22d0e.jpg,Open Images V7,train,Bill McChesney,CC BY 2.0,https://www.flickr.com/photos/bsabarnowl/3644881578
oi_ca5bba0176bfd5e9.jpg,Open Images V7,val,Lisa Cyr,CC BY 2.0,https://www.flickr.com/photos/borderlys/3096164797
oi_ca644ef6800e868e.jpg,Open Images V7,train,Lars Juhl Jensen,CC BY 2.0,https://www.flickr.com/photos/larsjuhljensen/6371309903
oi_ca790a94ab6da13c.jpg,Open Images V7,train,Biodiversity Heritage Library,CC BY 2.0,https://www.flickr.com/photos/biodivlibrary/7589935650/
oi_ca80e3d6d45ea3b5.jpg,Open Images V7,val,Jer Thorp,CC BY 2.0,https://www.flickr.com/photos/blprnt/14760210002
oi_ca843863955d870f.jpg,Open Images V7,train,Carl Lender,CC BY 2.0,https://www.flickr.com/photos/clender/15633924770
oi_ca97aab7368afa06.jpg,Open Images V7,train,May Michaely,CC BY 2.0,https://www.flickr.com/photos/maymichaely/3127433450
oi_ca9db523a7cf9e32.jpg,Open Images V7,train,Kamillo Kluth,CC BY 2.0,https://www.flickr.com/photos/27330306@N08/4595788779
oi_caa3859612b42675.jpg,Open Images V7,train,prilfish,CC BY 2.0,https://www.flickr.com/photos/silkebaron/296278025
oi_caa53e619ed2b634.jpg,Open Images V7,train,Laurent Lebois ©,CC BY 2.0,https://www.flickr.com/photos/cheloran/3977132221
oi_cabda6a5416758a7.jpg,Open Images V7,test,Serge Melki,CC BY 2.0,https://www.flickr.com/photos/sergemelki/349396567
oi_cad45dbc92197ebe.jpg,Open Images V7,test,Andrew Rusk,CC BY 2.0,https://www.flickr.com/photos/andrewrusk/6638443539
oi_cae099a867df18f1.jpg,Open Images V7,train,Mike Baird,CC BY 2.0,https://www.flickr.com/photos/mikebaird/4842883770
oi_cb05407137810d86.jpg,Open Images V7,train,bwats2,CC BY 2.0,https://www.flickr.com/photos/bwats2/16938370365
oi_cb0c293010478cbd.jpg,Open Images V7,train,israeltourism,CC BY 2.0,https://www.flickr.com/photos/visitisrael/6659119545
oi_cb19efd4982b2a98.jpg,Open Images V7,train,Rinaldo Wurglitsch,CC BY 2.0,https://www.flickr.com/photos/wurglitsch/9422338444
oi_cb24ebb5522503c7.jpg,Open Images V7,train,U.S. Fish and Wildlife Service Northeast Region,CC BY 2.0,https://www.flickr.com/photos/usfwsnortheast/5961318825
oi_cb27e3fe7ea072ac.jpg,Open Images V7,train,shankar s.,CC BY 2.0,https://www.flickr.com/photos/shankaronline/7987447195
oi_cb2c263beb8b46e5.jpg,Open Images V7,train,NatureFramingham,CC BY 2.0,https://www.flickr.com/photos/natureframingham/5016989334
oi_cb3ad8f4eac3fe1d.jpg,Open Images V7,train,Mike Baird,CC BY 2.0,https://www.flickr.com/photos/mikebaird/2838719126
oi_cb4986a84c1daf3a.jpg,Open Images V7,train,NOAA Photo Library,CC BY 2.0,https://www.flickr.com/photos/noaaphotolib/9730770037
oi_cb4f28fe53ed68c2.jpg,Open Images V7,val,Greg Schechter,CC BY 2.0,https://www.flickr.com/photos/gregthebusker/6237072590
oi_cb4fe670e6040708.jpg,Open Images V7,train,Jason King,CC BY 2.0,https://www.flickr.com/photos/42255254@N00/4762250614
oi_cb5f7277e0f3d30e.jpg,Open Images V7,train,Anna  Barnett,CC BY 2.0,https://www.flickr.com/photos/anna-barnett/4329622578
oi_cb60df7fa516b925.jpg,Open Images V7,train,Mike Baird,CC BY 2.0,https://www.flickr.com/photos/mikebaird/4842879030
oi_cb660ec54ca95f29.jpg,Open Images V7,test,Luís Guilherme Fernandes Pereira,CC BY 2.0,https://www.flickr.com/photos/pereira/2086126987
oi_cb858d62c4a8802f.jpg,Open Images V7,val,amanderson2,CC BY 2.0,https://www.flickr.com/photos/amanderson/12673153054
oi_cb8de619ea9ded7f.jpg,Open Images V7,train,James Brooks,CC BY 2.0,https://www.flickr.com/photos/jkbrooks85/14577414807
oi_cb95c34b98036858.jpg,Open Images V7,train,Andy Wright,CC BY 2.0,https://www.flickr.com/photos/rightee/1037711587
oi_cb98c5ed7ecc51e0.jpg,Open Images V7,train,Jeff Kramer,CC BY 2.0,https://www.flickr.com/photos/jeffk/700546044
oi_cbad1fb2e58f8064.jpg,Open Images V7,train,Mills Baker,CC BY 2.0,https://www.flickr.com/photos/millsbaker/4495824361
oi_cbaf807c360d1bd5.jpg,Open Images V7,train,Brian Gratwicke,CC BY 2.0,https://www.flickr.com/photos/briangratwicke/3782290013
oi_cbb19830e0233df4.jpg,Open Images V7,train,mst7022,CC BY 2.0,https://www.flickr.com/photos/michaeltflickrpics/73816952
oi_cbb7794d22a146b4.jpg,Open Images V7,train,rickpilot_2000,CC BY 2.0,https://www.flickr.com/photos/26531284@N02/7250700062
oi_cbbb24b9a0498e41.jpg,Open Images V7,train,NeilsPhotography,CC BY 2.0,https://www.flickr.com/photos/neilspicys/2348939827
oi_cbbfa443a77b94b7.jpg,Open Images V7,train,Chiara,CC BY 2.0,https://www.flickr.com/photos/kiaura/2919053473
oi_cbd1eee943355de1.jpg,Open Images V7,train,Beatrice Murch,CC BY 2.0,https://www.flickr.com/photos/blmurch/315190244
oi_cbdabcfedf33d6e5.jpg,Open Images V7,train,Brent Moore,CC BY 2.0,https://www.flickr.com/photos/brent_nashville/94446100
oi_cbdce66a11682b5e.jpg,Open Images V7,train,Jeremy  Board,CC BY 2.0,https://www.flickr.com/photos/jeremyboard/21559724068
oi_cbe0941e56f05c1d.jpg,Open Images V7,train,Cliff,CC BY 2.0,https://www.flickr.com/photos/nostri-imago/3129876298
oi_cbe6d6c9e365cb46.jpg,Open Images V7,train,Andrea Schaffer,CC BY 2.0,https://www.flickr.com/photos/aschaf/7614142374
oi_cbe971cda1b3dd52.jpg,Open Images V7,train,Alessandro,CC BY 2.0,https://www.flickr.com/photos/obliot/1301320240
oi_cbeae2c9f4bba174.jpg,Open Images V7,train,John,CC BY 2.0,https://www.flickr.com/photos/cygnus921/3347913608/
oi_cbebd9463c7b8e9d.jpg,Open Images V7,train,Joshua Ganderson,CC BY 2.0,https://www.flickr.com/photos/jganderson/8088753077
oi_cbee1c50f4686b28.jpg,Open Images V7,test,Josh Grenier,CC BY 2.0,https://www.flickr.com/photos/jdg32373/8064093001
oi_cbfa1f1a5d0b45fb.jpg,Open Images V7,train,Ratha Grimes,CC BY 2.0,https://www.flickr.com/photos/ratha/8421292461
oi_cc07fb61a44b9c63.jpg,Open Images V7,train,Tim Sheerman-Chase,CC BY 2.0,https://www.flickr.com/photos/tim_uk/2693004817
oi_cc0ce351e040e5b8.jpg,Open Images V7,train,Chris Williamson,CC BY 2.0,https://www.flickr.com/photos/chriswsn/3235967404
oi_cc1dc20475c50d84.jpg,Open Images V7,train,BAD RABBIT INC.,CC BY 2.0,https://www.flickr.com/photos/22847313@N08/2190724795
oi_cc2430faaeda2b12.jpg,Open Images V7,train,Paola Sucato,CC BY 2.0,https://www.flickr.com/photos/ci_polla/8746283727
oi_cc2e42b47ab53b7d.jpg,Open Images V7,train,Jayvee Fernandez,CC BY 2.0,https://www.flickr.com/photos/jayvee/10082578536
oi_cc3645ff34c67bad.jpg,Open Images V7,train,Leszek Leszczynski,CC BY 2.0,https://www.flickr.com/photos/leszekleszczynski/4665425407/
oi_cc3d8e9b47880630.jpg,Open Images V7,train,Drew Avery,CC BY 2.0,https://www.flickr.com/photos/33590535@N06/3505186721
oi_cc4141f806c6873e.jpg,Open Images V7,test,shellac,CC BY 2.0,https://www.flickr.com/photos/pldms/3016992205
oi_cc442b0d7e193ee6.jpg,Open Images V7,train,Ashley,CC BY 2.0,https://www.flickr.com/photos/19669711@N00/2582202739
oi_cc4797aefbb4c973.jpg,Open Images V7,train,GanMed64,CC BY 2.0,https://www.flickr.com/photos/ganmed64/15237828578
oi_cc6d6e9fac372396.jpg,Open Images V7,train,Michael Bentley,CC BY 2.0,https://www.flickr.com/photos/donhomer/15527757732
oi_cc71c31034b6ce1c.jpg,Open Images V7,train,Wicker Paradise,CC BY 2.0,https://www.flickr.com/photos/wicker-furniture/8585500043
oi_cc71f442301894cf.jpg,Open Images V7,test,Scazon,CC BY 2.0,https://www.flickr.com/photos/scazon/3242860776
oi_cc7507cd1ae12025.jpg,Open Images V7,train,Lars Juhl Jensen,CC BY 2.0,https://www.flickr.com/photos/larsjuhljensen/16035635416/
oi_cc79d6bb98e73d2e.jpg,Open Images V7,val,Boris Kasimov,CC BY 2.0,https://www.flickr.com/photos/kasio69/11654867694
oi_cc79d94cf9c56d9c.jpg,Open Images V7,test,Stephanie Sicore,CC BY 2.0,https://www.flickr.com/photos/ssicore/3094306465
oi_cc7a4c531abe3175.jpg,Open Images V7,test,Graham and Sheila,CC BY 2.0,https://www.flickr.com/photos/grahamandsheila/16040661340
oi_cca1b5609ddd2870.jpg,Open Images V7,train,Roger Braunstein,CC BY 2.0,https://www.flickr.com/photos/rogerimp/2944477686
oi_cca3842b19ccda1e.jpg,Open Images V7,train,&gt;littleyiye&lt;,CC BY 2.0,https://www.flickr.com/photos/little_yiye/3484455495
oi_ccaee015cf05dcc5.jpg,Open Images V7,val,Neil McIntosh,CC BY 2.0,https://www.flickr.com/photos/harlequeen/8505177328
oi_ccb01edacfc21cd6.jpg,Open Images V7,train,USFWS - Pacific Region,CC BY 2.0,https://www.flickr.com/photos/usfwspacific/9137490687
oi_ccbb298be93d41e3.jpg,Open Images V7,test,Lyn Gateley,CC BY 2.0,https://www.flickr.com/photos/lyng883/3366544768
oi_ccbe7f9ff7e8d820.jpg,Open Images V7,train,Paul Asman and Jill Lenoble,CC BY 2.0,https://www.flickr.com/photos/pauljill/5822469202
oi_ccd6ed827632e845.jpg,Open Images V7,train,Cambodia4kids.org Beth Kanter,CC BY 2.0,https://www.flickr.com/photos/cambodia4kidsorg/4984221709
oi_ccd9e82330571049.jpg,Open Images V7,val,pululante,CC BY 2.0,https://www.flickr.com/photos/pululante/2088883961
oi_ccdaecd4ca039d50.jpg,Open Images V7,train,Paul Asman and Jill Lenoble,CC BY 2.0,https://www.flickr.com/photos/pauljill/2408522410
oi_ccdb42c6c306a11f.jpg,Open Images V7,train,kuhnmi,CC BY 2.0,https://www.flickr.com/photos/31176607@N05/12877718373
oi_ccfebc1639c8b85c.jpg,Open Images V7,train,Ella&#x27;s Dad,CC BY 2.0,https://www.flickr.com/photos/88996417@N00/353771582
oi_cd09531918aeffa5.jpg,Open Images V7,val,Hernán García Crespo,CC BY 2.0,https://www.flickr.com/photos/subzonica/84565195
oi_cd0cd9915190d120.jpg,Open Images V7,train,Mike Baird,CC BY 2.0,https://www.flickr.com/photos/mikebaird/388491427
oi_cd2ed6f4028519a4.jpg,Open Images V7,train,Brian Gratwicke,CC BY 2.0,https://www.flickr.com/photos/briangratwicke/6316824300
oi_cd31c86e18d4f57b.jpg,Open Images V7,val,shaunjones_72,CC BY 2.0,https://www.flickr.com/photos/29151339@N02/8386177575
oi_cd37426c59eae6c1.jpg,Open Images V7,train,Saltvand,CC BY 2.0,https://www.flickr.com/photos/mados/677181272
oi_cd4420c750ebb833.jpg,Open Images V7,test,Braden Kowitz,CC BY 2.0,https://www.flickr.com/photos/kowitz/220824632
oi_cd449a4105446e6c.jpg,Open Images V7,val,Matt MacGillivray,CC BY 2.0,https://www.flickr.com/photos/qmnonic/4099169497
oi_cd498b2e647ac2a2.jpg,Open Images V7,train,Neil Fantom,CC BY 2.0,https://www.flickr.com/photos/nfantom/13986922012
oi_cd68a33f5100d7ed.jpg,Open Images V7,train,Patrick Feller,CC BY 2.0,https://www.flickr.com/photos/nakrnsm/5196077863
oi_cd6a5d4eda95122d.jpg,Open Images V7,train,Jim G,CC BY 2.0,https://www.flickr.com/photos/jimg944/17795187931
oi_cd6bdfc0550f132d.jpg,Open Images V7,val,Greg Dunlap,CC BY 2.0,https://www.flickr.com/photos/heyrocker/3478729490
oi_cd6ebc23b30c755f.jpg,Open Images V7,test,Virginia State Parks,CC BY 2.0,https://www.flickr.com/photos/vastateparksstaff/8590151123
oi_cd727ef3d7096f1c.jpg,Open Images V7,test,U.S. Fish and Wildlife Service Headquarters,CC BY 2.0,https://www.flickr.com/photos/usfwshq/5794304908
oi_cd81ad79b59cc97e.jpg,Open Images V7,train,Matt Howry,CC BY 2.0,https://www.flickr.com/photos/mhowry/3057559748/
oi_cd865616a9b3a417.jpg,Open Images V7,val,Derek Keats,CC BY 2.0,https://www.flickr.com/photos/dkeats/6369652323
oi_cd93bee9e83677cc.jpg,Open Images V7,val,mene tekel,CC BY 2.0,https://www.flickr.com/photos/menetekel/17998735153
oi_cdb7496be5077228.jpg,Open Images V7,train,Dimitris Siskopoulos,CC BY 2.0,https://www.flickr.com/photos/dimsis/19436356585
oi_cdbda7710f454474.jpg,Open Images V7,test,Paul Asman and Jill Lenoble,CC BY 2.0,https://www.flickr.com/photos/pauljill/5817065488
oi_cdce2a2f135250fc.jpg,Open Images V7,val,Biodiversity Heritage Library,CC BY 2.0,https://www.flickr.com/photos/biodivlibrary/7589942356
oi_cdce42cf17e899db.jpg,Open Images V7,train,fronx,CC BY 2.0,https://www.flickr.com/photos/fronx/2358247076
oi_cde1344a75df996d.jpg,Open Images V7,train,Universallyspeaking,CC BY 2.0,https://www.flickr.com/photos/chopo63/3934308046
oi_cde22919c9a53c54.jpg,Open Images V7,train,Reedz Malik,CC BY 2.0,https://www.flickr.com/photos/anakbrunei/7095015539
oi_cdfaefa6c2951449.jpg,Open Images V7,train,David,CC BY 2.0,https://www.flickr.com/photos/bootbearwdc/3544916817
oi_ce04625fde1861a8.jpg,Open Images V7,train,Mike Baird,CC BY 2.0,https://www.flickr.com/photos/mikebaird/3186775396
oi_ce059516e50910e8.jpg,Open Images V7,train,Moorthy Gounder,CC BY 2.0,https://www.flickr.com/photos/moorthygounder/2228820386
oi_ce1a88975bb940a9.jpg,Open Images V7,val,icelight,CC BY 2.0,https://www.flickr.com/photos/icelight/482758109
oi_ce35d1f04d5d1028.jpg,Open Images V7,train,Carl Lender,CC BY 2.0,https://www.flickr.com/photos/clender/15199332383
oi_ce42eeeaf8f51f8d.jpg,Open Images V7,train,Jean &amp; Nathalie,CC BY 2.0,https://www.flickr.com/photos/jries/516906443
oi_ce45ea3187703f7b.jpg,Open Images V7,test,Isaac Wedin,CC BY 2.0,https://www.flickr.com/photos/izik/15530465174
oi_ce4c35fcab510459.jpg,Open Images V7,train,mlhill06fall12,CC BY 2.0,https://www.flickr.com/photos/mlhill06fall2012/8160457099
oi_ce4d26e14b1ab0fb.jpg,Open Images V7,val,jennalex,CC BY 2.0,https://www.flickr.com/photos/jwajennalex/4370424833
oi_ce4fa764b9dc11bc.jpg,Open Images V7,train,Yuko Hara,CC BY 2.0,https://www.flickr.com/photos/yuko_ppp/2621334764
oi_ce54c1ea6cb22baa.jpg,Open Images V7,train,NOAA Photo Library,CC BY 2.0,https://www.flickr.com/photos/noaaphotolib/5187917856
oi_ce65968f8621fd4b.jpg,Open Images V7,train,Bureau of Land Management Oregon and Washington,CC BY 2.0,https://www.flickr.com/photos/blmoregon/15013456757
oi_ce695afe1d0cce47.jpg,Open Images V7,train,Scott Edmunds,CC BY 2.0,https://www.flickr.com/photos/30557460@N05/14986500567
oi_ce738be5cc1058cd.jpg,Open Images V7,train,Matthew Robinson,CC BY 2.0,https://www.flickr.com/photos/noisecollusion/211453183
oi_ce829e1f7ea9ef58.jpg,Open Images V7,train,thekirbster,CC BY 2.0,https://www.flickr.com/photos/kirbyurner/1023109537
oi_ce970aeabc8e57aa.jpg,Open Images V7,val,slgckgc,CC BY 2.0,https://www.flickr.com/photos/slgc/14296413809
oi_cea37c279f312c25.jpg,Open Images V7,train,NOAA Photo Library,CC BY 2.0,https://www.flickr.com/photos/noaaphotolib/9737320422
oi_ced0d005a6f41eab.jpg,Open Images V7,val,Wim de Jong,CC BY 2.0,https://www.flickr.com/photos/wimdejong/6368373193
oi_ced97e5d15aa6397.jpg,Open Images V7,train,Christopher Michel,CC BY 2.0,https://www.flickr.com/photos/cmichel67/8395757503
oi_cedd8c8ba52c2eef.jpg,Open Images V7,test,Jim G,CC BY 2.0,https://www.flickr.com/photos/jimg944/17264453732
oi_ceec7c641da31b57.jpg,Open Images V7,train,~Beekeeper~,CC BY 2.0,https://www.flickr.com/photos/mypandorasbox/18460471985
oi_ceef69ce7d2dfe3f.jpg,Open Images V7,train,TVZ Design,CC BY 2.0,https://www.flickr.com/photos/sirtrentalot/4280167733
oi_cef3a5df0dedb391.jpg,Open Images V7,train,Allie_Caulfield,CC BY 2.0,https://www.flickr.com/photos/wm_archiv/3171935410
oi_cefbafcced19df7b.jpg,Open Images V7,train,Jerry Kirkhart,CC BY 2.0,https://www.flickr.com/photos/jkirkhart35/2132256087
oi_cf0581b131e3d023.jpg,Open Images V7,train,momo,CC BY 2.0,https://www.flickr.com/photos/kudumomo/2353877383
oi_cf0665411b593abe.jpg,Open Images V7,train,Andrew,CC BY 2.0,https://www.flickr.com/photos/42617794@N00/4888759478/
oi_cf170f6dbfbc9673.jpg,Open Images V7,train,"Eden, Janine and Jim",CC BY 2.0,https://www.flickr.com/photos/edenpictures/3734037588
oi_cf1bc5a234383efb.jpg,Open Images V7,test,hareshd5000,CC BY 2.0,https://www.flickr.com/photos/113550905@N05/15312589767
oi_cf2bffbd67b7a55c.jpg,Open Images V7,train,VnGrijl,CC BY 2.0,https://www.flickr.com/photos/vngrijl/3941748951
oi_cf352c9b39c6b272.jpg,Open Images V7,test,Makuahine Pa&#x27;i Ki&#x27;i,CC BY 2.0,https://www.flickr.com/photos/hawaii-mcgraths/4455966040
oi_cf364a94df561382.jpg,Open Images V7,val,NOAA Photo Library,CC BY 2.0,https://www.flickr.com/photos/noaaphotolib/5019926973
oi_cf427040358fa103.jpg,Open Images V7,train,Thomas Quine,CC BY 2.0,https://www.flickr.com/photos/quinet/11849982073
oi_cf4f90696e9e6ee1.jpg,Open Images V7,train,Graeme Churchard,CC BY 2.0,https://www.flickr.com/photos/graeme/4182340649
oi_cf586fb1031f51c6.jpg,Open Images V7,train,Nick Webb,CC BY 2.0,https://www.flickr.com/photos/nickwebb/4587992971
oi_cf5b04a5429ca3d3.jpg,Open Images V7,train,Ed S. Johovac,CC BY 2.0,https://www.flickr.com/photos/johovac/3239626566
oi_cf5e7e0b49c7fe98.jpg,Open Images V7,val,Beau Giles,CC BY 2.0,https://www.flickr.com/photos/beaugiles/5594267329
oi_cf602f4b5fd0d3f8.jpg,Open Images V7,test,Kamillo Kluth,CC BY 2.0,https://www.flickr.com/photos/27330306@N08/3758819854
oi_cf618dc12563c061.jpg,Open Images V7,train,Mike Baird,CC BY 2.0,https://www.flickr.com/photos/mikebaird/6598970889
oi_cf67d24e9155be9b.jpg,Open Images V7,val,Ron Caswell,CC BY 2.0,https://www.flickr.com/photos/roncasual/5451676214
oi_cf69c26bfbaf4dfe.jpg,Open Images V7,train,Tim Bond,CC BY 2.0,https://www.flickr.com/photos/teambond/11106954
oi_cf6a8f625ec2a907.jpg,Open Images V7,val,James St. John,CC BY 2.0,https://www.flickr.com/photos/jsjgeology/16082655352
oi_cf72425d59f4a028.jpg,Open Images V7,val,Portland Corps,CC BY 2.0,https://www.flickr.com/photos/portlandcorps/5472423344
oi_cf91291e5fc96025.jpg,Open Images V7,train,Robert,CC BY 2.0,https://www.flickr.com/photos/jemimus/14299078682
oi_cf9154083d4bba46.jpg,Open Images V7,train,Chris Connelly,CC BY 2.0,https://www.flickr.com/photos/c_conn/8535871316
oi_cf960eb67e1e6751.jpg,Open Images V7,val,benketaro,CC BY 2.0,https://www.flickr.com/photos/misskei/4289984394
oi_cf98fa022389224b.jpg,Open Images V7,train,John Bäckstrand,CC BY 2.0,https://www.flickr.com/photos/sopues/2576870893
oi_cf9aaef3e637b149.jpg,Open Images V7,train,Derek Keats,CC BY 2.0,https://www.flickr.com/photos/dkeats/5017503043
oi_cfa2ac9383aaf4bb.jpg,Open Images V7,train,lisa bat,CC BY 2.0,https://www.flickr.com/photos/61856099@N00/18867750891
oi_cfa694ce3bb2538c.jpg,Open Images V7,train,Bernard McManus,CC BY 2.0,https://www.flickr.com/photos/80332278@N00/5589681479
oi_cfbf06be98c46bbf.jpg,Open Images V7,train,"felicito rustique, jr.",CC BY 2.0,https://www.flickr.com/photos/rustique/4966660658
oi_cfc9ea2c5032dab5.jpg,Open Images V7,train,Gergely Hideg,CC BY 2.0,https://www.flickr.com/photos/85316082@N03/10888579665
oi_cfdba5d33e07c270.jpg,Open Images V7,train,Ines Hegedus-Garcia,CC BY 2.0,https://www.flickr.com/photos/miamism/3593628807/
oi_cff87587a8e80fc7.jpg,Open Images V7,train,makelessnoise,CC BY 2.0,https://www.flickr.com/photos/makelessnoise/220681313
oi_d01b883d01a26cae.jpg,Open Images V7,train,joaquin uy,CC BY 2.0,https://www.flickr.com/photos/wakxy/689941211
oi_d01e9540fdd0de67.jpg,Open Images V7,train,Barry Dahl,CC BY 2.0,https://www.flickr.com/photos/barrydahl/8686924888
oi_d02fd203c4ad4b22.jpg,Open Images V7,test,Carl Christian Grøndahl,CC BY 2.0,https://www.flickr.com/photos/carlchristian/9516857278
oi_d0314051ac56711e.jpg,Open Images V7,train,Paul Mannix,CC BY 2.0,https://www.flickr.com/photos/paulmannix/552062526
oi_d03e71f6cb497456.jpg,Open Images V7,val,Elias Levy,CC BY 2.0,https://www.flickr.com/photos/elevy/18564735373
oi_d064b28c138ed554.jpg,Open Images V7,train,Allie_Caulfield,CC BY 2.0,https://www.flickr.com/photos/wm_archiv/3171930118
oi_d06adeb9a4f34df6.jpg,Open Images V7,train,Travelbag Ltd,CC BY 2.0,https://www.flickr.com/photos/98585738@N07/9237177313
oi_d08b6eba449a1049.jpg,Open Images V7,train,Doug Wertman,CC BY 2.0,https://www.flickr.com/photos/nanoprobe67/3015765851
oi_d090a87d16d22f01.jpg,Open Images V7,train,sneakerdog,CC BY 2.0,https://www.flickr.com/photos/sneakerdog/3687607816
oi_d09fb05d041f1558.jpg,Open Images V7,train,Mike Baird,CC BY 2.0,https://www.flickr.com/photos/mikebaird/7848628928
oi_d0a50c1a3ee5c45b.jpg,Open Images V7,train,Charles Barilleaux,CC BY 2.0,https://www.flickr.com/photos/bontempscharly/5574314972
oi_d0b239cdf19af741.jpg,Open Images V7,test,The Integer Club,CC BY 2.0,https://www.flickr.com/photos/integer_club/8486710470
oi_d0d61867c4523750.jpg,Open Images V7,test,James St. John,CC BY 2.0,https://www.flickr.com/photos/jsjgeology/15521862832
oi_d0d66f35fed51d40.jpg,Open Images V7,train,cdorobek,CC BY 2.0,https://www.flickr.com/photos/cdorobek/4454157029
oi_d0ed30a1af2b2a0e.jpg,Open Images V7,train,Eric Littman,CC BY 2.0,https://www.flickr.com/photos/130663671@N07/16278881995
oi_d0fda1b653bccad3.jpg,Open Images V7,train,Elma,CC BY 2.0,https://www.flickr.com/photos/24710622@N05/4019312787
oi_d111440978f985de.jpg,Open Images V7,test,Paul Albertella,CC BY 2.0,https://www.flickr.com/photos/paulspace/3337667110
oi_d122dccc45a0311f.jpg,Open Images V7,val,FWC Fish and Wildlife Research Institute,CC BY 2.0,https://www.flickr.com/photos/myfwc/11670912133
oi_d1263c375ecb7a97.jpg,Open Images V7,train,Ruth Hartnup,CC BY 2.0,https://www.flickr.com/photos/ruthanddave/1071911621
oi_d128410f3ae9e1f8.jpg,Open Images V7,train,Samantha Beddoes,CC BY 2.0,https://www.flickr.com/photos/sambeddoes/13040551125
oi_d12c08d38e055ca3.jpg,Open Images V7,val,David Amsler,CC BY 2.0,https://www.flickr.com/photos/amslerpix/17383815242
oi_d12e97f6debecc5e.jpg,Open Images V7,test,Brian Gratwicke,CC BY 2.0,https://www.flickr.com/photos/briangratwicke/7072361197/
oi_d1357a4d519423ae.jpg,Open Images V7,val,Barry Badcock,CC BY 2.0,https://www.flickr.com/photos/barty/16660120586
oi_d1411ca29cc1e057.jpg,Open Images V7,train,Mike Baird,CC BY 2.0,https://www.flickr.com/photos/mikebaird/323625851
oi_d158b9b759aea928.jpg,Open Images V7,val,Alexander Baranov,CC BY 2.0,https://www.flickr.com/photos/alexbaranov/5252510954
oi_d1645a6c7929aa00.jpg,Open Images V7,test,Alan Light,CC BY 2.0,https://www.flickr.com/photos/alan-light/2093521974
oi_d17013784c03770b.jpg,Open Images V7,train,JeffChristiansen,CC BY 2.0,https://www.flickr.com/photos/jeffchristiansen/6840557498
oi_d176905195104488.jpg,Open Images V7,train,Walter,CC BY 2.0,https://www.flickr.com/photos/walterpro/15025906568
oi_d18dd818aba773e0.jpg,Open Images V7,train,Live Zakynthos,CC BY 2.0,https://www.flickr.com/photos/live-zakynthos/4300133049
oi_d19ba6f9bce99c93.jpg,Open Images V7,test,Jon Konrath,CC BY 2.0,https://www.flickr.com/photos/jkonrath/10709911874
oi_d1a1544c1774da9c.jpg,Open Images V7,train,sneakerdog,CC BY 2.0,https://www.flickr.com/photos/sneakerdog/3687561118
oi_d1a2e0e828f6a189.jpg,Open Images V7,val,pravin.premkumar,CC BY 2.0,https://www.flickr.com/photos/pravin8/5107023796/
oi_d1aae40c48360aac.jpg,Open Images V7,val,USFWS - Pacific Region,CC BY 2.0,https://www.flickr.com/photos/usfwspacific/4929168501
oi_d1ad6200884627cf.jpg,Open Images V7,train,Cambodia4kids.org Beth Kanter,CC BY 2.0,https://www.flickr.com/photos/cambodia4kidsorg/4226545637
oi_d1b0c549b2d1c652.jpg,Open Images V7,val,Ricardo Tulio Gandelman,CC BY 2.0,https://www.flickr.com/photos/rictulio/5148167113
oi_d1b633a24495d473.jpg,Open Images V7,train,U.S. Fish and Wildlife Service Headquarters,CC BY 2.0,https://www.flickr.com/photos/usfwshq/5124153256
oi_d1beb39d6e20b71b.jpg,Open Images V7,train,Monsieur Gordon,CC BY 2.0,https://www.flickr.com/photos/monsieurgordon/2553778338
oi_d1caedf99425211b.jpg,Open Images V7,val,MiGowa,CC BY 2.0,https://www.flickr.com/photos/31265723@N04/15421048057/
oi_d1e33b9639b90f26.jpg,Open Images V7,train,Eugene Kim,CC BY 2.0,https://www.flickr.com/photos/eekim/2693301959
oi_d1edbd867e0cc3e0.jpg,Open Images V7,train,Heaven Ice Day,CC BY 2.0,https://www.flickr.com/photos/heaven-ice-day/5415839980
oi_d1f7a1e44af56c29.jpg,Open Images V7,train,Mills Baker,CC BY 2.0,https://www.flickr.com/photos/millsbaker/2384752336/
oi_d202f733e867f340.jpg,Open Images V7,val,randychiu,CC BY 2.0,https://www.flickr.com/photos/randychiu/4310489491/
oi_d20b3661a1af49cd.jpg,Open Images V7,train,Mierdamian Rondana,CC BY 2.0,https://www.flickr.com/photos/larebeliondelostornillos/7833673564
oi_d2489c711f1219de.jpg,Open Images V7,val,Greg Scales,CC BY 2.0,https://www.flickr.com/photos/greg_scales/15288212942
oi_d27ebb53e4208930.jpg,Open Images V7,train,Nektarios Sylligardakis,CC BY 2.0,https://www.flickr.com/photos/nektar/4872734665
oi_d29e4c8f48bf3616.jpg,Open Images V7,train,Tim Regan,CC BY 2.0,https://www.flickr.com/photos/dumbledad/1407777982
oi_d29e6bbd42544ad5.jpg,Open Images V7,train,Sean MacEntee,CC BY 2.0,https://www.flickr.com/photos/smemon/7981072552/
oi_d2a0d630379ca302.jpg,Open Images V7,train,Raquel Abe,CC BY 2.0,https://www.flickr.com/photos/racka/2568129158
oi_d2acaea9754e1aef.jpg,Open Images V7,val,Richard Luney,CC BY 2.0,https://www.flickr.com/photos/88831519@N00/525096917
oi_d2b25b9f40962750.jpg,Open Images V7,train,Colleen Pence,CC BY 2.0,https://www.flickr.com/photos/delaneydiaries/4635741513
oi_d2cf1476fcd12e02.jpg,Open Images V7,train,Marieke IJsendoorn-Kuijpers,CC BY 2.0,https://www.flickr.com/photos/mape_s/352650078
oi_d2e5691de27597dc.jpg,Open Images V7,train,Zoe Shuttleworth,CC BY 2.0,https://www.flickr.com/photos/zoeshuttleworth/5753400459
oi_d2e7ef84ed08607f.jpg,Open Images V7,train,Linda Tanner,CC BY 2.0,https://www.flickr.com/photos/goingslo/17847153872
oi_d2fec1d52dc563c1.jpg,Open Images V7,train,Scott Loarie,CC BY 2.0,https://www.flickr.com/photos/55368994@N06/14915089304
oi_d31167ec809289f6.jpg,Open Images V7,train,Hobie Kayak and Hobie Fishing Pictures,CC BY 2.0,https://www.flickr.com/photos/hobie-kayak-europe/15535690242
oi_d3244e6ff34ae101.jpg,Open Images V7,train,Don Richards,CC BY 2.0,https://www.flickr.com/photos/highlander411/3522522628
oi_d3448bbbb7768940.jpg,Open Images V7,train,Roy Luck,CC BY 2.0,https://www.flickr.com/photos/royluck/5945836225
oi_d3535f656d953d34.jpg,Open Images V7,train,Maria Ly,CC BY 2.0,https://www.flickr.com/photos/mariachily/373068970
oi_d35ce817855f4090.jpg,Open Images V7,train,cdorobek,CC BY 2.0,https://www.flickr.com/photos/cdorobek/4455838479
oi_d35dfa92abd04ef0.jpg,Open Images V7,train,Ethan Ableman,CC BY 2.0,https://www.flickr.com/photos/ethansphotosarecool/3982871859
oi_d36c8c6a7677b897.jpg,Open Images V7,train,Peter C in Toronto Canada,CC BY 2.0,https://www.flickr.com/photos/pchiu/9140638594/
oi_d3940016376a2832.jpg,Open Images V7,train,USFWS - Pacific Region,CC BY 2.0,https://www.flickr.com/photos/usfwspacific/8199857173
oi_d3a877e38c290d52.jpg,Open Images V7,train,"Jim, the Photographer",CC BY 2.0,https://www.flickr.com/photos/jcapaldi/7726997530
oi_d3c032ef6230f768.jpg,Open Images V7,train,ScubaBear68,CC BY 2.0,https://www.flickr.com/photos/22310955@N02/2163643471/
oi_d3de6cf9100118e5.jpg,Open Images V7,test,jagermo,CC BY 2.0,https://www.flickr.com/photos/jagermo/4101347786
oi_d3ee7c7c9cb53397.jpg,Open Images V7,train,rayb777,CC BY 2.0,https://www.flickr.com/photos/rayb777/2268418152
oi_d3f6bff61e0bd04d.jpg,Open Images V7,test,dirvish,CC BY 2.0,https://www.flickr.com/photos/dirvish/10941815
oi_d4088084847c93b3.jpg,Open Images V7,train,Faris Algosaibi,CC BY 2.0,https://www.flickr.com/photos/siraf72/11591123786
oi_d41266d5964dfcef.jpg,Open Images V7,train,Boris Kasimov,CC BY 2.0,https://www.flickr.com/photos/kasio69/12052982466
oi_d4150b905c667b43.jpg,Open Images V7,train,Ed Garcia,CC BY 2.0,https://www.flickr.com/photos/egarc2/467598868
oi_d41641bf517933cc.jpg,Open Images V7,train,Vadim Kurland,CC BY 2.0,https://www.flickr.com/photos/vkurland/182256036
oi_d417d2630b4e407e.jpg,Open Images V7,train,Charlie Stinchcomb,CC BY 2.0,https://www.flickr.com/photos/47000103@N05/6627347283
oi_d419007e2ddbb899.jpg,Open Images V7,train,Jerry,CC BY 2.0,https://www.flickr.com/photos/gorefiendus/2894061614
oi_d41e0a3d6f3e5e4a.jpg,Open Images V7,train,Brian Gratwicke,CC BY 2.0,https://www.flickr.com/photos/briangratwicke/6936589329
oi_d42fecef3b2fe57e.jpg,Open Images V7,train,Barbara  Samuel,CC BY 2.0,https://www.flickr.com/photos/60255232@N00/9132309034
oi_d4349dfd686a5735.jpg,Open Images V7,val,RonAlmog,CC BY 2.0,https://www.flickr.com/photos/ronalmog/295625419
oi_d43a5932af13478e.jpg,Open Images V7,train,julianomarp,CC BY 2.0,https://www.flickr.com/photos/julianomarp/8522378904
oi_d43c39b30cfe3b1f.jpg,Open Images V7,train,Mark Doliner,CC BY 2.0,https://www.flickr.com/photos/markdoliner/15408373250
oi_d442cfbcf3b052df.jpg,Open Images V7,train,sneakerdog,CC BY 2.0,https://www.flickr.com/photos/sneakerdog/3687580182
oi_d44a8b0d34110e07.jpg,Open Images V7,test,Joshua Ganderson,CC BY 2.0,https://www.flickr.com/photos/jganderson/8586750463
oi_d46d8c82490ba7a3.jpg,Open Images V7,test,el_silver,CC BY 2.0,https://www.flickr.com/photos/silvervf/3384593205
oi_d498b56eda8d7c57.jpg,Open Images V7,train,ajari,CC BY 2.0,https://www.flickr.com/photos/ajari/2839593329
oi_d49dedf86a9c3c2b.jpg,Open Images V7,val,JHo105,CC BY 2.0,https://www.flickr.com/photos/jho105/217446784/
oi_d4b9007316e6a27a.jpg,Open Images V7,train,Indri Rizal,CC BY 2.0,https://www.flickr.com/photos/37690672@N08/5832383688
oi_d4bda1c79a99c037.jpg,Open Images V7,test,Subhash Chandra,CC BY 2.0,https://www.flickr.com/photos/ysc/92570125
oi_d4c66f23029a61c3.jpg,Open Images V7,val,Frontierofficial,CC BY 2.0,https://www.flickr.com/photos/frontierofficial/16361232039
oi_d4caa5d3a144bd0b.jpg,Open Images V7,train,Antti T. Nissinen,CC BY 2.0,https://www.flickr.com/photos/veisto/8078281328
oi_d4dd17afaa67142d.jpg,Open Images V7,train,Michael Matuzak,CC BY 2.0,https://www.flickr.com/photos/matuzak/13498999923
oi_d4dd1862ff08e853.jpg,Open Images V7,train,RichardBH,CC BY 2.0,https://www.flickr.com/photos/rbh/5983423388
oi_d4dda00d8ffd50f9.jpg,Open Images V7,val,BobMacInnes,CC BY 2.0,https://www.flickr.com/photos/lonetown/572610065
oi_d4e47c5c60ad78a3.jpg,Open Images V7,train,Tania Saiz,CC BY 2.0,https://www.flickr.com/photos/taniasaiz/4546082685
oi_d4ef1576269c3b4c.jpg,Open Images V7,val,lirumlar,CC BY 2.0,https://www.flickr.com/photos/lirumlar/15936863
oi_d4f5f7a31a1b66a2.jpg,Open Images V7,train,Linus Bohman,CC BY 2.0,https://www.flickr.com/photos/bohman/5987671552
oi_d50c000efa146648.jpg,Open Images V7,train,shankar s.,CC BY 2.0,https://www.flickr.com/photos/shankaronline/8455325076
oi_d52dfaf585bec2f6.jpg,Open Images V7,train,Steve Jurvetson,CC BY 2.0,https://www.flickr.com/photos/jurvetson/106581297
oi_d52f730b0d6605d5.jpg,Open Images V7,val,1950sUnlimited,CC BY 2.0,https://www.flickr.com/photos/blakta2/8505693999
oi_d5314d64c555bfcf.jpg,Open Images V7,train,NOAA Photo Library,CC BY 2.0,https://www.flickr.com/photos/noaaphotolib/5077885937
oi_d54161ba831a7eeb.jpg,Open Images V7,test,Alex Erde,CC BY 2.0,https://www.flickr.com/photos/alexerde/4494414974
oi_d5417b48dcc25807.jpg,Open Images V7,train,Ayca Wilson,CC BY 2.0,https://www.flickr.com/photos/ayca13/8608238432
oi_d56651986c9be93a.jpg,Open Images V7,train,USFWS - Pacific Region,CC BY 2.0,https://www.flickr.com/photos/usfwspacific/6982437485
oi_d566dbf4acea1ff6.jpg,Open Images V7,train,Marc Veraart,CC BY 2.0,https://www.flickr.com/photos/marcveraart/2759620948
oi_d570a7d11722d3b4.jpg,Open Images V7,train,Derek Keats,CC BY 2.0,https://www.flickr.com/photos/dkeats/6363429481
oi_d582ec8ef81fb714.jpg,Open Images V7,train,Christine Rondeau,CC BY 2.0,https://www.flickr.com/photos/crondeau/16111038199
oi_d589ea5a8517ce39.jpg,Open Images V7,train,Ethan Ableman,CC BY 2.0,https://www.flickr.com/photos/ethansphotosarecool/3982874863
oi_d58d71dab1fe59bf.jpg,Open Images V7,train,Celso  Abreu,CC BY 2.0,https://www.flickr.com/photos/celsoabreu/4569442474
oi_d5a9d1fad32c0430.jpg,Open Images V7,val,SilentObserver,CC BY 2.0,https://www.flickr.com/photos/sm/11161593804
oi_d5ac1f08d5f73179.jpg,Open Images V7,train,Derek Keats,CC BY 2.0,https://www.flickr.com/photos/dkeats/6169101651
oi_d5b00ef32b943eb2.jpg,Open Images V7,train,bjoern,CC BY 2.0,https://www.flickr.com/photos/bjoern/3966005022
oi_d5b0979e6a298a61.jpg,Open Images V7,train,Paul Schultz,CC BY 2.0,https://www.flickr.com/photos/pasfam/6814893264
oi_d5be98eaa499ae2b.jpg,Open Images V7,train,Takashi Ota,CC BY 2.0,https://www.flickr.com/photos/takot/6736455185
oi_d5ea48901e5c891c.jpg,Open Images V7,train,Tim Sheerman-Chase,CC BY 2.0,https://www.flickr.com/photos/tim_uk/10069362036
oi_d5ea55ce3475f447.jpg,Open Images V7,train,Barry Dahl,CC BY 2.0,https://www.flickr.com/photos/barrydahl/418764291
oi_d5fe5d99e9dbee7b.jpg,Open Images V7,train,Derek Keats,CC BY 2.0,https://www.flickr.com/photos/dkeats/5297142327
oi_d60133dff30f1310.jpg,Open Images V7,train,Orange County Archives,CC BY 2.0,https://www.flickr.com/photos/ocarchives/12914406524
oi_d601a730aaf4b9e5.jpg,Open Images V7,train,FWC Fish and Wildlife Research Institute,CC BY 2.0,https://www.flickr.com/photos/myfwc/11353542153
oi_d60da78833693637.jpg,Open Images V7,train,Michał Moroz,CC BY 2.0,https://www.flickr.com/photos/smoczatko/4867331999
oi_d6216f9a255d558d.jpg,Open Images V7,train,Brian Jeffery Beggerly,CC BY 2.0,https://www.flickr.com/photos/beggs/8968431603
oi_d62baf9b04f126f4.jpg,Open Images V7,val,Lakshmi Sawitri,CC BY 2.0,https://www.flickr.com/photos/elsaw/3745382411
oi_d634e866f4516a9c.jpg,Open Images V7,train,Mike Baird,CC BY 2.0,https://www.flickr.com/photos/mikebaird/18651387165
oi_d641156d7a83b12b.jpg,Open Images V7,train,lisatozzi,CC BY 2.0,https://www.flickr.com/photos/lisatozzi/4735791580
oi_d64394c395aefdf6.jpg,Open Images V7,train,Xplore Dive,CC BY 2.0,https://www.flickr.com/photos/xploredive/5876061413
oi_d6480f2f693148ee.jpg,Open Images V7,train,Josh Hallett,CC BY 2.0,https://www.flickr.com/photos/hyku/357825869
oi_d6488e147ae75c47.jpg,Open Images V7,train,LASZLO ILYES,CC BY 2.0,https://www.flickr.com/photos/laszlo-photo/5264687251
oi_d664ad0ab0a8f7fe.jpg,Open Images V7,train,Allen McGregor,CC BY 2.0,https://www.flickr.com/photos/allenmcgregor/6924482739
oi_d66fe3c0f7d5a396.jpg,Open Images V7,val,Chris Dorward,CC BY 2.0,https://www.flickr.com/photos/listingslab/127413820
oi_d67198cfa7790656.jpg,Open Images V7,train,Pacific Southwest Region USFWS,CC BY 2.0,https://www.flickr.com/photos/usfws_pacificsw/5258120121
oi_d681ba74a5e37687.jpg,Open Images V7,train,Eggs_11,CC BY 2.0,https://www.flickr.com/photos/62549039@N06/5690196721
oi_d6909216157c58aa.jpg,Open Images V7,train,houroumono,CC BY 2.0,https://www.flickr.com/photos/hourou/8579913100
oi_d694d9beeba7941d.jpg,Open Images V7,train,Fred von Lohmann,CC BY 2.0,https://www.flickr.com/photos/vonlohmann/2115979850
oi_d6a4773eedb4713d.jpg,Open Images V7,val,Christopher Michel,CC BY 2.0,https://www.flickr.com/photos/cmichel67/16241842616
oi_d6ecb487f2af0646.jpg,Open Images V7,test,David,CC BY 2.0,https://www.flickr.com/photos/davidw/2317117699
oi_d7195db633dab010.jpg,Open Images V7,train,Mixy Lorenzo,CC BY 2.0,https://www.flickr.com/photos/ladymixy-uk/14477297695
oi_d725587014c089ea.jpg,Open Images V7,train,Chris Eason,CC BY 2.0,https://www.flickr.com/photos/mister-e/196150577
oi_d732c3a58e791a4e.jpg,Open Images V7,train,Argyleist,CC BY 2.0,https://www.flickr.com/photos/bnimble/820971832
oi_d756bda4ff5bf8f9.jpg,Open Images V7,train,Semio,CC BY 2.0,https://www.flickr.com/photos/30416691@N00/3695903836
oi_d75c3b5986716d76.jpg,Open Images V7,train,Jim G,CC BY 2.0,https://www.flickr.com/photos/jimg944/2848993963
oi_d75ff64a716693b7.jpg,Open Images V7,train,Patty,CC BY 2.0,https://www.flickr.com/photos/pattista/3044284659
oi_d76f6ea7017f4ffe.jpg,Open Images V7,test,Shiny Things,CC BY 2.0,https://www.flickr.com/photos/shinythings/15684326394
oi_d77356b8f83e1767.jpg,Open Images V7,train,A.Davey,CC BY 2.0,https://www.flickr.com/photos/adavey/4222177762
oi_d77e79e37334f9c7.jpg,Open Images V7,train,Charles Barilleaux,CC BY 2.0,https://www.flickr.com/photos/bontempscharly/10800975606
oi_d789b2bb09ca5397.jpg,Open Images V7,train,David Goehring,CC BY 2.0,https://www.flickr.com/photos/carbonnyc/14576131458
oi_d78b03021e44c0fd.jpg,Open Images V7,val,brownpau,CC BY 2.0,https://www.flickr.com/photos/brownpau/4726053877
oi_d797b464fd3a2e73.jpg,Open Images V7,train,NOAA Photo Library,CC BY 2.0,https://www.flickr.com/photos/noaaphotolib/11951845075
oi_d79af488a20b5800.jpg,Open Images V7,test,David Guyler,CC BY 2.0,https://www.flickr.com/photos/daviegee/18534023693
oi_d7a304e29f9139d8.jpg,Open Images V7,train,Carlos Luna,CC BY 2.0,https://www.flickr.com/photos/carlosluna/2787527466
oi_d7a9a2e18fb85eeb.jpg,Open Images V7,train,jim212jim,CC BY 2.0,https://www.flickr.com/photos/syobosyobo/300835734
oi_d7e5ecd67ccb94cd.jpg,Open Images V7,val,Laurent Lebois ©,CC BY 2.0,https://www.flickr.com/photos/cheloran/3981719296
oi_d7eafb8c8ec43c11.jpg,Open Images V7,train,pulaw,CC BY 2.0,https://www.flickr.com/photos/pulaw/14647119000
oi_d7f665d2c7555438.jpg,Open Images V7,train,Michael R Perry,CC BY 2.0,https://www.flickr.com/photos/michaelrperry/16827807552
oi_d7f77a56a028dca8.jpg,Open Images V7,train,kinwart,CC BY 2.0,https://www.flickr.com/photos/lindatrawnik/3781855682
oi_d7ff61d15dd80d29.jpg,Open Images V7,train,Michael Bentley,CC BY 2.0,https://www.flickr.com/photos/donhomer/7130053413
oi_d809dac82bbc96a5.jpg,Open Images V7,train,incidencematrix,CC BY 2.0,https://www.flickr.com/photos/incidencematrix/15739193109
oi_d80daf7c54ae20e3.jpg,Open Images V7,train,Kenny Louie,CC BY 2.0,https://www.flickr.com/photos/kwl/2536145882
oi_d8137cc7b3944f20.jpg,Open Images V7,train,22Lauren,CC BY 2.0,https://www.flickr.com/photos/29074894@N05/3843284356
oi_d8276b3b170b2dbd.jpg,Open Images V7,train,Josh Grenier,CC BY 2.0,https://www.flickr.com/photos/jdg32373/14752401899
oi_d82fb21da21e6fd8.jpg,Open Images V7,test,gailhampshire,CC BY 2.0,https://www.flickr.com/photos/gails_pictures/16792071015
oi_d8455ef8c01a7719.jpg,Open Images V7,train,Brian Gratwicke,CC BY 2.0,https://www.flickr.com/photos/briangratwicke/10338325453
oi_d84b4615d880e87a.jpg,Open Images V7,train,Emran Kassim,CC BY 2.0,https://www.flickr.com/photos/emrank/9026950946
oi_d86b7f5931fbce65.jpg,Open Images V7,val,ronnykolau,CC BY 2.0,https://www.flickr.com/photos/ronnyko/348101515
oi_d870d3233f35a9f0.jpg,Open Images V7,test,Kenneth Lu,CC BY 2.0,https://www.flickr.com/photos/toasty/4439730187
oi_d88d173a3320c274.jpg,Open Images V7,test,Danielle  Pereira,CC BY 2.0,https://www.flickr.com/photos/galeria_miradas/5344211279
oi_d88e5d5781461c1b.jpg,Open Images V7,test,Chris Oakley,CC BY 2.0,https://www.flickr.com/photos/chrisoakley/6043640577
oi_d899d3d9d54cd4b5.jpg,Open Images V7,val,Brian Gratwicke,CC BY 2.0,https://www.flickr.com/photos/briangratwicke/6182408918
oi_d89b24765d3a5bea.jpg,Open Images V7,train,Squirrel Nation,CC BY 2.0,https://www.flickr.com/photos/squirrelnation/15997110173
oi_d8aa5f91de9e5d59.jpg,Open Images V7,train,amanderson2,CC BY 2.0,https://www.flickr.com/photos/amanderson/533595954
oi_d8b23c8f43209056.jpg,Open Images V7,val,Carodean Road Designs,CC BY 2.0,https://www.flickr.com/photos/carodeanroaddesigns/15374732296
oi_d8eaee0dde5ebd43.jpg,Open Images V7,val,Jorge Gobbi,CC BY 2.0,https://www.flickr.com/photos/morrissey/4874010568
oi_d8f2adec1ad2eb50.jpg,Open Images V7,train,Mike Baird,CC BY 2.0,https://www.flickr.com/photos/mikebaird/7848630982
oi_d902f615928aa1d0.jpg,Open Images V7,train,Guyon Morée,CC BY 2.0,https://www.flickr.com/photos/gumuz/2570422468
oi_d9031479b08c96d9.jpg,Open Images V7,train,Rojer,CC BY 2.0,https://www.flickr.com/photos/rojer/4891332067
oi_d91220c99fa8106f.jpg,Open Images V7,val,Brian Gratwicke,CC BY 2.0,https://www.flickr.com/photos/briangratwicke/7108181577
oi_d9205c0eafbd74fa.jpg,Open Images V7,test,Clemens Vasters,CC BY 2.0,https://www.flickr.com/photos/clemensv/17486979191
oi_d92290f6c04dd83b.jpg,Open Images V7,train,Derek Keats,CC BY 2.0,https://www.flickr.com/photos/dkeats/6147784638
oi_d9230adfdb9760e2.jpg,Open Images V7,val,prilfish,CC BY 2.0,https://www.flickr.com/photos/silkebaron/1856464864
oi_d93815d923447d1f.jpg,Open Images V7,train,geopungo,CC BY 2.0,https://www.flickr.com/photos/36319440@N05/4163776554/
oi_d9387b2adc32113d.jpg,Open Images V7,train,Phil Campbell,CC BY 2.0,https://www.flickr.com/photos/clanlife/1732042
oi_d948204fe33c57b6.jpg,Open Images V7,test,NOAA Photo Library,CC BY 2.0,https://www.flickr.com/photos/noaaphotolib/5114130307/
oi_d94d694c79b4545d.jpg,Open Images V7,train,NH53,CC BY 2.0,https://www.flickr.com/photos/nh53/5165308386
oi_d95a2e937dd0dab9.jpg,Open Images V7,val,Eugene Kim,CC BY 2.0,https://www.flickr.com/photos/eekim/8423619650
oi_d95ef9c5f89a6a98.jpg,Open Images V7,train,Scott Akerman,CC BY 2.0,https://www.flickr.com/photos/sterlic/6546795999
oi_d97815f7a3c9aa86.jpg,Open Images V7,test,Tony Hisgett,CC BY 2.0,https://www.flickr.com/photos/hisgett/14956358794
oi_d97c01f0a308dc8a.jpg,Open Images V7,val,Kathy,CC BY 2.0,https://www.flickr.com/photos/44603071@N00/8147772181
oi_d99dbece36a7cae9.jpg,Open Images V7,val,Márcio Cabral de Moura,CC BY 2.0,https://www.flickr.com/photos/mcdemoura/2384297210
oi_d9afa3dd3aaae5b5.jpg,Open Images V7,train,carolineCCB,CC BY 2.0,https://www.flickr.com/photos/carolineccb/3557707306
oi_d9b07ea1286bb663.jpg,Open Images V7,train,Dimitris Siskopoulos,CC BY 2.0,https://www.flickr.com/photos/dimsis/15017116435
oi_d9bb8db3e8eafc78.jpg,Open Images V7,train,Mike Baird,CC BY 2.0,https://www.flickr.com/photos/mikebaird/6764310565
oi_d9c400ad39f505e0.jpg,Open Images V7,train,Anton Nossik,CC BY 2.0,https://www.flickr.com/photos/dolboeb/15969735614
oi_d9c82d4ff91a9029.jpg,Open Images V7,val,Dick Thomas Johnson,CC BY 2.0,https://www.flickr.com/photos/31029865@N06/16831145459
oi_d9d58b1a3569d8f2.jpg,Open Images V7,val,Jerry Kirkhart,CC BY 2.0,https://www.flickr.com/photos/jkirkhart35/8429479278
oi_d9fbb6d43e904ab5.jpg,Open Images V7,test,Blake Handley,CC BY 2.0,https://www.flickr.com/photos/56705607@N00/15452072517
oi_d9fd6ea29f96b8a5.jpg,Open Images V7,val,Nacho,CC BY 2.0,https://www.flickr.com/photos/gonmi/6344001052
oi_da02b8bc5b5b2fa6.jpg,Open Images V7,train,Fred von Lohmann,CC BY 2.0,https://www.flickr.com/photos/vonlohmann/504653839
oi_da20a14481a68122.jpg,Open Images V7,train,sneakerdog,CC BY 2.0,https://www.flickr.com/photos/sneakerdog/3686774177
oi_da31cebcd1747098.jpg,Open Images V7,train,Urban Fly Fisher,CC BY 2.0,https://www.flickr.com/photos/urbanflyfisher/141118771
oi_da343b46a8383d3d.jpg,Open Images V7,train,Richard Peck,CC BY 2.0,https://www.flickr.com/photos/bay47/5505897690
oi_da3a7aa5bf551c3c.jpg,Open Images V7,val,Virginia State Parks,CC BY 2.0,https://www.flickr.com/photos/vastateparksstaff/8263546875
oi_da3b8dc0b28fd8f9.jpg,Open Images V7,train,Larry Koester,CC BY 2.0,https://www.flickr.com/photos/larrywkoester/19404744408
oi_da48d0a522cec41f.jpg,Open Images V7,test,Allie_Caulfield,CC BY 2.0,https://www.flickr.com/photos/wm_archiv/6092202672
oi_da4dc59518a31658.jpg,Open Images V7,test,Jay Galvin,CC BY 2.0,https://www.flickr.com/photos/jaygalvin/5134681683
oi_da52dc2ff41b1607.jpg,Open Images V7,train,psyberartist,CC BY 2.0,https://www.flickr.com/photos/psyberartist/8306358456
oi_da66deab24f55705.jpg,Open Images V7,train,Alex Lomas,CC BY 2.0,https://www.flickr.com/photos/alexlomas/3873836765
oi_da696037728d0ce2.jpg,Open Images V7,val,Alan Becker Capuyá,CC BY 2.0,https://www.flickr.com/photos/alandooz/6867149029
oi_da6a27e654b59ce9.jpg,Open Images V7,train,Wolfgang Vullhorst,CC BY 2.0,https://www.flickr.com/photos/wolfgangv_pb/16540421043
oi_da9293c601cc3ff5.jpg,Open Images V7,val,Takanori Nakanowatari,CC BY 2.0,https://www.flickr.com/photos/ope/45648342/
oi_daacdd97b46667eb.jpg,Open Images V7,train,USFWS - Pacific Region,CC BY 2.0,https://www.flickr.com/photos/usfwspacific/5217805193
oi_dab6c5bb0f472535.jpg,Open Images V7,train,mriggen,CC BY 2.0,https://www.flickr.com/photos/riggenransom/5677870726
oi_dac08199a2eaa527.jpg,Open Images V7,train,Cláudio Franco,CC BY 2.0,https://www.flickr.com/photos/claudiof/2797315323
oi_dac2066a274a1a87.jpg,Open Images V7,val,Davis Doherty,CC BY 2.0,https://www.flickr.com/photos/mnemophobe/549866452
oi_dacfaaf9b5255885.jpg,Open Images V7,train,Nataša Stuper,CC BY 2.0,https://www.flickr.com/photos/natasa_stuper/9460927698
oi_dad49d3c270054f4.jpg,Open Images V7,train,Frédéric Le Quéré,CC BY 2.0,https://www.flickr.com/photos/127383042@N07/15111352045
oi_dad4fc4f7abf39e0.jpg,Open Images V7,train,NOAA Photo Library,CC BY 2.0,https://www.flickr.com/photos/noaaphotolib/5188072676
oi_dad6bc31b82193c9.jpg,Open Images V7,val,Tassos Sakalis,CC BY 2.0,https://www.flickr.com/photos/108161073@N05/14071111552
oi_dae88b4eb8d5fab3.jpg,Open Images V7,train,FWC Fish and Wildlife Research Institute,CC BY 2.0,https://www.flickr.com/photos/myfwc/11354540016
oi_daea122e49597e08.jpg,Open Images V7,train,"Jim, the Photographer",CC BY 2.0,https://www.flickr.com/photos/jcapaldi/6656500233
oi_db1f0091e3c8a964.jpg,Open Images V7,train,Jon Lee Clark,CC BY 2.0,https://www.flickr.com/photos/jon-clark/6271259804
oi_db20040ef017401a.jpg,Open Images V7,train,Christopher Michel,CC BY 2.0,https://www.flickr.com/photos/cmichel67/3731051754
oi_db2cbce200dd5ccc.jpg,Open Images V7,train,Shever,CC BY 2.0,https://www.flickr.com/photos/mattandkim/242333114
oi_db329b76c64aeceb.jpg,Open Images V7,test,Boris Kasimov,CC BY 2.0,https://www.flickr.com/photos/kasio69/11655276366
oi_db32ff1ba338706d.jpg,Open Images V7,train,shrtstck | icnt.mx,CC BY 2.0,https://www.flickr.com/photos/thebigo/113569560
oi_db34863d9089b482.jpg,Open Images V7,test,Dan Mitler,CC BY 2.0,https://www.flickr.com/photos/lifeisadventure/21556485150
oi_db3d2b730b728880.jpg,Open Images V7,train,Tim Buss,CC BY 2.0,https://www.flickr.com/photos/timbuss/9324159124
oi_db584b5601382417.jpg,Open Images V7,train,Ian Rutherford,CC BY 2.0,https://www.flickr.com/photos/28992197@N00/5321268012
oi_db6a99a495e565fa.jpg,Open Images V7,train,Biodiversity Heritage Library,CC BY 2.0,https://www.flickr.com/photos/biodivlibrary/7095982615
oi_db7c3e8572d1582b.jpg,Open Images V7,train,gordon.milligan,CC BY 2.0,https://www.flickr.com/photos/el-milligano/15680598741
oi_db90d8e42142e610.jpg,Open Images V7,val,Alan Cleaver,CC BY 2.0,https://www.flickr.com/photos/alancleaver/2487012099
oi_db96ac136938c5e3.jpg,Open Images V7,train,Yuri Levchenko,CC BY 2.0,https://www.flickr.com/photos/i8ipod/14501674818
oi_db97c86a6942e98d.jpg,Open Images V7,train,gwaar,CC BY 2.0,https://www.flickr.com/photos/paulsynnott/2641623787
oi_db9a9dfc07b03821.jpg,Open Images V7,val,Bugeater,CC BY 2.0,https://www.flickr.com/photos/bugeaters/179788079
oi_db9cd2454ed2daaa.jpg,Open Images V7,train,angela n.,CC BY 2.0,https://www.flickr.com/photos/aon/6273687056
oi_dba0428881cdcace.jpg,Open Images V7,train,James,CC BY 2.0,https://www.flickr.com/photos/jametiks/3620296645
oi_dba21d63a4e5a5da.jpg,Open Images V7,train,prilfish,CC BY 2.0,https://www.flickr.com/photos/silkebaron/924312772
oi_dbc791bf50eab900.jpg,Open Images V7,train,Nan Palmero,CC BY 2.0,https://www.flickr.com/photos/nanpalmero/4637466354
oi_dbd2a5ae2c2c4348.jpg,Open Images V7,train,Peter C in Toronto Canada,CC BY 2.0,https://www.flickr.com/photos/pchiu/3364498232
oi_dbe7e75a76554005.jpg,Open Images V7,train,Jhaymesisviphotography,CC BY 2.0,https://www.flickr.com/photos/jhaymesisvip/6955415062
oi_dbf06b3770b31cd5.jpg,Open Images V7,test,bea &amp; txema,CC BY 2.0,https://www.flickr.com/photos/beatxm/1800612462
oi_dbfa09294f2e59dd.jpg,Open Images V7,train,Elias Levy,CC BY 2.0,https://www.flickr.com/photos/elevy/6997585071
oi_dc15cd863f00a8a2.jpg,Open Images V7,test,oliver.dodd,CC BY 2.0,https://www.flickr.com/photos/oliverdodd/14666286332
oi_dc1a93986b0958ad.jpg,Open Images V7,train,SNORKELINGDIVES.COM,CC BY 2.0,https://www.flickr.com/photos/snorkelingdives/11083996106
oi_dc1d054095b1f2d8.jpg,Open Images V7,train,Amila Tennakoon,CC BY 2.0,https://www.flickr.com/photos/lakpura/15355240609
oi_dc2765f9421cc7e0.jpg,Open Images V7,test,Strange Ones,CC BY 2.0,https://www.flickr.com/photos/strangeones/3456210836
oi_dc30459a869daa67.jpg,Open Images V7,train,Steven Depolo,CC BY 2.0,https://www.flickr.com/photos/stevendepolo/5302214018
oi_dc3ff7c65c5a5d01.jpg,Open Images V7,train,Sarah_Ackerman,CC BY 2.0,https://www.flickr.com/photos/sackerman519/4254998812
oi_dc603eb85cdc8d8e.jpg,Open Images V7,val,City.and.Color,CC BY 2.0,https://www.flickr.com/photos/technicolourcity/10496821963
oi_dc607a2989bdc9dc.jpg,Open Images V7,train,Chika Watanabe,CC BY 2.0,https://www.flickr.com/photos/chikawatanabe/61156685
oi_dc870250fb02e143.jpg,Open Images V7,train,Murtaza Imran Ali,CC BY 2.0,https://www.flickr.com/photos/murtazabravo/1019040640
oi_dc8ae1ca7e452195.jpg,Open Images V7,train,Benjamin Lipsman,CC BY 2.0,https://www.flickr.com/photos/blipsman/2727847743
oi_dc8e64b9dc2e48c7.jpg,Open Images V7,train,Guilhem Vellut,CC BY 2.0,https://www.flickr.com/photos/o_0/9350882789
oi_dc937094a59a1689.jpg,Open Images V7,train,Maret Hosemann,CC BY 2.0,https://www.flickr.com/photos/maret1983/6076946990
oi_dc99c9bc31174545.jpg,Open Images V7,train,Christopher Michel,CC BY 2.0,https://www.flickr.com/photos/cmichel67/3733729454
oi_dc9bf0bf311536de.jpg,Open Images V7,train,Paul Asman and Jill Lenoble,CC BY 2.0,https://www.flickr.com/photos/pauljill/2412819623
oi_dcb7e586e5120fc2.jpg,Open Images V7,train,USFWS Mountain-Prairie,CC BY 2.0,https://www.flickr.com/photos/usfwsmtnprairie/5041752117
oi_dce110c93cf0fbbd.jpg,Open Images V7,val,Charles Nadeau,CC BY 2.0,https://www.flickr.com/photos/chucknado/5525297606
oi_dce82328c5f6ac7f.jpg,Open Images V7,val,Kanko*,CC BY 2.0,https://www.flickr.com/photos/kankan/19941686
oi_dcea74859b391d85.jpg,Open Images V7,test,gwaar,CC BY 2.0,https://www.flickr.com/photos/paulsynnott/2641625483
oi_dcf063e84e1b9ee8.jpg,Open Images V7,train,Daniella Vereeken,CC BY 2.0,https://www.flickr.com/photos/betta-online/1545052349
oi_dcf5060a3db0d4b0.jpg,Open Images V7,train,Göran Höglund (Kartläsarn),CC BY 2.0,https://www.flickr.com/photos/kartlasarn/5474517304
oi_dd0de75d36fbd33a.jpg,Open Images V7,train,Wagner T. Cassimiro &quot;Aranha&quot;,CC BY 2.0,https://www.flickr.com/photos/wagnertc/4800142466
oi_dd1702cbc8666037.jpg,Open Images V7,val,NOAA Photo Library,CC BY 2.0,https://www.flickr.com/photos/noaaphotolib/5187466559
oi_dd1eabceec8e59ac.jpg,Open Images V7,val,Lyn Gateley,CC BY 2.0,https://www.flickr.com/photos/lyng883/3656093940
oi_dd251439a51711c0.jpg,Open Images V7,test,Mike Charest,CC BY 2.0,https://www.flickr.com/photos/mikecharest/16064510351
oi_dd2d4807b43d042e.jpg,Open Images V7,train,Chika Watanabe,CC BY 2.0,https://www.flickr.com/photos/chikawatanabe/61156464
oi_dd2e31b7f915fd11.jpg,Open Images V7,val,~Pawsitive~Candie_N,CC BY 2.0,https://www.flickr.com/photos/scjn/4676686796
oi_dd2ea1f358ebbb62.jpg,Open Images V7,train,Stig Nygaard,CC BY 2.0,https://www.flickr.com/photos/stignygaard/452194276
oi_dd4312263dfbd830.jpg,Open Images V7,train,Bill McChesney,CC BY 2.0,https://www.flickr.com/photos/bsabarnowl/4454770367/
oi_dd4b8c2ded812a81.jpg,Open Images V7,train,Clinton &amp; Charles Robertson,CC BY 2.0,https://www.flickr.com/photos/dad_and_clint/8165831287
oi_dd4ee10434182ad4.jpg,Open Images V7,train,Antti T. Nissinen,CC BY 2.0,https://www.flickr.com/photos/veisto/5053490525
oi_dd521b6733196336.jpg,Open Images V7,train,Wilfred Hdez,CC BY 2.0,https://www.flickr.com/photos/wilfred_hdez/12426045783
oi_dd6162088092ffa6.jpg,Open Images V7,train,Austin Kirk,CC BY 2.0,https://www.flickr.com/photos/aukirk/9140391172
oi_dd6afd6d65eb2372.jpg,Open Images V7,val,Bureau  of Land Management,CC BY 2.0,https://www.flickr.com/photos/mypubliclands/18855175982
oi_dd7677033648b8bc.jpg,Open Images V7,train,Steve Childs,CC BY 2.0,https://www.flickr.com/photos/steve_childs/2654381663
oi_dd7834fd832b3805.jpg,Open Images V7,val,Manuel,CC BY 2.0,https://www.flickr.com/photos/martius/755812313
oi_dda92ef81bc66d05.jpg,Open Images V7,train,Jim G,CC BY 2.0,https://www.flickr.com/photos/jimg944/19581025494
oi_ddb716e901a22e72.jpg,Open Images V7,test,CasalMALY,CC BY 2.0,https://www.flickr.com/photos/casalmaly/3262956829
oi_ddb94cb7908e90e8.jpg,Open Images V7,train,Orin Zebest,CC BY 2.0,https://www.flickr.com/photos/orinrobertjohn/5569090143
oi_dddd04caf377d7e3.jpg,Open Images V7,train,Sam Beebe,CC BY 2.0,https://www.flickr.com/photos/sbeebe/6998644299
oi_ddf00bfec453bf8e.jpg,Open Images V7,train,Thomas Duesing,CC BY 2.0,https://www.flickr.com/photos/tfduesing/6840081722
oi_ddff46861245d58d.jpg,Open Images V7,train,Rennett Stowe,CC BY 2.0,https://www.flickr.com/photos/tomsaint/4405408010
oi_de1568de9f30a1d1.jpg,Open Images V7,train,Heath Alseike,CC BY 2.0,https://www.flickr.com/photos/99624358@N00/21295436562
oi_de1c69d567d387f3.jpg,Open Images V7,train,Roland Siegenthaler,CC BY 2.0,https://www.flickr.com/photos/echtpraktisch/5594189943
oi_de26846ec7be0062.jpg,Open Images V7,val,Naoharu,CC BY 2.0,https://www.flickr.com/photos/s_naoharu/9826812655
oi_de3d722ffe326ed3.jpg,Open Images V7,train,Richard Fisher,CC BY 2.0,https://www.flickr.com/photos/richardfisher/2987295409
oi_de471a0adf1d9ab1.jpg,Open Images V7,test,Michael R Perry,CC BY 2.0,https://www.flickr.com/photos/michaelrperry/16827823421
oi_de495313021579f5.jpg,Open Images V7,test,Fashionby He,CC BY 2.0,https://www.flickr.com/photos/fashionbyhe/8056448919
oi_de581e9ddaba32ea.jpg,Open Images V7,train,Alexandru Panoiu,CC BY 2.0,https://www.flickr.com/photos/alexpanoiu/5177839152
oi_de6122574045dca1.jpg,Open Images V7,train,Wilfred Hdez,CC BY 2.0,https://www.flickr.com/photos/wilfred_hdez/10148955575
oi_de66e2fd2cc87781.jpg,Open Images V7,val,Virginia State Parks,CC BY 2.0,https://www.flickr.com/photos/vastateparksstaff/18845649643
oi_de6e9dfd74fe11dc.jpg,Open Images V7,train,Thomas Shahan,CC BY 2.0,https://www.flickr.com/photos/49580580@N02/14277297281
oi_de87c0a813121ec9.jpg,Open Images V7,train,Lyn Gateley,CC BY 2.0,https://www.flickr.com/photos/lyng883/3655684281
oi_de93f11430812481.jpg,Open Images V7,val,Nunticha J.,CC BY 2.0,https://www.flickr.com/photos/41153370@N03/5316528342
oi_de99e3df2d09833b.jpg,Open Images V7,train,Neville Wootton,CC BY 2.0,https://www.flickr.com/photos/nevillewootton/9361475133
oi_deb4e66f380a0c79.jpg,Open Images V7,train,Joi Ito,CC BY 2.0,https://www.flickr.com/photos/joi/3041941640
oi_debc785db2bcd7d1.jpg,Open Images V7,val,Mike Baird,CC BY 2.0,https://www.flickr.com/photos/mikebaird/514191906
oi_debf8c2711424b6f.jpg,Open Images V7,train,Matt Trollen,CC BY 2.0,https://www.flickr.com/photos/matttrollenphotography/9008095219
oi_dec50e3869ab89d6.jpg,Open Images V7,train,Christopher Czermak,CC BY 2.0,https://www.flickr.com/photos/126951421@N05/14772428698
oi_dee167feecac1389.jpg,Open Images V7,train,icelight,CC BY 2.0,https://www.flickr.com/photos/icelight/104759702
oi_df05c5d8f6ca4a36.jpg,Open Images V7,val,USFWS Mountain-Prairie,CC BY 2.0,https://www.flickr.com/photos/usfwsmtnprairie/14726036305
oi_df0ae6022aebe099.jpg,Open Images V7,val,Steven Depolo,CC BY 2.0,https://www.flickr.com/photos/stevendepolo/6023149800
oi_df223c3690d6934a.jpg,Open Images V7,val,Christopher Michel,CC BY 2.0,https://www.flickr.com/photos/cmichel67/3732928265/
oi_df3995bdf66f0b70.jpg,Open Images V7,train,Brian Gratwicke,CC BY 2.0,https://www.flickr.com/photos/briangratwicke/8438957031
oi_df480d0c4d02ec7b.jpg,Open Images V7,train,Paula J Andrews,CC BY 2.0,https://www.flickr.com/photos/pollybear/19621165966
oi_df5428aa3b8f79fe.jpg,Open Images V7,train,Scazon,CC BY 2.0,https://www.flickr.com/photos/scazon/3242901576
oi_df5a5d6bdefe59a8.jpg,Open Images V7,train,richie graham,CC BY 2.0,https://www.flickr.com/photos/lincolnlog/13928078357
oi_df6b9fa0b577da52.jpg,Open Images V7,train,Sharon Mollerus,CC BY 2.0,https://www.flickr.com/photos/clairity/200215977
oi_df6df498d1bb3fb8.jpg,Open Images V7,train,U.S. Fish and Wildlife Service Headquarters,CC BY 2.0,https://www.flickr.com/photos/usfwshq/5735113070
oi_df988daebf109b86.jpg,Open Images V7,train,atramos,CC BY 2.0,https://www.flickr.com/photos/atramos/8593893045
oi_dfaadb226c10957d.jpg,Open Images V7,train,Viva Iquique weblog / www.vivaiquique.com,CC BY 2.0,https://www.flickr.com/photos/vivaiquique/5739587847
oi_dfc16549d9e10435.jpg,Open Images V7,train,fidber,CC BY 2.0,https://www.flickr.com/photos/metay/13242383073
oi_dfc41907cf043515.jpg,Open Images V7,train,Sara Cirillo,CC BY 2.0,https://www.flickr.com/photos/129952409@N03/16568636522/
oi_dfd136f2528a9dc7.jpg,Open Images V7,train,USFWS Mountain-Prairie,CC BY 2.0,https://flickr.com/51986662@N05/22231475661
oi_dfdd3742ca67f1c0.jpg,Open Images V7,train,sneakerdog,CC BY 2.0,https://www.flickr.com/photos/sneakerdog/3687603082
oi_dfebad9729d4d261.jpg,Open Images V7,train,Whit Andrews,CC BY 2.0,https://www.flickr.com/photos/whita/19264557579
oi_dff53518d75843b6.jpg,Open Images V7,test,Juozas Šalna,CC BY 2.0,https://www.flickr.com/photos/pukomuko/15484192936
oi_dfff4b9138d06a1c.jpg,Open Images V7,train,Anssi Koskinen,CC BY 2.0,https://www.flickr.com/photos/ansik/401689622
oi_e005a5d41ee13077.jpg,Open Images V7,train,Phalinn Ooi,CC BY 2.0,https://www.flickr.com/photos/phalinn/7113091397
oi_e0070887a43ff896.jpg,Open Images V7,train,Morten Skogly,CC BY 2.0,https://www.flickr.com/photos/mskogly/2623668473
oi_e017d2394477d20f.jpg,Open Images V7,train,Janine,CC BY 2.0,https://www.flickr.com/photos/geishabot/2437920839
oi_e0239ca57efd1a12.jpg,Open Images V7,train,Biodiversity Heritage Library,CC BY 2.0,https://www.flickr.com/photos/biodivlibrary/7589935088
oi_e0462d461370701e.jpg,Open Images V7,val,Daniella Vereeken,CC BY 2.0,https://www.flickr.com/photos/betta-online/1544034647
oi_e0488461a152f8d2.jpg,Open Images V7,val,LASZLO ILYES,CC BY 2.0,https://www.flickr.com/photos/laszlo-photo/534120673
oi_e049539eecae19b8.jpg,Open Images V7,train,Emmanuel DYAN,CC BY 2.0,https://www.flickr.com/photos/emmanueldyan/6227899710
oi_e05b1b7ebdf61660.jpg,Open Images V7,train,thierry ehrmann,CC BY 2.0,https://www.flickr.com/photos/home_of_chaos/13924421883
oi_e06d18c4caf9bf19.jpg,Open Images V7,val,Derek Wolfgram,CC BY 2.0,https://www.flickr.com/photos/wolfgrams/9646187293
oi_e06f318866761b6a.jpg,Open Images V7,train,Fiona Bradley,CC BY 2.0,https://www.flickr.com/photos/blisspix/2324032023
oi_e076b90a56c52cb8.jpg,Open Images V7,train,Elizabeth Haslam,CC BY 2.0,https://www.flickr.com/photos/lizhaslam/3187108594
oi_e077d3501971461b.jpg,Open Images V7,train,Calgary Reviews,CC BY 2.0,https://www.flickr.com/photos/calgaryreviews/8505262365
oi_e091e74350f7e09e.jpg,Open Images V7,train,Steve Childs,CC BY 2.0,https://www.flickr.com/photos/steve_childs/359265137
oi_e0ac697a5433adda.jpg,Open Images V7,train,cea +,CC BY 2.0,https://www.flickr.com/photos/centralasian/6722229547
oi_e0baf2e779b76e2d.jpg,Open Images V7,train,VanLap Hoàng,CC BY 2.0,https://www.flickr.com/photos/35334437@N05/15168103544
oi_e0c4fd34190de24e.jpg,Open Images V7,val,Tama Leaver,CC BY 2.0,https://www.flickr.com/photos/tamaleaver/15111584308
oi_e0ef9cfc48bc098b.jpg,Open Images V7,train,Andreas Ahrens,CC BY 2.0,https://www.flickr.com/photos/eiolos/11349935884/
oi_e0f2439088c199f9.jpg,Open Images V7,train,Lyniel Sy,CC BY 2.0,https://www.flickr.com/photos/lynielavasy/8382664401
oi_e0f41bb8855d2134.jpg,Open Images V7,val,Matt Chotin,CC BY 2.0,https://www.flickr.com/photos/mchotin/14455312114
oi_e1059900ac626b02.jpg,Open Images V7,train,Animal Diversity Web,CC BY 2.0,https://www.flickr.com/photos/adwsocial/14723097878
oi_e110b181363ee54b.jpg,Open Images V7,train,CaptainBagpuss,CC BY 2.0,https://www.flickr.com/photos/79245843@N02/7234918494
oi_e13355550d58a611.jpg,Open Images V7,train,Simon Fraser University -  University Communications,CC BY 2.0,https://www.flickr.com/photos/sfupamr/11001849184/
oi_e15487d8ec4a889d.jpg,Open Images V7,train,gordon.milligan,CC BY 2.0,https://www.flickr.com/photos/el-milligano/15680566711
oi_e16247f6366dfa78.jpg,Open Images V7,val,Mike Baird,CC BY 2.0,https://www.flickr.com/photos/mikebaird/9020083377/
oi_e1632b9e1125b8b0.jpg,Open Images V7,train,matthew lee,CC BY 2.0,https://www.flickr.com/photos/findiver/4303877350
oi_e170251226b802a4.jpg,Open Images V7,train,Family O&#x27;Abé,CC BY 2.0,https://www.flickr.com/photos/oabe/15951523644
oi_e17fe61dc6920098.jpg,Open Images V7,train,Mike Baird,CC BY 2.0,https://www.flickr.com/photos/mikebaird/9442146598
oi_e1ab3f9489298d5b.jpg,Open Images V7,val,Daniella Vereeken,CC BY 2.0,https://www.flickr.com/photos/betta-online/1546170772
oi_e1ac8678648314ab.jpg,Open Images V7,val,megan ann,CC BY 2.0,https://www.flickr.com/photos/chainsawpanda/1983517
oi_e1b2226ee6684521.jpg,Open Images V7,train,Christopher Michel,CC BY 2.0,https://www.flickr.com/photos/cmichel67/18425477770
oi_e1b8499c7fe64f0f.jpg,Open Images V7,train,Herb Neufeld,CC BY 2.0,https://www.flickr.com/photos/oggiedog/5992962766
oi_e1bdf7dae6f69fed.jpg,Open Images V7,train,J E Theriot,CC BY 2.0,https://www.flickr.com/photos/jetheriot/3146713881
oi_e1bfeb37212e9016.jpg,Open Images V7,val,ajmexico,CC BY 2.0,https://www.flickr.com/photos/ajmexico/4369480920
oi_e1c3883c8c6752aa.jpg,Open Images V7,train,herval,CC BY 2.0,https://www.flickr.com/photos/herval/275256637
oi_e1c593140ddfa1e6.jpg,Open Images V7,val,HarshLight,CC BY 2.0,https://www.flickr.com/photos/harshlight/5879625845
oi_e1c6db47623b21b9.jpg,Open Images V7,val,Christopher Michel,CC BY 2.0,https://www.flickr.com/photos/cmichel67/8370584572
oi_e1ce2b132b100f1f.jpg,Open Images V7,train,Fernando Dall&#x27;Acqua,CC BY 2.0,https://www.flickr.com/photos/fernando_dallacqua/120442221
oi_e1d7a29fffaccd5d.jpg,Open Images V7,train,U.S. Fish and Wildlife Service Southeast Region,CC BY 2.0,https://www.flickr.com/photos/usfwssoutheast/6215133128
oi_e1eb7944d09b1a13.jpg,Open Images V7,train,sneakerdog,CC BY 2.0,https://www.flickr.com/photos/sneakerdog/2626097413
oi_e1f496d3452b5a21.jpg,Open Images V7,train,Clinton &amp; Charles Robertson,CC BY 2.0,https://www.flickr.com/photos/dad_and_clint/6397597569
oi_e1fa48cce60d0b65.jpg,Open Images V7,train,Soham Banerjee,CC BY 2.0,https://www.flickr.com/photos/soham_pablo/14698951770
oi_e215f72e7c8ad364.jpg,Open Images V7,train,Bugeater,CC BY 2.0,https://www.flickr.com/photos/bugeaters/616078188/in/photolist
oi_e21feda0457b7945.jpg,Open Images V7,train,Wakako Mukohata,CC BY 2.0,https://www.flickr.com/photos/mumuzule/6846268064
oi_e2261d4b49582a80.jpg,Open Images V7,train,FWC Fish and Wildlife Research Institute,CC BY 2.0,https://www.flickr.com/photos/myfwc/11353035474
oi_e22e3c63fb47d62a.jpg,Open Images V7,train,TANAKA Juuyoh (田中十洋),CC BY 2.0,https://www.flickr.com/photos/tanaka_juuyoh/2864493148
oi_e234e5ab57f71018.jpg,Open Images V7,train,candiche,CC BY 2.0,https://www.flickr.com/photos/candiche/299061448
oi_e259ec831e63970d.jpg,Open Images V7,test,Archie,CC BY 2.0,https://www.flickr.com/photos/archier/21238636792
oi_e2601f8521f24f38.jpg,Open Images V7,train,Petra Bensted,CC BY 2.0,https://www.flickr.com/photos/chillmimi/13686215995
oi_e2604fa7f7ad1788.jpg,Open Images V7,val,:mrMark:,CC BY 2.0,https://www.flickr.com/photos/what_i_see/6304098248
oi_e26cb6af3b0fd191.jpg,Open Images V7,train,Illya Kondratyuk,CC BY 2.0,https://www.flickr.com/photos/ilesh/5414207339
oi_e274c4b369f96960.jpg,Open Images V7,train,RTLibrary,CC BY 2.0,https://www.flickr.com/photos/rtlibrary/4819595108
oi_e28b69003f592392.jpg,Open Images V7,val,flowcomm,CC BY 2.0,https://www.flickr.com/photos/flowcomm/15087704621
oi_e297199e9c1e6db3.jpg,Open Images V7,val,Elma,CC BY 2.0,https://www.flickr.com/photos/24710622@N05/3378119368
oi_e2c50439597e83f9.jpg,Open Images V7,test,Felipe Gabaldón,CC BY 2.0,https://www.flickr.com/photos/felipe_gabaldon/5158391492
oi_e2c9f7228fae0ac6.jpg,Open Images V7,train,Leonid Mamchenkov,CC BY 2.0,https://www.flickr.com/photos/mamchenkov/160891599
oi_e2dac3056f8aba7a.jpg,Open Images V7,test,Paul Anderson,CC BY 2.0,https://www.flickr.com/photos/wackyvorlon/3461468700
oi_e2e72007d37e8716.jpg,Open Images V7,val,Makuahine Pa&#x27;i Ki&#x27;i,CC BY 2.0,https://www.flickr.com/photos/hawaii-mcgraths/3699683151
oi_e2f83cddb45e3a8c.jpg,Open Images V7,test,Gautier Poupeau,CC BY 2.0,https://www.flickr.com/photos/lespetitescases/9398293753
oi_e317441714dd766b.jpg,Open Images V7,train,Frédéric Trudeau,CC BY 2.0,https://www.flickr.com/photos/frederic-trudeau/4585480314
oi_e318c65dbbbc7eea.jpg,Open Images V7,train,Tom Booth,CC BY 2.0,https://www.flickr.com/photos/tombooth/405738742
oi_e31b5571745d7365.jpg,Open Images V7,train,Anthony Patterson,CC BY 2.0,https://www.flickr.com/photos/88rabbit/5005258521
oi_e32b21d78ff38b1a.jpg,Open Images V7,train,Christopher Michel,CC BY 2.0,https://www.flickr.com/photos/cmichel67/11278997603
oi_e33001dc65616d5b.jpg,Open Images V7,train,daita saru,CC BY 2.0,https://www.flickr.com/photos/daita/4205910560
oi_e337337f61d9b6f8.jpg,Open Images V7,train,NOAA Photo Library,CC BY 2.0,https://www.flickr.com/photos/noaaphotolib/5015491672
oi_e34b4193930ccf31.jpg,Open Images V7,train,SNORKELINGDIVES.COM,CC BY 2.0,https://www.flickr.com/photos/snorkelingdives/16364510325
oi_e351f05ce2f50b10.jpg,Open Images V7,train,bm.iphone,CC BY 2.0,https://www.flickr.com/photos/bmiphone/16092592270
oi_e356604b5dc5017b.jpg,Open Images V7,train,U.S. Army Environmental Command,CC BY 2.0,https://www.flickr.com/photos/armyenvironmental/2650014187
oi_e35d6381be99e631.jpg,Open Images V7,test,Chief Trent,CC BY 2.0,https://www.flickr.com/photos/texese/148762529
oi_e379793c6bc7689b.jpg,Open Images V7,train,Mike Baird,CC BY 2.0,https://www.flickr.com/photos/mikebaird/13962408469
oi_e383d474eef945e1.jpg,Open Images V7,train,William Warby,CC BY 2.0,https://www.flickr.com/photos/wwarby/9638155319
oi_e392e5eed5def241.jpg,Open Images V7,train,Daniella Vereeken,CC BY 2.0,https://www.flickr.com/photos/betta-online/1559668839
oi_e39b2054a3e02126.jpg,Open Images V7,train,AnEternalGoldenBraid,CC BY 2.0,https://www.flickr.com/photos/thefasterdanish/14117470006
oi_e39bdf46293f5513.jpg,Open Images V7,train,asobi tsuchiya,CC BY 2.0,https://www.flickr.com/photos/asobitsuchiya/4412735245
oi_e3a547949a5d9a77.jpg,Open Images V7,train,June Griffith,CC BY 2.0,https://www.flickr.com/photos/21047858@N03/3537293447
oi_e3b0849f841f7013.jpg,Open Images V7,train,Anita Ritenour,CC BY 2.0,https://www.flickr.com/photos/puliarfanita/18842181251
oi_e3b96364c256872b.jpg,Open Images V7,train,ZeMoufette,CC BY 2.0,https://www.flickr.com/photos/zemoufette/4600154022
oi_e3c662dbb98bd2b2.jpg,Open Images V7,test,Sarah Stierch,CC BY 2.0,https://www.flickr.com/photos/sarahvain/9537975998
oi_e3c74e2224c58c12.jpg,Open Images V7,train,shankar s.,CC BY 2.0,https://www.flickr.com/photos/shankaronline/12340499133
oi_e3dd6e878068b24e.jpg,Open Images V7,train,stef bemba,CC BY 2.0,https://www.flickr.com/photos/110973116@N08/14379769784
oi_e3e01486cd692e63.jpg,Open Images V7,train,Yusuke Kawasaki,CC BY 2.0,https://www.flickr.com/photos/u-suke/4991958206
oi_e3ede2148222e9f0.jpg,Open Images V7,train,prilfish,CC BY 2.0,https://www.flickr.com/photos/silkebaron/14722706444
oi_e414fcefb110521c.jpg,Open Images V7,train,Takashi Ota,CC BY 2.0,https://www.flickr.com/photos/takot/6736477577
oi_e428e2b1702ece57.jpg,Open Images V7,train,Naotake Murayama,CC BY 2.0,https://www.flickr.com/photos/naotakem/115766587
oi_e43933da19e7f377.jpg,Open Images V7,train,Vik-Thor,CC BY 2.0,https://www.flickr.com/photos/vikthor/3413013315/
oi_e439a91d6752331b.jpg,Open Images V7,val,Andrij Bulba,CC BY 2.0,https://www.flickr.com/photos/andrijbulba/2145334278/
oi_e4437b9966237d97.jpg,Open Images V7,test,Matt Howry,CC BY 2.0,https://www.flickr.com/photos/mhowry/3057563338
oi_e44bc2cd314e7634.jpg,Open Images V7,train,CDKNetwork,CC BY 2.0,https://www.flickr.com/photos/52797059@N06/8533043687
oi_e44c3344e0716f57.jpg,Open Images V7,val,Ross Hawkes,CC BY 2.0,https://www.flickr.com/photos/rosshawkes/5549927572
oi_e46d7372f30fb62d.jpg,Open Images V7,train,NOAA Photo Library,CC BY 2.0,https://www.flickr.com/photos/noaaphotolib/9734692685
oi_e47b7f893eccb065.jpg,Open Images V7,train,David Jackmanson,CC BY 2.0,https://www.flickr.com/photos/djackmanson/469556632
oi_e499a507dacf8764.jpg,Open Images V7,val,Michael Bentley,CC BY 2.0,https://www.flickr.com/photos/donhomer/8349897387
oi_e4bd6a9ff85391ca.jpg,Open Images V7,train,Mark Kerr,CC BY 2.0,https://www.flickr.com/photos/sable/13537571605
oi_e4e09826a7952d31.jpg,Open Images V7,train,Jérôme Decq,CC BY 2.0,https://www.flickr.com/photos/lesphotosdejerome/5235161631
oi_e4f54a2cc27d1d7f.jpg,Open Images V7,train,David Shankbone,CC BY 2.0,https://www.flickr.com/photos/shankbone/6860721455
oi_e4fa829980900268.jpg,Open Images V7,train,Anthony Easton,CC BY 2.0,https://www.flickr.com/photos/pinkmoose/16389718896
oi_e51bb808a38dd6f8.jpg,Open Images V7,test,Kentaro Ohno,CC BY 2.0,https://www.flickr.com/photos/inucara/15011830580
oi_e5255b207b3b02f1.jpg,Open Images V7,val,Michael Bentley,CC BY 2.0,https://www.flickr.com/photos/donhomer/6950741685
oi_e5497034bf150fb3.jpg,Open Images V7,test,Scott Loarie,CC BY 2.0,https://www.flickr.com/photos/55368994@N06/5187992784
oi_e54a36cdfcee4404.jpg,Open Images V7,val,John Hedtke,CC BY 2.0,https://www.flickr.com/photos/johnhedtke/10972014613
oi_e558b5f193508c94.jpg,Open Images V7,val,Howard Young,CC BY 2.0,https://www.flickr.com/photos/howardoyoung/4387936924
oi_e5638861730f438d.jpg,Open Images V7,train,Don Henise,CC BY 2.0,https://www.flickr.com/photos/kiskadee_3/14261964429
oi_e567b3cf811ae31d.jpg,Open Images V7,val,Derek Keats,CC BY 2.0,https://www.flickr.com/photos/dkeats/5759230178
oi_e586891533ea12c6.jpg,Open Images V7,train,Charles Barilleaux,CC BY 2.0,https://www.flickr.com/photos/bontempscharly/11669422955
oi_e593d8394540b448.jpg,Open Images V7,train,fdecomite,CC BY 2.0,https://www.flickr.com/photos/fdecomite/2518683985
oi_e5a9a841e7645a88.jpg,Open Images V7,train,Christopher Michel,CC BY 2.0,https://www.flickr.com/photos/cmichel67/15732345930
oi_e5aa3b08f4f1f6da.jpg,Open Images V7,val,Vegan Feast Catering,CC BY 2.0,https://www.flickr.com/photos/veganfeast/4696628034
oi_e5b444a707e38daf.jpg,Open Images V7,train,Hugo A. Quintero G.,CC BY 2.0,https://www.flickr.com/photos/haquintero/4516038083
oi_e5c69aee5c536cea.jpg,Open Images V7,train,Joel Kramer,CC BY 2.0,https://www.flickr.com/photos/75001512@N00/8105601705
oi_e5c755eead474a15.jpg,Open Images V7,train,Gabriel,CC BY 2.0,https://www.flickr.com/photos/cod_gabriel/7905860266
oi_e5c97c0b713b8703.jpg,Open Images V7,train,gwaar,CC BY 2.0,https://www.flickr.com/photos/paulsynnott/2641616509
oi_e5ceea5c5f7b9a77.jpg,Open Images V7,val,Jim G,CC BY 2.0,https://www.flickr.com/photos/jimg944/3793198171
oi_e5d603168bebcb71.jpg,Open Images V7,val,Kayla Kandzorra,CC BY 2.0,https://www.flickr.com/photos/calleephoto/5048975747
oi_e5dec72404fa084e.jpg,Open Images V7,train,Jacob  Spinks,CC BY 2.0,https://www.flickr.com/photos/wildlife_boy1/11671035436/
oi_e5e58a270189beae.jpg,Open Images V7,train,xiquinhosilva,CC BY 2.0,https://www.flickr.com/photos/xiquinho/5142488908
oi_e5ec70195919d216.jpg,Open Images V7,train,Elliott Brown,CC BY 2.0,https://www.flickr.com/photos/ell-r-brown/4683529466
oi_e5f0e9402a17d03e.jpg,Open Images V7,train,A.Davey,CC BY 2.0,https://www.flickr.com/photos/adavey/678749623
oi_e5f35fe597e5ac15.jpg,Open Images V7,train,benketaro,CC BY 2.0,https://www.flickr.com/photos/misskei/4289102647
oi_e5f8ae3d7f9d79c6.jpg,Open Images V7,train,LASZLO ILYES,CC BY 2.0,https://www.flickr.com/photos/laszlo-photo/2058175468
oi_e5f953b39a4257d6.jpg,Open Images V7,train,Bo-Yi Wu,CC BY 2.0,https://www.flickr.com/photos/appleboy/2838384099
oi_e5fabd22ece9a776.jpg,Open Images V7,train,ManoharD,CC BY 2.0,https://www.flickr.com/photos/manohard/3529579291
oi_e607381d353a39ed.jpg,Open Images V7,train,kimba Howard,CC BY 2.0,https://www.flickr.com/photos/kimba/183273285
oi_e612f323c808eaef.jpg,Open Images V7,train,gwaar,CC BY 2.0,https://www.flickr.com/photos/paulsynnott/2834993713
oi_e6377304a15f2d0f.jpg,Open Images V7,train,Tim Sheerman-Chase,CC BY 2.0,https://www.flickr.com/photos/tim_uk/2692982879
oi_e651341cb8c063ac.jpg,Open Images V7,train,HarshLight,CC BY 2.0,https://www.flickr.com/photos/harshlight/4695039555/
oi_e65371a7d170cd9c.jpg,Open Images V7,train,Blatant World,CC BY 2.0,https://www.flickr.com/photos/blatantworld/4149529432
oi_e65b4f1a7d2f60df.jpg,Open Images V7,val,Lwp Kommunikáció,CC BY 2.0,https://www.flickr.com/photos/lwpkommunikacio/14848137084
oi_e662e170871d058d.jpg,Open Images V7,train,jomilo75,CC BY 2.0,https://www.flickr.com/photos/jomilo75/490285977
oi_e664d16453e18f13.jpg,Open Images V7,train,Mike James,CC BY 2.0,https://www.flickr.com/photos/mikijames/24470976/
oi_e66a994402f3b8db.jpg,Open Images V7,train,Paul Reynolds,CC BY 2.0,https://www.flickr.com/photos/bigtallguy/4700846501
oi_e66b70412558c385.jpg,Open Images V7,train,Dave Walker,CC BY 2.0,https://www.flickr.com/photos/ffg/261094554
oi_e67d19a7dbdda7db.jpg,Open Images V7,train,Phil Campbell,CC BY 2.0,https://www.flickr.com/photos/clanlife/1732041
oi_e6a379c8d75373d4.jpg,Open Images V7,train,Vince Smith,CC BY 2.0,https://www.flickr.com/photos/vsmithuk/301515826
oi_e6a4753950217209.jpg,Open Images V7,train,Ali from Riyadh : ),CC BY 2.0,https://www.flickr.com/photos/rainsong/16093361170
oi_e6b2a9318c1e4335.jpg,Open Images V7,val,Richie Johns,CC BY 2.0,https://www.flickr.com/photos/bignavijp/3810975354
oi_e6c154fba2d35854.jpg,Open Images V7,train,NOAA Photo Library,CC BY 2.0,https://www.flickr.com/photos/noaaphotolib/14318817140
oi_e6c530767d852677.jpg,Open Images V7,val,Tripatini,CC BY 2.0,https://www.flickr.com/photos/miamidave/8264298571
oi_e70c981fc9f3f05b.jpg,Open Images V7,train,Ruth Hartnup,CC BY 2.0,https://www.flickr.com/photos/ruthanddave/1151829550
oi_e71c817b7d0cc7a6.jpg,Open Images V7,test,Kentaro Ohno,CC BY 2.0,https://www.flickr.com/photos/inucara/4472067365
oi_e72546268c2e0374.jpg,Open Images V7,test,Peter Corbett,CC BY 2.0,https://www.flickr.com/photos/ptc24/446396857
oi_e7522aba2c4830e1.jpg,Open Images V7,train,CheepShot,CC BY 2.0,https://www.flickr.com/photos/23755697@N04/6243857061
oi_e75b985631f5e381.jpg,Open Images V7,train,SNORKELINGDIVES.COM,CC BY 2.0,https://www.flickr.com/photos/snorkelingdives/15272913493
oi_e75e8ab2208b7127.jpg,Open Images V7,train,*** Fanch The System !!! ***,CC BY 2.0,https://www.flickr.com/photos/manannan_alias_fanch/2834484218
oi_e761ae31ee38d7bd.jpg,Open Images V7,train,Les Haines,CC BY 2.0,https://www.flickr.com/photos/leshaines123/8608604188
oi_e76521dcf7ff594a.jpg,Open Images V7,train,Derek Keats,CC BY 2.0,https://www.flickr.com/photos/dkeats/5732445195
oi_e766c2f2ef9b5afe.jpg,Open Images V7,train,Stefan Evertz,CC BY 2.0,https://www.flickr.com/photos/hirnrinde_de/3143525060
oi_e769725e71d0bcf1.jpg,Open Images V7,test,José María Mateos,CC BY 2.0,https://www.flickr.com/photos/rinzewind/6138892376
oi_e77996f1cca3ffa6.jpg,Open Images V7,train,Jim G,CC BY 2.0,https://www.flickr.com/photos/jimg944/20423663272
oi_e78999c2a2bebdb7.jpg,Open Images V7,train,David Slater,CC BY 2.0,https://www.flickr.com/photos/davrozs/4786982167
oi_e7959c45ebc2789f.jpg,Open Images V7,train,Pedro Lozano,CC BY 2.0,https://www.flickr.com/photos/peterlozano/4878133141
oi_e7993db053056e6a.jpg,Open Images V7,train,Andrea Schaffer,CC BY 2.0,https://www.flickr.com/photos/aschaf/4826668038
oi_e7b1e3fb8d30397c.jpg,Open Images V7,train,Quazie,CC BY 2.0,https://www.flickr.com/photos/quazie/69466687
oi_e7c2489a90104b08.jpg,Open Images V7,train,Scazon,CC BY 2.0,https://www.flickr.com/photos/scazon/3037617378
oi_e7cbcd73f3826dff.jpg,Open Images V7,train,LEONARDO DASILVA,CC BY 2.0,https://www.flickr.com/photos/leonardodasilva/293971718
oi_e7ccb62f428fa616.jpg,Open Images V7,val,Jamie Matos,CC BY 2.0,https://www.flickr.com/photos/128774610@N06/15806842026
oi_e7d1cac4ed4aa3d6.jpg,Open Images V7,test,q phia,CC BY 2.0,https://www.flickr.com/photos/q-phia/13570815864
oi_e7d6769c2de78fc0.jpg,Open Images V7,train,Nathaniel Homier,CC BY 2.0,https://www.flickr.com/photos/purple_mecha/4139509285
oi_e7d989b3e49e39ff.jpg,Open Images V7,val,Marcel &quot;MadJo&quot; de Jong,CC BY 2.0,https://www.flickr.com/photos/madjo/7043283891
oi_e7dd56376be2cf1c.jpg,Open Images V7,train,Jon Rawlinson,CC BY 2.0,https://www.flickr.com/photos/london/3745339342
oi_e7e9038e390fb97a.jpg,Open Images V7,train,Chris Pearson,CC BY 2.0,https://www.flickr.com/photos/chrispearson72/2386118162
oi_e7f5d9b7cfa7177b.jpg,Open Images V7,test,Olivier Dionne,CC BY 2.0,https://www.flickr.com/photos/odionne/17034799596
oi_e7fb6817fb95913a.jpg,Open Images V7,train,Martin Pettitt,CC BY 2.0,https://www.flickr.com/photos/mdpettitt/455605701
oi_e80202461419a1a6.jpg,Open Images V7,train,Daniella Vereeken,CC BY 2.0,https://www.flickr.com/photos/betta-online/1560803513
oi_e804cc863f14707a.jpg,Open Images V7,train,Peter Halling Hilborg,CC BY 2.0,https://www.flickr.com/photos/philborg/8564604254/
oi_e80b50eb80c9ae52.jpg,Open Images V7,val,Dave Smith,CC BY 2.0,https://www.flickr.com/photos/cubwolf/275491402
oi_e8203ada6facd171.jpg,Open Images V7,train,USFWSmidwest,CC BY 2.0,https://www.flickr.com/photos/usfwsmidwest/15144406439
oi_e82416537cb101a2.jpg,Open Images V7,test,Christopher Michel,CC BY 2.0,https://www.flickr.com/photos/cmichel67/42003880
oi_e82458401942e6b6.jpg,Open Images V7,test,Christopher Michel,CC BY 2.0,https://www.flickr.com/photos/cmichel67/12422148723
oi_e829330650b3bf9f.jpg,Open Images V7,train,Stephanie Sicore,CC BY 2.0,https://www.flickr.com/photos/ssicore/3204909231
oi_e83bb97a700e4ea6.jpg,Open Images V7,val,Amila Tennakoon,CC BY 2.0,https://www.flickr.com/photos/lakpura/17661116769
oi_e843b127ae605541.jpg,Open Images V7,train,neekoh.fi,CC BY 2.0,https://www.flickr.com/photos/neekohfi/8683579025
oi_e86155d6d30f40af.jpg,Open Images V7,train,Valdiney Pimenta,CC BY 2.0,https://www.flickr.com/photos/valdiney/3136287049
oi_e872fabfc1f41596.jpg,Open Images V7,train,Nataša Stuper,CC BY 2.0,https://www.flickr.com/photos/natasa_stuper/9132376891
oi_e8936bc0867ecc7c.jpg,Open Images V7,val,Toshinori Kawate,CC BY 2.0,https://www.flickr.com/photos/kawataso/14518859449
oi_e8989103423b09a2.jpg,Open Images V7,train,Toshihiro Gamo,CC BY 2.0,https://www.flickr.com/photos/dakiny/8732995306
oi_e8aff342649c697c.jpg,Open Images V7,train,Joi Ito,CC BY 2.0,https://www.flickr.com/photos/joi/5067355757
oi_e8c038acb605c1a6.jpg,Open Images V7,train,Quasifly,CC BY 2.0,https://www.flickr.com/photos/quasifly/13550481035
oi_e8d36c6559288386.jpg,Open Images V7,val,Brian Gratwicke,CC BY 2.0,https://www.flickr.com/photos/briangratwicke/9477692231
oi_e8d765b6f905455c.jpg,Open Images V7,train,Bering Land Bridge National Preserve,CC BY 2.0,https://www.flickr.com/photos/bering_land_bridge/9511685331
oi_e8d916f79eb99883.jpg,Open Images V7,train,Dallas Krentzel,CC BY 2.0,https://www.flickr.com/photos/31867959@N04/6802024350
oi_e8e2e87978baaf86.jpg,Open Images V7,val,Brian Low,CC BY 2.0,https://www.flickr.com/photos/brianlow/9549348527
oi_e8e4889e5de83217.jpg,Open Images V7,val,Kathy,CC BY 2.0,https://www.flickr.com/photos/44603071@N00/6860972052
oi_e904da752d3cda3e.jpg,Open Images V7,train,Weimar Meneses,CC BY 2.0,https://www.flickr.com/photos/weimar_meneses/11658640695
oi_e907b875167d665c.jpg,Open Images V7,train,Jason Lander,CC BY 2.0,https://www.flickr.com/photos/eyeliam/846879831
oi_e90e2a4e9e262bd4.jpg,Open Images V7,test,Benny Mazur,CC BY 2.0,https://www.flickr.com/photos/benimoto/603813014
oi_e914a02e5fd07192.jpg,Open Images V7,train,Metassus,CC BY 2.0,https://www.flickr.com/photos/metassus/5456013893
oi_e92046d28eb78536.jpg,Open Images V7,train,Per Edin,CC BY 2.0,https://www.flickr.com/photos/peredin/3338637106/
oi_e921b0d45998f9a5.jpg,Open Images V7,train,Deni Williams,CC BY 2.0,https://www.flickr.com/photos/deniwlp84/11539810924
oi_e92a867b513a79e2.jpg,Open Images V7,train,hobvias sudoneighm,CC BY 2.0,https://www.flickr.com/photos/striatic/9639613474
oi_e92b0f022901e180.jpg,Open Images V7,train,Frontierofficial,CC BY 2.0,https://www.flickr.com/photos/frontierofficial/16248870127
oi_e92e075cd3d72e66.jpg,Open Images V7,train,USFWSmidwest,CC BY 2.0,https://www.flickr.com/photos/usfwsmidwest/16212291581
oi_e9483f6346c85174.jpg,Open Images V7,train,Geoff Stearns,CC BY 2.0,https://www.flickr.com/photos/tensafefrogs/3594621541
oi_e94a1b385689500f.jpg,Open Images V7,val,Ratha Grimes,CC BY 2.0,https://www.flickr.com/photos/ratha/18792866145
oi_e94f1cccac79d3ec.jpg,Open Images V7,train,FWC Fish and Wildlife Research Institute,CC BY 2.0,https://www.flickr.com/photos/myfwc/11352979306
oi_e968d41dcb40e532.jpg,Open Images V7,train,cgfoxgrove,CC BY 2.0,https://www.flickr.com/photos/56139366@N05/5195045861
oi_e96f4a1cf6624e01.jpg,Open Images V7,train,rjones0856,CC BY 2.0,https://www.flickr.com/photos/91829349@N00/4625286141
oi_e97eb1003e592347.jpg,Open Images V7,val,Justin Henry,CC BY 2.0,https://www.flickr.com/photos/zappowbang/889941233
oi_e9854dd747d41efb.jpg,Open Images V7,train,Aapo Haapanen,CC BY 2.0,https://www.flickr.com/photos/decade_null/429557815
oi_e98d26a249f34ad0.jpg,Open Images V7,val,Ed Dunens,CC BY 2.0,https://www.flickr.com/photos/blachswan/16047433605
oi_e98d3c364eee11ce.jpg,Open Images V7,train,Christopher Michel,CC BY 2.0,https://www.flickr.com/photos/cmichel67/348736376
oi_e9c791afafc2af75.jpg,Open Images V7,train,William Warby,CC BY 2.0,https://www.flickr.com/photos/wwarby/3302582793
oi_e9c7aee0e1c898c7.jpg,Open Images V7,train,Daniel,CC BY 2.0,https://www.flickr.com/photos/57511216@N04/16193484664
oi_e9ccbb010c0e4035.jpg,Open Images V7,train,David Wilson,CC BY 2.0,https://www.flickr.com/photos/davidwilson1949/16530639462
oi_e9e48f9290ac46de.jpg,Open Images V7,test,Masaru Kamikura,CC BY 2.0,https://www.flickr.com/photos/kamikura/1438352026
oi_e9f0c7b9179309f8.jpg,Open Images V7,val,Ricardo&#x27;s Photography (Thanks to all the fans!!!),CC BY 2.0,https://www.flickr.com/photos/ricardo_mangual/5989922642
oi_e9f17edf4f7b0453.jpg,Open Images V7,train,Ethan Ableman,CC BY 2.0,https://www.flickr.com/photos/ethansphotosarecool/3963329937
oi_ea05ca1daa01c327.jpg,Open Images V7,train,cdorobek,CC BY 2.0,https://www.flickr.com/photos/cdorobek/7874061510/
oi_ea14fc9101e0974b.jpg,Open Images V7,train,Kevin Jones,CC BY 2.0,https://www.flickr.com/photos/kj-an/3584676987
oi_ea17a7a6faa4b678.jpg,Open Images V7,val,Robert Linsdell,CC BY 2.0,https://www.flickr.com/photos/boblinsdell/13492876843
oi_ea20e29b0a6d088d.jpg,Open Images V7,train,Mark Spangler,CC BY 2.0,https://www.flickr.com/photos/111448695@N06/17848380151
oi_ea2425b365dafd3a.jpg,Open Images V7,val,Geoff Stearns,CC BY 2.0,https://www.flickr.com/photos/tensafefrogs/4651117522
oi_ea305a129eeb01f9.jpg,Open Images V7,train,chrisbb@prodigy.net,CC BY 2.0,https://www.flickr.com/photos/chrisbrenschmidt/2240295153
oi_ea45edbd95edb63c.jpg,Open Images V7,val,Robert Nyman,CC BY 2.0,https://www.flickr.com/photos/robertnyman/189601884
oi_ea4aa9452b300e70.jpg,Open Images V7,train,Derek Keats,CC BY 2.0,https://www.flickr.com/photos/dkeats/6325512331
oi_ea617c16154fee49.jpg,Open Images V7,train,Tony Webster,CC BY 2.0,https://www.flickr.com/photos/diversey/17405375231
oi_ea6215515faae699.jpg,Open Images V7,train,Dan Perry,CC BY 2.0,https://www.flickr.com/photos/golf_pictures/5148566443
oi_ea77c99d5fb62964.jpg,Open Images V7,val,BlackburnPhoto,CC BY 2.0,https://www.flickr.com/photos/dobieks/13065212895
oi_ea7a486d5eaae8f7.jpg,Open Images V7,train,t-yuki,CC BY 2.0,https://www.flickr.com/photos/61094114@N05/7176265313
oi_ea813a73cec7d1fb.jpg,Open Images V7,train,Carson,CC BY 2.0,https://www.flickr.com/photos/cveldstra/4587269111
oi_ea87e22457b6bc9f.jpg,Open Images V7,train,Jean &amp; Nathalie,CC BY 2.0,https://www.flickr.com/photos/jries/6702897343
oi_ea93537999ce66a6.jpg,Open Images V7,train,Shinji,CC BY 2.0,https://www.flickr.com/photos/cinz/225208033
oi_ea956b5cd84605b1.jpg,Open Images V7,train,Paul Krawczuk,CC BY 2.0,https://www.flickr.com/photos/krawczuk/9333360211
oi_ea9b23e96427759e.jpg,Open Images V7,train,Erik Charlton,CC BY 2.0,https://www.flickr.com/photos/erikcharlton/3484560893
oi_eaaab0c224940adb.jpg,Open Images V7,train,NOAA Photo Library,CC BY 2.0,https://www.flickr.com/photos/noaaphotolib/5187504501/
oi_eabc62fb07239fb6.jpg,Open Images V7,train,Jim G,CC BY 2.0,https://www.flickr.com/photos/jimg944/4413717831
oi_eabcd56dadb86093.jpg,Open Images V7,train,Paul Mannix,CC BY 2.0,https://www.flickr.com/photos/paulmannix/2633233033
oi_eada13b75695d805.jpg,Open Images V7,train,Lisa Andres,CC BY 2.0,https://www.flickr.com/photos/lilu12323/4591993835
oi_eaf6a469cb92df90.jpg,Open Images V7,train,The Integer Club,CC BY 2.0,https://www.flickr.com/photos/integer_club/8485618957
oi_eb0ec7b26f6fb061.jpg,Open Images V7,train,Leon Pettit,CC BY 2.0,https://www.flickr.com/photos/afroleon90/6972353516
oi_eb100092120d4e9c.jpg,Open Images V7,val,Thomas Ricker,CC BY 2.0,https://www.flickr.com/photos/trixer/8286987262
oi_eb12a232d9d2b384.jpg,Open Images V7,train,goisraelgermany,CC BY 2.0,https://www.flickr.com/photos/goisrael/2652016833
oi_eb1b2d4934faa2a1.jpg,Open Images V7,test,Tim Creque,CC BY 2.0,https://www.flickr.com/photos/timjc513/2632802392
oi_eb24cc6579fb18d8.jpg,Open Images V7,train,David Slater,CC BY 2.0,https://www.flickr.com/photos/davrozs/4760676899
oi_eb2c42ae2f94de00.jpg,Open Images V7,train,Elizabeth Krumbach Joseph,CC BY 2.0,https://www.flickr.com/photos/pleia2/6064012334/
oi_eb33fe8caa5a2471.jpg,Open Images V7,val,Nicola Sfondrini,CC BY 2.0,https://www.flickr.com/photos/sfondrininicola/4676033689
oi_eb3a810babd6298b.jpg,Open Images V7,test,Commodore Gandalf Cunningham,CC BY 2.0,https://www.flickr.com/photos/gandalfcunningham/5295569844
oi_eb42f8768c187112.jpg,Open Images V7,train,Julia Koefender,CC BY 2.0,https://www.flickr.com/photos/juliakoefender/6183948991
oi_eb4dfd62832cf138.jpg,Open Images V7,train,Mark Doliner,CC BY 2.0,https://www.flickr.com/photos/markdoliner/14972217644
oi_eb587b8f618b0397.jpg,Open Images V7,train,Barb Ignatius,CC BY 2.0,https://www.flickr.com/photos/44235769@N03/4401980982
oi_eb5cb5b1125a67a3.jpg,Open Images V7,train,Rob and Stephanie Levy,CC BY 2.0,https://www.flickr.com/photos/robandstephanielevy/321682951
oi_eb6a408327ef6a22.jpg,Open Images V7,val,Christopher Michel,CC BY 2.0,https://www.flickr.com/photos/cmichel67/8390032597
oi_eb75da290e96eb58.jpg,Open Images V7,train,U.S. Fish and Wildlife Service Headquarters,CC BY 2.0,https://www.flickr.com/photos/usfwshq/12438603454
oi_eb783de03f2ada07.jpg,Open Images V7,val,Jon Shave,CC BY 2.0,https://www.flickr.com/photos/shavejonathan/3095518633
oi_eb7b5427b9077904.jpg,Open Images V7,val,sneakerdog,CC BY 2.0,https://www.flickr.com/photos/sneakerdog/2615650991
oi_eb8f826e968dce78.jpg,Open Images V7,train,Joel Henner,CC BY 2.0,https://www.flickr.com/photos/cameravox/1095186833
oi_eb917946273071f7.jpg,Open Images V7,train,Mike Baird,CC BY 2.0,https://www.flickr.com/photos/mikebaird/14169142453
oi_eb9c84f76ba3616e.jpg,Open Images V7,train,Christopher Michel,CC BY 2.0,https://www.flickr.com/photos/cmichel67/11295859683
oi_eb9d8318cd8ac160.jpg,Open Images V7,train,JeffChristiansen,CC BY 2.0,https://www.flickr.com/photos/jeffchristiansen/5959248227
oi_ebd04f85d37b6283.jpg,Open Images V7,val,Patricia Silva,CC BY 2.0,https://www.flickr.com/photos/patophoto/3914517950
oi_ebd31d97938a5f03.jpg,Open Images V7,val,LEONARDO DASILVA,CC BY 2.0,https://www.flickr.com/photos/leonardodasilva/5541082064
oi_ebd41e8b93cdf92e.jpg,Open Images V7,val,Florida Keys--Public Libraries,CC BY 2.0,https://www.flickr.com/photos/keyslibraries/16884385442
oi_ebd5fbf1bdef63d3.jpg,Open Images V7,train,prilfish,CC BY 2.0,https://www.flickr.com/photos/silkebaron/278535694
oi_ebd6da589e2af554.jpg,Open Images V7,val,ilias,CC BY 2.0,https://www.flickr.com/photos/ilias_bzh/12221186825
oi_ebe93880d6704bcf.jpg,Open Images V7,train,Tony Faiola,CC BY 2.0,https://www.flickr.com/photos/tonyfaiola/6897482194
oi_ebe9e81f1f95a415.jpg,Open Images V7,train,Ian Griffiths,CC BY 2.0,https://www.flickr.com/photos/bladeflyer/53264029
oi_ebf05558eca5b7d1.jpg,Open Images V7,train,Jackie,CC BY 2.0,https://www.flickr.com/photos/abbynormy/3502707765
oi_ebf159eba6ce5ab9.jpg,Open Images V7,val,LASZLO ILYES,CC BY 2.0,https://www.flickr.com/photos/laszlo-photo/279752104
oi_ec26287a85ab1ec5.jpg,Open Images V7,train,Ed Bierman,CC BY 2.0,https://www.flickr.com/photos/edbierman/2795417298
oi_ec26b22b7b921fab.jpg,Open Images V7,train,Polar Cruises,CC BY 2.0,https://www.flickr.com/photos/polarphotos/5962602432
oi_ec2997dce34c5d07.jpg,Open Images V7,val,adinaplus,CC BY 2.0,https://www.flickr.com/photos/48726352@N08/8175256648
oi_ec2ffefb6cd8c357.jpg,Open Images V7,test,Smabs Sputzer,CC BY 2.0,https://www.flickr.com/photos/10413717@N08/15054270229
oi_ec4904ef1429f525.jpg,Open Images V7,test,U.S. Fish and Wildlife Service Northeast Region,CC BY 2.0,https://www.flickr.com/photos/usfwsnortheast/6106631982
oi_ec518f21e08a54fc.jpg,Open Images V7,val,Les Chatfield,CC BY 2.0,https://www.flickr.com/photos/elsie/209957873
oi_ec59ef2d3d595cce.jpg,Open Images V7,train,Dimitris Siskopoulos,CC BY 2.0,https://www.flickr.com/photos/dimsis/14539202027
oi_ec68ea7c8a746e85.jpg,Open Images V7,train,Rocky Cardwell,CC BY 2.0,https://www.flickr.com/photos/32275617@N00/5403443900
oi_ec6e81c08e080ce5.jpg,Open Images V7,train,*pascal*,CC BY 2.0,https://www.flickr.com/photos/pascal-blachier/137807714
oi_ec7716767a3845f6.jpg,Open Images V7,val,nyuhuhuu,CC BY 2.0,https://www.flickr.com/photos/nyuhuhuu/9912732413
oi_ec8d5ece88637d35.jpg,Open Images V7,train,Miguel Balles Teros,CC BY 2.0,https://www.flickr.com/photos/faustografia/8793325114
oi_eca8c2c9c8f65f97.jpg,Open Images V7,train,eric.surfdude,CC BY 2.0,https://www.flickr.com/photos/ericsurfdude/322291137
oi_ecb31aee19bf9518.jpg,Open Images V7,train,Derek Keats,CC BY 2.0,https://www.flickr.com/photos/dkeats/6194695879
oi_ecc4cdb8756a8867.jpg,Open Images V7,train,Steve Childs,CC BY 2.0,https://www.flickr.com/photos/steve_childs/234709110
oi_ecc8c078481476ab.jpg,Open Images V7,train,Derek Keats,CC BY 2.0,https://www.flickr.com/photos/dkeats/6674938429
oi_ecf4f7b5466f5531.jpg,Open Images V7,train,jbgeronimi,CC BY 2.0,https://www.flickr.com/photos/jbgeronimi/5274551933
oi_ecf54e2b58167295.jpg,Open Images V7,val,Mark Scott Johnson,CC BY 2.0,https://www.flickr.com/photos/markscottjohnson/6677569843
oi_ecf69b5572936559.jpg,Open Images V7,train,Frontierofficial,CC BY 2.0,https://www.flickr.com/photos/frontierofficial/17143287552
oi_ed200aefc29c289c.jpg,Open Images V7,train,Travelbag Ltd,CC BY 2.0,https://www.flickr.com/photos/98585738@N07/9237194495
oi_ed272fc334097048.jpg,Open Images V7,val,Serge Melki,CC BY 2.0,https://www.flickr.com/photos/sergemelki/4317786058
oi_ed290a72fa2cdc90.jpg,Open Images V7,train,Glen Edelson,CC BY 2.0,https://www.flickr.com/photos/glenirah/6132826029
oi_ed3cbd620fd2b384.jpg,Open Images V7,test,Marc Lacoste,CC BY 2.0,https://www.flickr.com/photos/croco/197887856
oi_ed4dc6ea4f57de62.jpg,Open Images V7,test,Manuel J. Prieto,CC BY 2.0,https://www.flickr.com/photos/vitike/1829132604
oi_ed4f75934dd217e8.jpg,Open Images V7,train,david__jones,CC BY 2.0,https://www.flickr.com/photos/cloudsoup/221456119
oi_ed5af41aeef1d42d.jpg,Open Images V7,val,Andrew Moir,CC BY 2.0,https://www.flickr.com/photos/andrewmoir/117180941
oi_ed6186dff5bd5a26.jpg,Open Images V7,val,THOR,CC BY 2.0,https://www.flickr.com/photos/geishaboy500/4387147748
oi_ed73bc19be1fb22a.jpg,Open Images V7,train,Ross Elliott,CC BY 2.0,https://www.flickr.com/photos/ross_elliott/5727915210
oi_ed7adb60247ac152.jpg,Open Images V7,val,Bob Owen,CC BY 2.0,https://www.flickr.com/photos/bobowen/4325736383
oi_ed8989c20e91ec18.jpg,Open Images V7,train,Andy Blackledge,CC BY 2.0,https://www.flickr.com/photos/hockeyholic/8601626666
oi_edae4905ec854374.jpg,Open Images V7,train,Oskari Kettunen,CC BY 2.0,https://www.flickr.com/photos/aok/289739478
oi_edb2f3b0aebd57d6.jpg,Open Images V7,val,Kerry Wixted,CC BY 2.0,https://www.flickr.com/photos/kwixted0/3736646923
oi_edba4946b5422162.jpg,Open Images V7,train,"PS-OV-ART Patty Sue O&#x27;Hair-Vicknair, Artist",CC BY 2.0,https://www.flickr.com/photos/psovart/2973914438
oi_edc24644365662ef.jpg,Open Images V7,train,Andy Hay,CC BY 2.0,https://www.flickr.com/photos/andyhay/12716797415
oi_edc47b81060ad958.jpg,Open Images V7,train,Thomas Shahan,CC BY 2.0,https://www.flickr.com/photos/49580580@N02/14280626425
oi_edce1c011c57776d.jpg,Open Images V7,train,brett jordan,CC BY 2.0,https://www.flickr.com/photos/x1brett/5605025521
oi_eddee34dd3debaf9.jpg,Open Images V7,val,LG전자,CC BY 2.0,https://www.flickr.com/photos/lge/6115735594
oi_eddf83b1d9ef8f00.jpg,Open Images V7,val,NOAA Photo Library,CC BY 2.0,https://www.flickr.com/photos/noaaphotolib/9714506339
oi_ede3e45eb50dc46f.jpg,Open Images V7,train,Jun Seita,CC BY 2.0,https://www.flickr.com/photos/jseita/16652602636
oi_ede68bea0addae4f.jpg,Open Images V7,train,vpisteve,CC BY 2.0,https://www.flickr.com/photos/polyman/9125957267/
oi_ede95c457368cf77.jpg,Open Images V7,train,Theyoungones1994,CC BY 2.0,https://www.flickr.com/photos/theyoungones/4346379053/in/photostream/
oi_ee02d1116774e56c.jpg,Open Images V7,val,Mike Baird,CC BY 2.0,https://www.flickr.com/photos/mikebaird/11596369293
oi_ee142485c8d58c37.jpg,Open Images V7,train,Jim  Lacy,CC BY 2.0,https://www.flickr.com/photos/jimlacy/6406505955
oi_ee30a84d7a496bbc.jpg,Open Images V7,train,*** Fanch The System !!! ***,CC BY 2.0,https://www.flickr.com/photos/manannan_alias_fanch/2035432235
oi_ee4c823850eb821c.jpg,Open Images V7,train,Maggie,CC BY 2.0,https://www.flickr.com/photos/38494596@N00/462588969
oi_ee56a183d65ca8f6.jpg,Open Images V7,train,Trojan_Llama,CC BY 2.0,https://www.flickr.com/photos/trojanllama/16364946194/
oi_ee622ab0ab2c7d17.jpg,Open Images V7,train,Renee V,CC BY 2.0,https://www.flickr.com/photos/reneeviehmann/844963556/
oi_ee681da471890163.jpg,Open Images V7,train,Port of San Diego,CC BY 2.0,https://www.flickr.com/photos/portofsandiego/4810173490
oi_ee6a89e3c7263337.jpg,Open Images V7,val,Justin Ennis,CC BY 2.0,https://www.flickr.com/photos/averain/7860347948
oi_ee77532818344e81.jpg,Open Images V7,val,Shakib Ahmed,CC BY 2.0,https://www.flickr.com/photos/112374427@N06/16423797686
oi_ee787adebb136a64.jpg,Open Images V7,train,Steve Baty,CC BY 2.0,https://www.flickr.com/photos/stevebaty/3352943626
oi_ee7b21a4a5705dca.jpg,Open Images V7,train,Roberto Venturini,CC BY 2.0,https://www.flickr.com/photos/robven/1847775282
oi_ee8f7e735ec24619.jpg,Open Images V7,train,Kyknoord,CC BY 2.0,https://www.flickr.com/photos/kyknoord/2227691573
oi_eeb1ef010ad823d8.jpg,Open Images V7,train,Clarissa Pacheco,CC BY 2.0,https://www.flickr.com/photos/clarissapacheco/15738144359
oi_eeee781201063ad9.jpg,Open Images V7,test,Jeff Djevdet,CC BY 2.0,https://www.flickr.com/photos/jeffdjevdet/16003925582
oi_eeeea46ee732a413.jpg,Open Images V7,train,Tammy Lo,CC BY 2.0,https://www.flickr.com/photos/tammylo/8027935830
oi_eeef504550417344.jpg,Open Images V7,train,Christopher Michel,CC BY 2.0,https://www.flickr.com/photos/cmichel67/14557443732
oi_ef184b0fb954aad6.jpg,Open Images V7,train,EvinDC,CC BY 2.0,https://www.flickr.com/photos/evmaroon/6040853186
oi_ef2f594a4a4c19c4.jpg,Open Images V7,train,Arian Zwegers,CC BY 2.0,https://www.flickr.com/photos/azwegers/6918166357
oi_ef479130edb8f1be.jpg,Open Images V7,val,Elias Levy,CC BY 2.0,https://www.flickr.com/photos/elevy/14917037882
oi_ef4a0d60192428c1.jpg,Open Images V7,val,Ricky Wright,CC BY 2.0,https://www.flickr.com/photos/opt1mus76/5755396284
oi_ef52de25e8ed3e6a.jpg,Open Images V7,val,Pedro Lozano,CC BY 2.0,https://www.flickr.com/photos/peterlozano/4878133961
oi_ef5374c645468359.jpg,Open Images V7,train,kent williams,CC BY 2.0,https://www.flickr.com/photos/chaircrusher/6788770864
oi_ef572777d7bfa0cb.jpg,Open Images V7,train,FWC Fish and Wildlife Research Institute,CC BY 2.0,https://www.flickr.com/photos/myfwc/11971406766
oi_ef580d3a914451e7.jpg,Open Images V7,val,Serge Melki,CC BY 2.0,https://www.flickr.com/photos/sergemelki/2657942214
oi_ef6256da2424395f.jpg,Open Images V7,train,Zuzanna Neziri,CC BY 2.0,https://www.flickr.com/photos/suzi071/6238853632
oi_ef789f1046cd6ea0.jpg,Open Images V7,val,Roderick Eime,CC BY 2.0,https://www.flickr.com/photos/rodeime/8714575195
oi_ef81779a92bf86c5.jpg,Open Images V7,train,docentjoyce,CC BY 2.0,https://www.flickr.com/photos/docentjoyce/5233463968
oi_ef859a4f7f8165da.jpg,Open Images V7,train,Daniel Pink,CC BY 2.0,https://www.flickr.com/photos/danielpink/3195773905
oi_ef94b34ca00c7d64.jpg,Open Images V7,val,Sebastián Rebolledo,CC BY 2.0,https://www.flickr.com/photos/30673183@N06/8006914280
oi_ef9f3ca2d0702540.jpg,Open Images V7,train,GeniusDevil,CC BY 2.0,https://www.flickr.com/photos/geniusdevil/8708893189
oi_efa2b5fb814fff87.jpg,Open Images V7,train,NOAA Photo Library,CC BY 2.0,https://www.flickr.com/photos/noaaphotolib/5078480248
oi_efad8d9de55088ad.jpg,Open Images V7,train,Wonderlane,CC BY 2.0,https://www.flickr.com/photos/wonderlane/3613561239
oi_efb38f86b248c9c7.jpg,Open Images V7,train,Joe McKenna,CC BY 2.0,https://www.flickr.com/photos/jpmckenna/4418375144
oi_efc911a75282651d.jpg,Open Images V7,train,WalkingGeek,CC BY 2.0,https://www.flickr.com/photos/wengs/48806995
oi_efcbc278066420c5.jpg,Open Images V7,train,flowcomm,CC BY 2.0,https://www.flickr.com/photos/flowcomm/4486342486
oi_efefa5a867f126f5.jpg,Open Images V7,train,jayhem,CC BY 2.0,https://www.flickr.com/photos/jayhem/441278924
oi_f00555bd0eda3cb3.jpg,Open Images V7,test,john,CC BY 2.0,https://www.flickr.com/photos/jsolomon/477596792
oi_f02715d4ad92b049.jpg,Open Images V7,train,Ronald Eliassen Hole,CC BY 2.0,https://www.flickr.com/photos/ehole/4389366087
oi_f0682f276e3cf26d.jpg,Open Images V7,train,Jim G,CC BY 2.0,https://www.flickr.com/photos/jimg944/8543134208
oi_f075a721b2e6da24.jpg,Open Images V7,train,brownpau,CC BY 2.0,https://www.flickr.com/photos/brownpau/8154478417
oi_f0775915c6cb3c9a.jpg,Open Images V7,val,Lisa Williams,CC BY 2.0,https://www.flickr.com/photos/pixellou/10663679114
oi_f0778f603849d2b6.jpg,Open Images V7,val,gwaar,CC BY 2.0,https://www.flickr.com/photos/paulsynnott/2834994309
oi_f08258d8743897af.jpg,Open Images V7,val,LEONARDO DASILVA,CC BY 2.0,https://www.flickr.com/photos/leonardodasilva/364542772
oi_f090ddeb957c7611.jpg,Open Images V7,train,Charles Barilleaux,CC BY 2.0,https://www.flickr.com/photos/bontempscharly/10800998986/
oi_f0a2ae5f92a4cf87.jpg,Open Images V7,train,Grant Montgomery,CC BY 2.0,https://www.flickr.com/photos/grantloy/11149301796
oi_f0a80edddb30621a.jpg,Open Images V7,train,Travis Isaacs,CC BY 2.0,https://www.flickr.com/photos/tbisaacs/5317016417
oi_f0b35e0ffb642406.jpg,Open Images V7,test,KateMonkey,CC BY 2.0,https://www.flickr.com/photos/katemonkey/4012107057
oi_f0d4ae98b4ba4d04.jpg,Open Images V7,train,Wonderlane,CC BY 2.0,https://www.flickr.com/photos/wonderlane/3541176311
oi_f0e21fc75d0edf5f.jpg,Open Images V7,train,Viva Iquique weblog / www.vivaiquique.com,CC BY 2.0,https://www.flickr.com/photos/vivaiquique/5740090834
oi_f0f32a7fea574733.jpg,Open Images V7,train,eyspahn,CC BY 2.0,https://www.flickr.com/photos/mystereys/20991261
oi_f0f8fc67cb28e646.jpg,Open Images V7,test,Karoly Lorentey,CC BY 2.0,https://www.flickr.com/photos/lorentey/59037673
oi_f0f9fec9bc2aa64e.jpg,Open Images V7,val,Rob and Stephanie Levy,CC BY 2.0,https://www.flickr.com/photos/robandstephanielevy/2835890132
oi_f0ff11e19f51a213.jpg,Open Images V7,train,prilfish,CC BY 2.0,https://www.flickr.com/photos/silkebaron/11286341916
oi_f10eee4e81d2f1e6.jpg,Open Images V7,val,Blowing Puffer Fish,CC BY 2.0,https://www.flickr.com/photos/changyisheng/18349813963
oi_f11190eec6befb5a.jpg,Open Images V7,val,_sarchi,CC BY 2.0,https://www.flickr.com/photos/sarchi/206505494
oi_f122808d0191d792.jpg,Open Images V7,test,Clinton &amp; Charles Robertson,CC BY 2.0,https://www.flickr.com/photos/dad_and_clint/5806474023
oi_f13fb5fb8e372afc.jpg,Open Images V7,train,DuDu Sam,CC BY 2.0,https://www.flickr.com/photos/31236213@N05/4712554711
oi_f149d1c0b87cfbee.jpg,Open Images V7,train,whiterabbitart,CC BY 2.0,https://www.flickr.com/photos/whiterabbitart/4579148021
oi_f14c051f11cbea9c.jpg,Open Images V7,train,Philippe AMIOT,CC BY 2.0,https://www.flickr.com/photos/philippeamiot/11045987613
oi_f15f9739a23e2a88.jpg,Open Images V7,train,Amila Tennakoon,CC BY 2.0,https://www.flickr.com/photos/lakpura/15538890511
oi_f164007c586d2a14.jpg,Open Images V7,val,John Carkeet,CC BY 2.0,https://www.flickr.com/photos/iv4quad/17045190592
oi_f18319b31723ad8c.jpg,Open Images V7,val,Karl Baron,CC BY 2.0,https://www.flickr.com/photos/kalleboo/2140931708
oi_f18661397132b954.jpg,Open Images V7,train,Vince Smith,CC BY 2.0,https://www.flickr.com/photos/vsmithuk/1499672187
oi_f18ecf122dba3d6e.jpg,Open Images V7,train,NH53,CC BY 2.0,https://www.flickr.com/photos/nh53/5154570587
oi_f1a9bd16341acb7c.jpg,Open Images V7,train,Matt,CC BY 2.0,https://www.flickr.com/photos/webb-zahn/15169300809
oi_f1b1803cfb1c9f62.jpg,Open Images V7,train,Steve Nagata,CC BY 2.0,https://www.flickr.com/photos/stevenagata/4940875442
oi_f1ba93417eca2c9e.jpg,Open Images V7,train,Mike Baird,CC BY 2.0,https://www.flickr.com/photos/mikebaird/302576040
oi_f1c7fd1fbc23d3e3.jpg,Open Images V7,train,John Beagle,CC BY 2.0,https://www.flickr.com/photos/johnbeagle/7261966498
oi_f1e6cdfa72b34b7b.jpg,Open Images V7,train,Robert Linsdell,CC BY 2.0,https://www.flickr.com/photos/boblinsdell/11061981485
oi_f1ea574628fae45d.jpg,Open Images V7,train,Jerry Kirkhart,CC BY 2.0,https://www.flickr.com/photos/jkirkhart35/8105170233
oi_f1f276d6b970673b.jpg,Open Images V7,train,Leszek Leszczynski,CC BY 2.0,https://www.flickr.com/photos/leszekleszczynski/4666049396
oi_f21403cc3a304b08.jpg,Open Images V7,val,kroszk@,CC BY 2.0,https://www.flickr.com/photos/kroszka/3414887877
oi_f218f05c6c9be47f.jpg,Open Images V7,train,Charley,CC BY 2.0,https://www.flickr.com/photos/rlinger/1312108950
oi_f21b6f6331771da1.jpg,Open Images V7,train,LASZLO ILYES,CC BY 2.0,https://www.flickr.com/photos/laszlo-photo/2114534945
oi_f21d8eeb1e5f6651.jpg,Open Images V7,val,Ratha Grimes,CC BY 2.0,https://www.flickr.com/photos/ratha/8421281207
oi_f22bd0d00510bbf7.jpg,Open Images V7,test,David Lofink,CC BY 2.0,https://www.flickr.com/photos/lofink/8347122531
oi_f23817ae66232821.jpg,Open Images V7,train,Daniel Jolivet,CC BY 2.0,https://www.flickr.com/photos/sybarite48/8444334700
oi_f2397fac43286275.jpg,Open Images V7,train,Bill Rice,CC BY 2.0,https://www.flickr.com/photos/billrice/3809686632
oi_f24029889e87eb56.jpg,Open Images V7,train,Warren Talbot,CC BY 2.0,https://www.flickr.com/photos/marriedwithluggage/5527194481/
oi_f2423b6953279ce6.jpg,Open Images V7,train,tkaneshi,CC BY 2.0,https://www.flickr.com/photos/70096347@N03/14984660229
oi_f25467d826135d00.jpg,Open Images V7,train,Priscila Diniz,CC BY 2.0,https://www.flickr.com/photos/104185585@N06/15893261954
oi_f25a8c96034ed486.jpg,Open Images V7,val,Derek Wolfgram,CC BY 2.0,https://www.flickr.com/photos/wolfgrams/9649418796
oi_f2610d159420b0e8.jpg,Open Images V7,train,Gerry Thomasen,CC BY 2.0,https://www.flickr.com/photos/gerrythomasen/19772627278
oi_f27526b3c091bfeb.jpg,Open Images V7,train,FWC Fish and Wildlife Research Institute,CC BY 2.0,https://www.flickr.com/photos/myfwc/11671028504
oi_f277238654e05d33.jpg,Open Images V7,train,Phuket@photographer.net,CC BY 2.0,https://www.flickr.com/photos/linvoyage/21593114963/
oi_f27bd5c8d7f49437.jpg,Open Images V7,test,Brian Gratwicke,CC BY 2.0,https://www.flickr.com/photos/briangratwicke/4626789472
oi_f286acabc9766a6c.jpg,Open Images V7,train,SaraYeomans,CC BY 2.0,https://www.flickr.com/photos/36302954@N00/81224963
oi_f2a00f7457cbaed6.jpg,Open Images V7,train,Yortw,CC BY 2.0,https://www.flickr.com/photos/yortw/5083060751/
oi_f2a75ed4c34d0380.jpg,Open Images V7,train,Subharnab Majumdar,CC BY 2.0,https://www.flickr.com/photos/subharnab/13401150093/
oi_f2a7b5f45e528844.jpg,Open Images V7,val,Jason Pratt,CC BY 2.0,https://www.flickr.com/photos/jasonpratt/2910850839
oi_f2ade16e61084e4f.jpg,Open Images V7,train,Vassil Tzvetanov,CC BY 2.0,https://www.flickr.com/photos/vassil_tzvetanov/2271571065
oi_f2bb8b2450987f74.jpg,Open Images V7,train,bettyx1138,CC BY 2.0,https://www.flickr.com/photos/bettyx1138/339610543
oi_f2bfcb4f6a94db90.jpg,Open Images V7,train,Sean Loyless,CC BY 2.0,https://www.flickr.com/photos/haggismac/13500284294
oi_f2c8d7063a68c36d.jpg,Open Images V7,val,Tom Hilton,CC BY 2.0,https://www.flickr.com/photos/tomhilton/8586680643
oi_f2cd24c055d61eab.jpg,Open Images V7,val,Tim Parkinson,CC BY 2.0,https://www.flickr.com/photos/timparkinson/272108137
oi_f2cefeb6cd705015.jpg,Open Images V7,train,Lwp Kommunikáció,CC BY 2.0,https://www.flickr.com/photos/lwpkommunikacio/14848147944
oi_f2eb470b89522c05.jpg,Open Images V7,val,Clara S.,CC BY 2.0,https://www.flickr.com/photos/pictureclara/8273367806
oi_f2ebaccbfaa126df.jpg,Open Images V7,train,incidencematrix,CC BY 2.0,https://www.flickr.com/photos/incidencematrix/15134123285
oi_f2ee2aaf25fb53d6.jpg,Open Images V7,train,Vince Smith,CC BY 2.0,https://www.flickr.com/photos/vsmithuk/5977841232
oi_f2f6b5d3f3e5dba0.jpg,Open Images V7,train,Brood_wich,CC BY 2.0,https://www.flickr.com/photos/brood_wich/10128154215
oi_f2fc678be8b503e1.jpg,Open Images V7,val,Tristan Ferne,CC BY 2.0,https://www.flickr.com/photos/tristanf/108972776
oi_f2ff990c42fa2d0e.jpg,Open Images V7,val,Aigars Mahinovs,CC BY 2.0,https://www.flickr.com/photos/aigarius/12561459873/
oi_f300183806ba00ab.jpg,Open Images V7,train,Anthony Cramp,CC BY 2.0,https://www.flickr.com/photos/anthonycramp/1365431082
oi_f31e579acb3f747c.jpg,Open Images V7,train,tab2_dawa,CC BY 2.0,https://www.flickr.com/photos/tab2/4412839300
oi_f32314f607234fea.jpg,Open Images V7,train,Mike Baird,CC BY 2.0,https://www.flickr.com/photos/mikebaird/8418302412
oi_f325aea77592678e.jpg,Open Images V7,val,Rebecca Selah,CC BY 2.0,https://www.flickr.com/photos/rebeccaselah/8177444703
oi_f3298fa578436d9b.jpg,Open Images V7,train,J&#x27;ram DJ,CC BY 2.0,https://www.flickr.com/photos/jram23/7527459220
oi_f331fd7ee6c4eae8.jpg,Open Images V7,val,Roy Luck,CC BY 2.0,https://www.flickr.com/photos/royluck/3768635021
oi_f33dd6b91d713425.jpg,Open Images V7,train,Bureau  of Land Management,CC BY 2.0,https://www.flickr.com/photos/mypubliclands/19129011262
oi_f358236d35f2bfcc.jpg,Open Images V7,train,Debs (ò‿ó)♪,CC BY 2.0,https://www.flickr.com/photos/littledebbie11/5835239803
oi_f36e563c7e2a0638.jpg,Open Images V7,train,-fabio-,CC BY 2.0,https://www.flickr.com/photos/fabio2005/115060647
oi_f3752c2adc3f9db6.jpg,Open Images V7,test,Gabriel Pollard,CC BY 2.0,https://www.flickr.com/photos/nzgabriel/14424800885
oi_f382476a6a20bec6.jpg,Open Images V7,train,Emran Kassim,CC BY 2.0,https://www.flickr.com/photos/emrank/3835728878
oi_f3988197c616454d.jpg,Open Images V7,train,Rusty Clark - On the Air M-F 8am-noon,CC BY 2.0,https://www.flickr.com/photos/rusty_clark/6047341350
oi_f3994b210d518f0a.jpg,Open Images V7,train,Jason Hollinger,CC BY 2.0,https://www.flickr.com/photos/7147684@N03/899502592
oi_f39c8d2982eed1eb.jpg,Open Images V7,train,jeeheon,CC BY 2.0,https://www.flickr.com/photos/jeeheon/16533544539
oi_f3a20c5698ab6201.jpg,Open Images V7,train,Jason Eppink,CC BY 2.0,https://www.flickr.com/photos/jasoneppink/3333694346
oi_f3a2761d2ec30f2c.jpg,Open Images V7,train,jeff~,CC BY 2.0,https://www.flickr.com/photos/jphotos/1383634203/
oi_f3ae03e11b425424.jpg,Open Images V7,train,James Cridland,CC BY 2.0,https://www.flickr.com/photos/jamescridland/3074510402
oi_f3b8bce5e52f6a3e.jpg,Open Images V7,train,Andreas Ahrens,CC BY 2.0,https://www.flickr.com/photos/eiolos/11349899016
oi_f3e528f364da822e.jpg,Open Images V7,val,Lucas Gomes,CC BY 2.0,https://www.flickr.com/photos/lucassrg/2038844390
oi_f3e7101a46faa72b.jpg,Open Images V7,train,Dan Perry,CC BY 2.0,https://www.flickr.com/photos/golf_pictures/2308454494
oi_f4004b9e69724558.jpg,Open Images V7,val,Paul Hudson,CC BY 2.0,https://www.flickr.com/photos/pahudson/5513432829
oi_f40158f3973b98fc.jpg,Open Images V7,train,lmnop88a,CC BY 2.0,https://www.flickr.com/photos/d_lee/456042658/
oi_f40ca58a671d0ff4.jpg,Open Images V7,train,Zappys Technology Solutions,CC BY 2.0,https://www.flickr.com/photos/102642344@N02/10071399915
oi_f40d0378d57f32ba.jpg,Open Images V7,val,USFWS - Pacific Region,CC BY 2.0,https://www.flickr.com/photos/usfwspacific/5662309209
oi_f40e5d43c68d58d8.jpg,Open Images V7,val,David~O,CC BY 2.0,https://www.flickr.com/photos/8106459@N07/4447402808
oi_f41336a23718802d.jpg,Open Images V7,train,Yeti-legs,CC BY 2.0,https://www.flickr.com/photos/andrewngai/21110945089
oi_f41902e944f3c277.jpg,Open Images V7,train,oliver.dodd,CC BY 2.0,https://www.flickr.com/photos/oliverdodd/14686530113
oi_f436ecb5b4996ce7.jpg,Open Images V7,train,Robert Nyman,CC BY 2.0,https://www.flickr.com/photos/robertnyman/16044493057
oi_f4465a066b1f3b44.jpg,Open Images V7,train,prilfish,CC BY 2.0,https://www.flickr.com/photos/silkebaron/3757528042
oi_f446e8a5a5e76ef9.jpg,Open Images V7,train,Jennifer C.,CC BY 2.0,https://www.flickr.com/photos/29638108@N06/4159681904/
oi_f44e93150360e20b.jpg,Open Images V7,val,Christopher Michel,CC BY 2.0,https://www.flickr.com/photos/cmichel67/11240254856
oi_f46282a23adca61f.jpg,Open Images V7,train,THX0477,CC BY 2.0,https://www.flickr.com/photos/59195512@N00/61143859
oi_f462b6c7aaac54d0.jpg,Open Images V7,train,Swift Benjamin,CC BY 2.0,https://www.flickr.com/photos/metalcowboy/2391779522
oi_f46c242d478b18a9.jpg,Open Images V7,val,Christopher Michel,CC BY 2.0,https://www.flickr.com/photos/cmichel67/3731053314
oi_f4813016952f8309.jpg,Open Images V7,train,Pacific Southwest Region USFWS,CC BY 2.0,https://www.flickr.com/photos/usfws_pacificsw/15086006098
oi_f4833642ec201d5a.jpg,Open Images V7,test,Ryan Bodenstein,CC BY 2.0,https://www.flickr.com/photos/evenkolder/16741445222
oi_f49311c8aadf8a5e.jpg,Open Images V7,train,David Stanley,CC BY 2.0,https://www.flickr.com/photos/davidstanleytravel/16078330681
oi_f4c6d27a2f4498aa.jpg,Open Images V7,train,Charles Barilleaux,CC BY 2.0,https://www.flickr.com/photos/bontempscharly/10800979315/
oi_f4daf63121f596d6.jpg,Open Images V7,train,Allie_Caulfield,CC BY 2.0,https://www.flickr.com/photos/wm_archiv/2753347947
oi_f4f71a73a8ce97d6.jpg,Open Images V7,train,Gilad Rom,CC BY 2.0,https://www.flickr.com/photos/gilad_rom/2348559324
oi_f502f88e5705629c.jpg,Open Images V7,train,Vyacheslav Argenberg,CC BY 2.0,https://www.flickr.com/photos/argenberg/124625308
oi_f506b5d942241274.jpg,Open Images V7,train,Alberto ....,CC BY 2.0,https://www.flickr.com/photos/albertoalerigi/2913018261
oi_f50caac53e8f68d6.jpg,Open Images V7,train,Karunakar Rayker,CC BY 2.0,https://www.flickr.com/photos/krayker/2119346199
oi_f50da0f180d6689b.jpg,Open Images V7,test,Robert Nyman,CC BY 2.0,https://www.flickr.com/photos/robertnyman/189601790
oi_f52f185d4a76e95e.jpg,Open Images V7,val,Daniella Vereeken,CC BY 2.0,https://www.flickr.com/photos/betta-online/1562549754
oi_f5374dcab5cd5500.jpg,Open Images V7,train,oswaldo,CC BY 2.0,https://www.flickr.com/photos/oswaldo/13052272
oi_f53e48a2ee8b9584.jpg,Open Images V7,test,Simone,CC BY 2.0,https://www.flickr.com/photos/27844310@N02/3384741235
oi_f5412fcbb764b9e1.jpg,Open Images V7,train,ScubaBear68,CC BY 2.0,https://www.flickr.com/photos/22310955@N02/2556286108
oi_f543bdf56b85f124.jpg,Open Images V7,val,Ricardo&#x27;s Photography (Thanks to all the fans!!!),CC BY 2.0,https://www.flickr.com/photos/ricardo_mangual/6385193755
oi_f546ea85fc4e7d36.jpg,Open Images V7,train,Aiko Konishi,CC BY 2.0,https://www.flickr.com/photos/koni_aiko/8137678557
oi_f546eff826c5ce07.jpg,Open Images V7,train,Marshmallow,CC BY 2.0,https://www.flickr.com/photos/tmarschner/2728807125
oi_f549fbdfbca28687.jpg,Open Images V7,train,Isaac Kohane,CC BY 2.0,https://www.flickr.com/photos/52786697@N00/5160166138/
oi_f54a64a9ae53d731.jpg,Open Images V7,train,"Jim, the Photographer",CC BY 2.0,https://www.flickr.com/photos/jcapaldi/3787442692/
oi_f55254e6919f4541.jpg,Open Images V7,val,U.S. Fish and Wildlife Service Northeast Region,CC BY 2.0,https://www.flickr.com/photos/usfwsnortheast/5860903627
oi_f55b3b7a2031d855.jpg,Open Images V7,val,Martin Pettitt,CC BY 2.0,https://www.flickr.com/photos/mdpettitt/11417656484
oi_f5772ef5a115ce43.jpg,Open Images V7,train,David Beach,CC BY 2.0,https://www.flickr.com/photos/itsbeach/4873443529
oi_f57b426bea89ee53.jpg,Open Images V7,val,Bill,CC BY 2.0,https://www.flickr.com/photos/bill_lim/2363394756
oi_f57ed0b6797b5cae.jpg,Open Images V7,val,Derek Keats,CC BY 2.0,https://www.flickr.com/photos/dkeats/6185559613
oi_f5888b7cb1b2d3fb.jpg,Open Images V7,train,belindah-Thank You!-450.000 Views Now,CC BY 2.0,https://www.flickr.com/photos/belindah/5490968597
oi_f591bd85b18abdd6.jpg,Open Images V7,train,Lakshmi Sawitri,CC BY 2.0,https://www.flickr.com/photos/elsaw/4590739726/
oi_f594cb0d9f5ee82d.jpg,Open Images V7,train,Elias Levy,CC BY 2.0,https://www.flickr.com/photos/elevy/14914326761
oi_f5a41db148bc59a2.jpg,Open Images V7,train,NOAA Photo Library,CC BY 2.0,https://www.flickr.com/photos/noaaphotolib/5277452357
oi_f5a7bb3089ce4688.jpg,Open Images V7,test,Ruth Hartnup,CC BY 2.0,https://www.flickr.com/photos/ruthanddave/380766085/
oi_f5aefae7d6102c63.jpg,Open Images V7,val,saccodent,CC BY 2.0,https://www.flickr.com/photos/64735334@N00/4874150596
oi_f5c2a6dfcd6b11f8.jpg,Open Images V7,train,Robert Nyman,CC BY 2.0,https://www.flickr.com/photos/robertnyman/14709490280/
oi_f5e02249e62d1258.jpg,Open Images V7,test,Jenny Mealing,CC BY 2.0,https://www.flickr.com/photos/jennifrog/94928430
oi_f5e0332a72aeab86.jpg,Open Images V7,train,NOAA Photo Library,CC BY 2.0,https://www.flickr.com/photos/noaaphotolib/11497739123
oi_f5f6c8baee6d2d7e.jpg,Open Images V7,train,Miller Tzou,CC BY 2.0,https://www.flickr.com/photos/mstzou/6725165925/
oi_f617bb28a2a75636.jpg,Open Images V7,train,orcas.world,CC BY 2.0,https://www.flickr.com/photos/orcasworld/13141127105
oi_f639af9b9fb631b8.jpg,Open Images V7,train,South African Tourism,CC BY 2.0,https://www.flickr.com/photos/south-african-tourism/10993879326
oi_f640593b7859ab1e.jpg,Open Images V7,test,tacit requiem (joanneQEscober ),CC BY 2.0,https://www.flickr.com/photos/tacitrequiem/3008278920
oi_f67d05f88473f68e.jpg,Open Images V7,train,Marco Raaphorst,CC BY 2.0,https://www.flickr.com/photos/raaphorst/9477446743
oi_f681ebea9cd7ff89.jpg,Open Images V7,train,Tim Sheerman-Chase,CC BY 2.0,https://www.flickr.com/photos/tim_uk/1341543358
oi_f6858b57a55c0b8b.jpg,Open Images V7,train,Lana_aka_BADGRL,CC BY 2.0,https://www.flickr.com/photos/lanacar/1247377782
oi_f68f13d9e2c0759b.jpg,Open Images V7,train,EvelynGiggles,CC BY 2.0,https://www.flickr.com/photos/evelynishere/3417551790/in/photolist-jXbmXR-oFA28p-oFPWtY-6cZR5J-8btgH-6cZRmW-8p9vai-r3azmF-oDPRBu-7okpH-bX7GHK-oHQ2Bx-7sMu1e-7t85cL-9omEh4-9opJ35-9opJm9-9opFFQ-9omFqc-9omFNi-8aQ4H-5rsmH7-5wLH53-5pAZAa-91m7zu-7H4sXt-92Bc5p-agCD51-8aQ4Q-fAULUu-8r4HkH-gJeAED-4ES2br-9opHNj-atbbbR-dRZegu-ddU3N9-7XjJkq-p2Q1xy-5YRUYV-55oYMi-7NnNqg-966mNM-2ttdC-esb4rA-96gHcw-4roJw-66cnP1-5aQEnF-6fbNPg/
oi_f69edebcb5a18fb6.jpg,Open Images V7,train,Sascha Pohflepp,CC BY 2.0,https://www.flickr.com/photos/saschapohflepp/115933367
oi_f6b01334339f06fc.jpg,Open Images V7,val,Derek Keats,CC BY 2.0,https://www.flickr.com/photos/dkeats/6147236525
oi_f6b45ac7c1e63fed.jpg,Open Images V7,train,Aaron Logan,CC BY 2.0,https://www.flickr.com/photos/lightmatter/3282471250
oi_f6d9a76a99c143f2.jpg,Open Images V7,train,Tristan Ferne,CC BY 2.0,https://www.flickr.com/photos/tristanf/301171857
oi_f6dd0b4f59b1c506.jpg,Open Images V7,train,Ratha Grimes,CC BY 2.0,https://www.flickr.com/photos/ratha/9243634219
oi_f6debfd6205016ca.jpg,Open Images V7,train,NOAA Photo Library,CC BY 2.0,https://www.flickr.com/photos/noaaphotolib/5277846778
oi_f6eb787caaf361b5.jpg,Open Images V7,val,Louisiana Sea Grant College Program Louisiana State University,CC BY 2.0,https://www.flickr.com/photos/88158121@N00/15701144411
oi_f704b4f31896a204.jpg,Open Images V7,train,Fred Benenson,CC BY 2.0,https://www.flickr.com/photos/fcb/156072235
oi_f71243346efde61c.jpg,Open Images V7,train,Mike Baird,CC BY 2.0,https://www.flickr.com/photos/mikebaird/14294754376/
oi_f718f4536c151446.jpg,Open Images V7,train,Derek Keats,CC BY 2.0,https://www.flickr.com/photos/dkeats/5951373110
oi_f71f8be578a0715b.jpg,Open Images V7,train,Christopher Michel,CC BY 2.0,https://www.flickr.com/photos/cmichel67/8373702449
oi_f7239caf06e37acf.jpg,Open Images V7,train,Britt Reints,CC BY 2.0,https://www.flickr.com/photos/emmandevin/8088300934
oi_f73618e37ee86f3d.jpg,Open Images V7,train,Wayne National Forest,CC BY 2.0,https://www.flickr.com/photos/waynenf/3665935362
oi_f737cce2d710ff5c.jpg,Open Images V7,train,devra,CC BY 2.0,https://www.flickr.com/photos/minicooper93402/14172342851
oi_f74358f587d94d9a.jpg,Open Images V7,train,Paul Asman and Jill Lenoble,CC BY 2.0,https://www.flickr.com/photos/pauljill/4657649217
oi_f7440ea152a40cec.jpg,Open Images V7,train,Tim Taylor,CC BY 2.0,https://www.flickr.com/photos/tmtt/7641655458
oi_f74a82daf24253f7.jpg,Open Images V7,train,R I O M A N S O,CC BY 2.0,https://www.flickr.com/photos/2bleg/2606638218
oi_f74ed4b4aec6dc6a.jpg,Open Images V7,train,prilfish,CC BY 2.0,https://www.flickr.com/photos/silkebaron/8371427806
oi_f76f25f46e64fbfb.jpg,Open Images V7,val,Christopher Michel,CC BY 2.0,https://www.flickr.com/photos/cmichel67/14893159952
oi_f793f4d91eba8c87.jpg,Open Images V7,train,victoria white2010,CC BY 2.0,https://www.flickr.com/photos/victoriawhite/4966910171
oi_f7974ab2e268fdab.jpg,Open Images V7,val,LASZLO ILYES,CC BY 2.0,https://www.flickr.com/photos/laszlo-photo/5271677375
oi_f7b77dda2476d0d8.jpg,Open Images V7,train,prilfish,CC BY 2.0,https://www.flickr.com/photos/silkebaron/278546721
oi_f7be29dcf1657678.jpg,Open Images V7,test,Jean,CC BY 2.0,https://www.flickr.com/photos/7326810@N08/7672063998
oi_f7c07691e380aad7.jpg,Open Images V7,test,Marc Smith,CC BY 2.0,https://www.flickr.com/photos/marc_smith/11283944353
oi_f7c72fa6ba53ca57.jpg,Open Images V7,train,Fraser Cairns,CC BY 2.0,https://www.flickr.com/photos/catsncarp/1240874591
oi_f7c783582bbe037d.jpg,Open Images V7,train,Christopher Michel,CC BY 2.0,https://www.flickr.com/photos/cmichel67/8370640868
oi_f7d28694334fb112.jpg,Open Images V7,train,Christopher Michel,CC BY 2.0,https://www.flickr.com/photos/cmichel67/8381225863
oi_f7f5ef1b33801575.jpg,Open Images V7,train,F Delventhal,CC BY 2.0,https://www.flickr.com/photos/krossbow/3203973595
oi_f7f5f370322f2e38.jpg,Open Images V7,val,Jerry Kirkhart,CC BY 2.0,https://www.flickr.com/photos/jkirkhart35/2281654781
oi_f804900b7913fc18.jpg,Open Images V7,train,Frontierofficial,CC BY 2.0,https://www.flickr.com/photos/frontierofficial/15172693707
oi_f80dea3e517e1863.jpg,Open Images V7,train,Mike Baird,CC BY 2.0,https://www.flickr.com/photos/mikebaird/5396882893
oi_f80f3682ffdbc7f5.jpg,Open Images V7,train,Allie_Caulfield,CC BY 2.0,https://www.flickr.com/photos/wm_archiv/6789659280
oi_f8172ccdee734744.jpg,Open Images V7,train,tata_aka_T,CC BY 2.0,https://www.flickr.com/photos/12453467@N00/3844177376
oi_f83d44054b2fbf04.jpg,Open Images V7,test,Wee Keat Chin,CC BY 2.0,https://www.flickr.com/photos/visualdensity/300632247
oi_f84546a33b125af1.jpg,Open Images V7,train,Matthew Robinson,CC BY 2.0,https://www.flickr.com/photos/noisecollusion/211453604
oi_f853eced085352cd.jpg,Open Images V7,train,Daniella Vereeken,CC BY 2.0,https://www.flickr.com/photos/betta-online/1559991697
oi_f858dd0146027ac1.jpg,Open Images V7,train,Cliff,CC BY 2.0,https://www.flickr.com/photos/nostri-imago/2892680564
oi_f865ae46f565b71c.jpg,Open Images V7,train,jphilipg,CC BY 2.0,https://www.flickr.com/photos/15708236@N07/2665953364
oi_f88750c01448879b.jpg,Open Images V7,train,Alan Light,CC BY 2.0,https://www.flickr.com/photos/alan-light/1877611113
oi_f88bb3647b24d7a0.jpg,Open Images V7,train,Jonathan Vera Caripe,CC BY 2.0,https://www.flickr.com/photos/jveracaripe/3077905233
oi_f891437f5a91da45.jpg,Open Images V7,train,Renzelle Mae Abasolo,CC BY 2.0,https://www.flickr.com/photos/maehabasolo/8157181891
oi_f8917248370195b8.jpg,Open Images V7,train,Matters of Grey,CC BY 2.0,https://www.flickr.com/photos/mattersofgrey/5773443753
oi_f8937ded3e5e1fcc.jpg,Open Images V7,train,Tim Creque,CC BY 2.0,https://www.flickr.com/photos/timjc513/2568081383
oi_f8943cb1f289ee43.jpg,Open Images V7,train,Jon  Kenfield,CC BY 2.0,https://www.flickr.com/photos/60948370@N04/15367010354/
oi_f89950a8aad6dd89.jpg,Open Images V7,val,Shever,CC BY 2.0,https://www.flickr.com/photos/mattandkim/5299810990
oi_f8afb7fc144f1a12.jpg,Open Images V7,train,Peter Wilton,CC BY 2.0,https://www.flickr.com/photos/pwilt/4202556292
oi_f8cabcbd65ff8086.jpg,Open Images V7,train,prilfish,CC BY 2.0,https://www.flickr.com/photos/silkebaron/1855586511
oi_f8da13cb1a7c1f50.jpg,Open Images V7,test,Jon Mountjoy,CC BY 2.0,https://www.flickr.com/photos/mountjoy/5186889575
oi_f8e45516002517bc.jpg,Open Images V7,val,Brad Spry,CC BY 2.0,https://www.flickr.com/photos/bradspry/171728958
oi_f8e9b7188e33b213.jpg,Open Images V7,val,Dan Taylor-Watt,CC BY 2.0,https://www.flickr.com/photos/dantaylor/3429651484
oi_f900cdcabb8b4e41.jpg,Open Images V7,train,Jack Fiallos,CC BY 2.0,https://www.flickr.com/photos/erlingfiallos/622800601
oi_f90a34709079b253.jpg,Open Images V7,train,Kathy,CC BY 2.0,https://www.flickr.com/photos/44603071@N00/10106363915
oi_f91c2a61777a07c0.jpg,Open Images V7,train,flackblag7,CC BY 2.0,https://www.flickr.com/photos/koryl/3215053602
oi_f92473e780f4e0c0.jpg,Open Images V7,train,Josh Staiger,CC BY 2.0,https://www.flickr.com/photos/joshstaiger/74323991/
oi_f94098a40b649811.jpg,Open Images V7,train,Christopher Michel,CC BY 2.0,https://www.flickr.com/photos/cmichel67/18567689614
oi_f943f8773dbe100d.jpg,Open Images V7,val,Elias Levy,CC BY 2.0,https://www.flickr.com/photos/elevy/14464005351
oi_f944963a487d2fb4.jpg,Open Images V7,val,Dick Thomas Johnson,CC BY 2.0,https://www.flickr.com/photos/31029865@N06/16986542912
oi_f947a91dc2833be3.jpg,Open Images V7,train,Richard Fisher,CC BY 2.0,https://www.flickr.com/photos/richardfisher/2987269309
oi_f955d399f327c41e.jpg,Open Images V7,train,BuzzFarmers,CC BY 2.0,https://www.flickr.com/photos/buzzfarmers/7318389150
oi_f95d8f3fe7041729.jpg,Open Images V7,train,osseous,CC BY 2.0,https://www.flickr.com/photos/osseous/15651647093
oi_f9681a43bd86972c.jpg,Open Images V7,test,"Jim, the Photographer",CC BY 2.0,https://www.flickr.com/photos/jcapaldi/3649253554
oi_f978a29ab5f1100a.jpg,Open Images V7,train,brownpau,CC BY 2.0,https://www.flickr.com/photos/brownpau/4725950821
oi_f983bdeacfdc8dae.jpg,Open Images V7,train,TANAKA Juuyoh (田中十洋),CC BY 2.0,https://www.flickr.com/photos/tanaka_juuyoh/3353673376
oi_f984aa714d1a2cad.jpg,Open Images V7,train,JD,CC BY 2.0,https://www.flickr.com/photos/jdbaskin/14215887848
oi_f9875d03734a0b21.jpg,Open Images V7,train,FromSandToGlass,CC BY 2.0,https://www.flickr.com/photos/ericabreetoe/6489714667
oi_f98fa535bcba0d39.jpg,Open Images V7,train,Biodiversity Heritage Library,CC BY 2.0,https://www.flickr.com/photos/biodivlibrary/7589941750
oi_f9988450640d03b6.jpg,Open Images V7,train,Gilad Rom,CC BY 2.0,https://www.flickr.com/photos/gilad_rom/851214745
oi_f9a45fac92723261.jpg,Open Images V7,train,THX0477,CC BY 2.0,https://www.flickr.com/photos/59195512@N00/61116736
oi_f9ae3f3c8ab692d3.jpg,Open Images V7,val,Jerry Kirkhart,CC BY 2.0,https://www.flickr.com/photos/jkirkhart35/5909422925
oi_f9b33c992333498b.jpg,Open Images V7,train,Joi Ito,CC BY 2.0,https://www.flickr.com/photos/joi/5594259737
oi_f9b3cb3ef0182924.jpg,Open Images V7,test,Holmes Palacios Jr.,CC BY 2.0,https://www.flickr.com/photos/holmesjr/15273317105
oi_f9b71fec2cee5103.jpg,Open Images V7,train,ChanduBandi,CC BY 2.0,https://www.flickr.com/photos/cs_bandi/21161638711
oi_f9db8943d732da61.jpg,Open Images V7,train,Andreas Ahrens,CC BY 2.0,https://www.flickr.com/photos/eiolos/11351996433
oi_f9e308868e5cddf1.jpg,Open Images V7,train,Joe King,CC BY 2.0,https://www.flickr.com/photos/jking89/5849155814
oi_f9ea9af9f8b4c5b4.jpg,Open Images V7,train,Whit Andrews,CC BY 2.0,https://www.flickr.com/photos/whita/19263143668
oi_f9edafd448f4e83f.jpg,Open Images V7,test,Paola Sucato,CC BY 2.0,https://www.flickr.com/photos/ci_polla/3508280988
oi_f9f8e44feac84f15.jpg,Open Images V7,train,Sergey Gabdurakhmanov,CC BY 2.0,https://www.flickr.com/photos/gabdurakhmanov/3636072652
oi_f9ff27a9fae87571.jpg,Open Images V7,train,Marc Berry Reid,CC BY 2.0,https://www.flickr.com/photos/marcberryphotos/3767076030
oi_fa34d4c557f7342c.jpg,Open Images V7,train,David Siu,CC BY 2.0,https://www.flickr.com/photos/dwysiu/5117950849
oi_fa37f115ed4ff212.jpg,Open Images V7,train,Allie_Caulfield,CC BY 2.0,https://www.flickr.com/photos/wm_archiv/2676150565
oi_fa41455b1ba6b65b.jpg,Open Images V7,train,Frontierofficial,CC BY 2.0,https://www.flickr.com/photos/frontierofficial/9721748309
oi_fa5f8e712fbed816.jpg,Open Images V7,train,Charles Barilleaux,CC BY 2.0,https://www.flickr.com/photos/bontempscharly/11848963906
oi_fa69039a66f95070.jpg,Open Images V7,val,Owen Byrne,CC BY 2.0,https://www.flickr.com/photos/ojbyrne/3125918769
oi_fa75dd19d6f18c82.jpg,Open Images V7,train,Sharon Mollerus,CC BY 2.0,https://www.flickr.com/photos/clairity/2527946266
oi_fa8363a983094877.jpg,Open Images V7,train,Chad Kainz,CC BY 2.0,https://www.flickr.com/photos/smaedli/16969881951
oi_fa83cac5edeea9df.jpg,Open Images V7,train,Tregde Ferie,CC BY 2.0,https://www.flickr.com/photos/tregde/18302954400
oi_fa85155db6c906d6.jpg,Open Images V7,train,Drew Avery,CC BY 2.0,https://www.flickr.com/photos/33590535@N06/4319831689
oi_fa88daab7aadabaf.jpg,Open Images V7,test,California Department of Fish and Wildlife,CC BY 2.0,https://www.flickr.com/photos/californiadfg/22204219389
oi_fa8a4e25346ae2be.jpg,Open Images V7,train,Derek Keats,CC BY 2.0,https://www.flickr.com/photos/dkeats/3391667551
oi_fa9b5e2249099a7d.jpg,Open Images V7,train,Colleen Pence,CC BY 2.0,https://www.flickr.com/photos/delaneydiaries/4635739499
oi_faa11761605b7bfd.jpg,Open Images V7,train,Elma,CC BY 2.0,https://www.flickr.com/photos/24710622@N05/4056460961/
oi_faabc4a049723406.jpg,Open Images V7,train,Tregde Ferie,CC BY 2.0,https://www.flickr.com/photos/tregde/5096574404
oi_fabd20109933a2f9.jpg,Open Images V7,train,LadyDragonflyCC - &gt;;&lt;,CC BY 2.0,https://www.flickr.com/photos/ladydragonflyherworld/8375306710
oi_fac67c3672e05364.jpg,Open Images V7,val,MK Feeney,CC BY 2.0,https://www.flickr.com/photos/feeney1982/8203949649
oi_fad8fd7c2a3276e1.jpg,Open Images V7,val,joaquin uy,CC BY 2.0,https://www.flickr.com/photos/wakxy/3479544366
oi_fadbde9ab6d4f245.jpg,Open Images V7,val,Amos Bühler,CC BY 2.0,https://www.flickr.com/photos/48184699@N04/4475359293/
oi_fae45846ddfa9ae3.jpg,Open Images V7,val,Eva Martín,CC BY 2.0,https://www.flickr.com/photos/eva_mc24/14207690436
oi_faf40d768d2ab53f.jpg,Open Images V7,train,Fred Baker,CC BY 2.0,https://www.flickr.com/photos/fredwbaker/12060688003
oi_faf92422f4786f75.jpg,Open Images V7,val,NOAA Photo Library,CC BY 2.0,https://www.flickr.com/photos/noaaphotolib/5676188544
oi_fb07b83927c3b668.jpg,Open Images V7,train,Curran Kelleher,CC BY 2.0,https://www.flickr.com/photos/10604632@N02/16182669858
oi_fb0a19dc692b9750.jpg,Open Images V7,val,Charlie Marshall,CC BY 2.0,https://www.flickr.com/photos/100915417@N07/9683104928
oi_fb148a5ab418e54e.jpg,Open Images V7,train,kazue1984,CC BY 2.0,https://www.flickr.com/photos/kazue1984/6998774650
oi_fb42b995e0efec11.jpg,Open Images V7,train,USMC Archives,CC BY 2.0,https://www.flickr.com/photos/usmcarchives/11714663896
oi_fb5a15ea98df4949.jpg,Open Images V7,train,USDA Forest Service Alaska Region,CC BY 2.0,https://www.flickr.com/photos/alaska_region/8079764539
oi_fb66ef8c8451d2be.jpg,Open Images V7,train,Mike Baird,CC BY 2.0,https://www.flickr.com/photos/mikebaird/513011056
oi_fb9cb6278983183f.jpg,Open Images V7,val,Pia Waugh,CC BY 2.0,https://www.flickr.com/photos/piawaugh/16736543162
oi_fb9d46e282ab9a8c.jpg,Open Images V7,test,Becky Wetherington,CC BY 2.0,https://www.flickr.com/photos/macbeck/3835266157
oi_fbb00551cb082d9f.jpg,Open Images V7,train,Jerry Kirkhart,CC BY 2.0,https://www.flickr.com/photos/jkirkhart35/4792525638
oi_fbb01fc67fd81dc6.jpg,Open Images V7,train,Dave Lonsdale,CC BY 2.0,https://www.flickr.com/photos/davelonsdale/6491329861
oi_fbb47bf0e3bd5e8e.jpg,Open Images V7,train,Jerry Kirkhart,CC BY 2.0,https://www.flickr.com/photos/jkirkhart35/8429452072
oi_fbba04fd640b4cf8.jpg,Open Images V7,train,Ersu,CC BY 2.0,https://www.flickr.com/photos/ersu99/11565016813
oi_fbc373b4484464f6.jpg,Open Images V7,train,sneakerdog,CC BY 2.0,https://www.flickr.com/photos/sneakerdog/3687607064
oi_fbc45463a917f3d9.jpg,Open Images V7,train,Picturepest,CC BY 2.0,https://www.flickr.com/photos/picksfromoutthere/8157249603
oi_fbe16e0c3c91e269.jpg,Open Images V7,train,Kyla Duhamel,CC BY 2.0,https://www.flickr.com/photos/curacumba/9483068721
oi_fbef1263efdf8f61.jpg,Open Images V7,train,Erik Charlton,CC BY 2.0,https://www.flickr.com/photos/erikcharlton/16257788723
oi_fbef319d73888e20.jpg,Open Images V7,train,SaraYeomans,CC BY 2.0,https://www.flickr.com/photos/yeomans/81133167/
oi_fc07ff27c1bbc05f.jpg,Open Images V7,train,paulshaffner,CC BY 2.0,https://www.flickr.com/photos/paulshaffner/2232846440
oi_fc20ae96b18b7ae0.jpg,Open Images V7,train,Makuahine Pa&#x27;i Ki&#x27;i,CC BY 2.0,https://www.flickr.com/photos/hawaii-mcgraths/4457925415
oi_fc20e8dc349fd544.jpg,Open Images V7,test,Rojer,CC BY 2.0,https://www.flickr.com/photos/rojer/4873472469
oi_fc2382cc39d0c309.jpg,Open Images V7,val,Leonardo Pallotta,CC BY 2.0,https://www.flickr.com/photos/groundzero/146548458
oi_fc383d724b52ee71.jpg,Open Images V7,train,Lin Mei,CC BY 2.0,https://www.flickr.com/photos/leomei/188497640
oi_fc4f51c2c64ea8fe.jpg,Open Images V7,val,Richard Hurd,CC BY 2.0,https://www.flickr.com/photos/rahimageworks/13978537203
oi_fc5df7d3d3f907e4.jpg,Open Images V7,val,Drew Avery,CC BY 2.0,https://www.flickr.com/photos/33590535@N06/4548993877
oi_fc6470ca9061c8b6.jpg,Open Images V7,test,Andrew Kuchling,CC BY 2.0,https://www.flickr.com/photos/akuchling/11410554
oi_fc7f9900fcf91b81.jpg,Open Images V7,train,Ryan Lackey,CC BY 2.0,https://www.flickr.com/photos/octal/5373186943
oi_fc802374cf7ae032.jpg,Open Images V7,train,Jed Record,CC BY 2.0,https://www.flickr.com/photos/jedstr/361589720
oi_fc81b7807492ae28.jpg,Open Images V7,train,Allie_Caulfield,CC BY 2.0,https://www.flickr.com/photos/wm_archiv/6490530605
oi_fc8617ae695a129d.jpg,Open Images V7,train,machu.,CC BY 2.0,https://www.flickr.com/photos/machu/26819125
oi_fc875a2b50151b06.jpg,Open Images V7,test,Marco,CC BY 2.0,https://www.flickr.com/photos/foqus/2010292764
oi_fc915b6ae8dde47f.jpg,Open Images V7,train,Emran Kassim,CC BY 2.0,https://www.flickr.com/photos/emrank/3677434336
oi_fcb4c9b1bac69868.jpg,Open Images V7,train,mark.watmough,CC BY 2.0,https://www.flickr.com/photos/markwatmough/20391710333
oi_fcefaf81f9c40fa4.jpg,Open Images V7,train,Jayvee Fernandez,CC BY 2.0,https://www.flickr.com/photos/jayvee/5663466216
oi_fcf0b70bdeb5f67b.jpg,Open Images V7,val,francois schnell,CC BY 2.0,https://www.flickr.com/photos/frenchy/79366752
oi_fcf51e24c3eda26c.jpg,Open Images V7,val,pato garza,CC BY 2.0,https://www.flickr.com/photos/pato_garza/278497754
oi_fd13ffdba44f8481.jpg,Open Images V7,val,Aah-Yeah,CC BY 2.0,https://www.flickr.com/photos/aah-yeah/5193019444/
oi_fd24b41fa14265af.jpg,Open Images V7,train,NOAA Photo Library,CC BY 2.0,https://www.flickr.com/photos/noaaphotolib/5277913680
oi_fd2b1e4297eb9a03.jpg,Open Images V7,train,Porsche Brosseau,CC BY 2.0,https://www.flickr.com/photos/porsche-linn/5555288526
oi_fd45fd9b1674a688.jpg,Open Images V7,train,merec0,CC BY 2.0,https://www.flickr.com/photos/merec0/3499804116
oi_fd558f9a4cf80398.jpg,Open Images V7,train,Ratha Grimes,CC BY 2.0,https://www.flickr.com/photos/ratha/20646986228
oi_fd5e9d43b732ad45.jpg,Open Images V7,train,Tim Parkinson,CC BY 2.0,https://www.flickr.com/photos/timparkinson/13108362455
oi_fd6a7e45e3840115.jpg,Open Images V7,val,Lisa Cyr,CC BY 2.0,https://www.flickr.com/photos/borderlys/3097006166
oi_fd6af3b67372df1c.jpg,Open Images V7,train,Dimitris Siskopoulos,CC BY 2.0,https://www.flickr.com/photos/dimsis/7409899476
oi_fd7f4d330d22f708.jpg,Open Images V7,test,Michael Pereckas,CC BY 2.0,https://www.flickr.com/photos/beigephotos/2298657901
oi_fd809cec2280aaf5.jpg,Open Images V7,train,margaretglin,CC BY 2.0,https://www.flickr.com/photos/margaretglin/9330491677
oi_fd91a7471945d9ba.jpg,Open Images V7,train,Claire Gribbin,CC BY 2.0,https://www.flickr.com/photos/clairegribbin/870757889
oi_fd930e9ad87d7cbf.jpg,Open Images V7,val,Tim Creque,CC BY 2.0,https://www.flickr.com/photos/timjc513/3814857918
oi_fdac6f3fdc93a15b.jpg,Open Images V7,val,James Emery,CC BY 2.0,https://www.flickr.com/photos/emeryjl/2553637356
oi_fdaca40cec2d759c.jpg,Open Images V7,val,Joxe Aranzabal,CC BY 2.0,https://www.flickr.com/photos/joxe/3790642089
oi_fdbead7a31493ef5.jpg,Open Images V7,train,Dirk Tas,CC BY 2.0,https://www.flickr.com/photos/dirktas/222982323
oi_fdcb45b67aef76c5.jpg,Open Images V7,val,Frontierofficial,CC BY 2.0,https://www.flickr.com/photos/frontierofficial/17334298518
oi_fdcf8af5f05411c8.jpg,Open Images V7,train,Peter Mulligan,CC BY 2.0,https://www.flickr.com/photos/nagillum/136121138
oi_fdf1af41bde0fd04.jpg,Open Images V7,train,USFWS - Pacific Region,CC BY 2.0,https://www.flickr.com/photos/usfwspacific/4908076936
oi_fdf314d680db3698.jpg,Open Images V7,train,zoetnet,CC BY 2.0,https://www.flickr.com/photos/zoetnet/4851129845
oi_fe07ff9c5b91f5bf.jpg,Open Images V7,train,Elias Levy,CC BY 2.0,https://www.flickr.com/photos/elevy/14280727049
oi_fe116fa8def38a96.jpg,Open Images V7,test,eGuide Travel,CC BY 2.0,https://www.flickr.com/photos/eguidetravel/8058782755
oi_fe1bc5e365423005.jpg,Open Images V7,train,Beck,CC BY 2.0,https://www.flickr.com/photos/beckayork/4023560526
oi_fe1ed6950febdea0.jpg,Open Images V7,val,yeowatzup,CC BY 2.0,https://www.flickr.com/photos/yeowatzup/2821673936
oi_fe26371ac28dc323.jpg,Open Images V7,test,NOAA&#x27;s National Ocean Service,CC BY 2.0,https://www.flickr.com/photos/usoceangov/5080778611
oi_fe30b797aefe6406.jpg,Open Images V7,val,brownpau,CC BY 2.0,https://www.flickr.com/photos/brownpau/6641234907
oi_fe471ce9a49368e1.jpg,Open Images V7,train,Josh Hallett,CC BY 2.0,https://www.flickr.com/photos/hyku/357704922
oi_fe48b72f8e53c364.jpg,Open Images V7,test,Phil Whitehouse,CC BY 2.0,https://www.flickr.com/photos/philliecasablanca/261408508
oi_fe54a3aec94adfe5.jpg,Open Images V7,train,kate fisher,CC BY 2.0,https://www.flickr.com/photos/fisherkate/1355803890
oi_fe5ca91f2513ad11.jpg,Open Images V7,train,Dirk Vorderstraße,CC BY 2.0,https://www.flickr.com/photos/dirkvorderstrasse/10572373446/
oi_fe650d25bc25462a.jpg,Open Images V7,train,Freddy Rhoads,CC BY 2.0,https://www.flickr.com/photos/freddyrhoads/7453581726
oi_fe6a6c8985aca9b7.jpg,Open Images V7,train,massmatt,CC BY 2.0,https://www.flickr.com/photos/momentsnotice/9697792514
oi_fe73c6dd5532bf7b.jpg,Open Images V7,train,Florian Maldoner,CC BY 2.0,https://www.flickr.com/photos/73241761@N03/7088573275
oi_fe7a4463e5922a93.jpg,Open Images V7,train,Marcela Hernandez,CC BY 2.0,https://www.flickr.com/photos/marcehdz/17534489765
oi_fe82b4d028cce1e0.jpg,Open Images V7,train,Peter Halling Hilborg,CC BY 2.0,https://www.flickr.com/photos/philborg/8563573433
oi_fe86b64dbd9ca25b.jpg,Open Images V7,val,Ed Bierman,CC BY 2.0,https://www.flickr.com/photos/edbierman/15171004915
oi_fe988f65720b6991.jpg,Open Images V7,val,Tom Purves,CC BY 2.0,https://www.flickr.com/photos/thomaspurves/470548251
oi_fea40d4918afb311.jpg,Open Images V7,train,whyyan,CC BY 2.0,https://www.flickr.com/photos/whyyan/8058857062
oi_feaa79010da1a22b.jpg,Open Images V7,test,Rasmus Bøgeskov Larsen,CC BY 2.0,https://www.flickr.com/photos/54899851@N00/378291156/in/photostream/
oi_feaaf76ff32e100f.jpg,Open Images V7,train,Dimitris Siskopoulos,CC BY 2.0,https://www.flickr.com/photos/dimsis/18883254563
oi_fed987671d192c99.jpg,Open Images V7,val,Charles Barilleaux,CC BY 2.0,https://www.flickr.com/photos/bontempscharly/6849033250
oi_fedef317dd404db1.jpg,Open Images V7,train,Alan Light,CC BY 2.0,https://www.flickr.com/photos/alan-light/3418569127
oi_ff0488187616a4e5.jpg,Open Images V7,train,allegro Takahi,CC BY 2.0,https://www.flickr.com/photos/60568024@N00/39245667
oi_ff055f7b3f91e75e.jpg,Open Images V7,train,Mike Baird,CC BY 2.0,https://www.flickr.com/photos/mikebaird/9647903423
oi_ff05ea7cd95c0626.jpg,Open Images V7,train,Rob White,CC BY 2.0,https://www.flickr.com/photos/54412308@N03/5054237617
oi_ff352a80f00b33a7.jpg,Open Images V7,val,Derek Keats,CC BY 2.0,https://www.flickr.com/photos/dkeats/5755669920
oi_ff381af27ffaa972.jpg,Open Images V7,train,Elizabeth Krumbach Joseph,CC BY 2.0,https://www.flickr.com/photos/pleia2/8589949251
oi_ff3c7118f0709984.jpg,Open Images V7,val,macle,CC BY 2.0,https://www.flickr.com/photos/macle/3323372300
oi_ff4b86e02fbacebf.jpg,Open Images V7,train,FWC Fish and Wildlife Research Institute,CC BY 2.0,https://www.flickr.com/photos/myfwc/11670084645
oi_ff4ec180a7d57687.jpg,Open Images V7,train,Kate Brady,CC BY 2.0,https://www.flickr.com/photos/cliche/3550371853
oi_ff53914fa55c3574.jpg,Open Images V7,train,United Nations Climate Change,CC BY 2.0,https://www.flickr.com/photos/45289935@N08/4195635892
oi_ff70fa6efe57d583.jpg,Open Images V7,test,Jürgen Schiller García,CC BY 2.0,https://www.flickr.com/photos/schillergarcia/173878200
oi_ff825b3ec928eac9.jpg,Open Images V7,train,Glen MacLarty,CC BY 2.0,https://www.flickr.com/photos/glenmaclarty/2513687722
oi_ff9b4fb53fb95eba.jpg,Open Images V7,val,mountainamoeba,CC BY 2.0,https://www.flickr.com/photos/mountainamoeba/3268888621
oi_ff9d05db4058ef53.jpg,Open Images V7,train,Kenneth Lu,CC BY 2.0,https://www.flickr.com/photos/toasty/10005608875
oi_ffacac76d546d537.jpg,Open Images V7,val,Daniella Vereeken,CC BY 2.0,https://www.flickr.com/photos/betta-online/1561669699
oi_ffc296e3831069a9.jpg,Open Images V7,train,Elias Levy,CC BY 2.0,https://www.flickr.com/photos/elevy/18997563008
oi_ffcc784133aa84fe.jpg,Open Images V7,train,Office of Response and Restoration,CC BY 2.0,https://www.flickr.com/photos/noaa_response_restoration/14204898398
oi_fff512bd922f16b6.jpg,Open Images V7,val,Whit Andrews,CC BY 2.0,https://www.flickr.com/photos/whita/4904741071
oi_fff6a9d097ed2296.jpg,Open Images V7,test,Andrew Rusk,CC BY 2.0,https://www.flickr.com/photos/andrewrusk/6638432463
